contract_id,customer_id,date_id,contract_value_inr,renewed_flag
1,4352,272,1704117.71,0
2,378,202,921623.7,1
3,3176,279,5193022.99,0
4,1158,234,2125266.28,1
5,3991,281,4187415.48,1
6,4901,152,1618253.72,1
7,2480,241,1070850.18,0
8,1029,168,6363351.88,1
9,2611,141,2144760.03,1
10,619,185,7929190.25,0
11,4705,269,2038931.46,1
12,178,31,1484838.62,1
13,3970,217,2532285.13,1
14,3737,228,1916930.94,1
15,4407,287,6996638.97,1
16,3899,37,3587189.51,0
17,3370,7,1957612.74,1
18,1015,273,4116865.51,1
19,1877,226,3032083.3,1
20,2792,183,1308527.56,1
21,4626,82,6180628.71,0
22,2984,296,3528326.93,1
23,1260,181,2877450.81,1
24,1739,60,4858942.33,1
25,1589,182,1492560.23,1
26,3407,36,2221276.01,0
27,1133,231,1434931.07,1
28,4971,213,3893081.42,0
29,3573,184,2370841.11,1
30,1123,91,2147266.25,0
31,2934,47,2204065.45,1
32,1347,295,3785520.68,1
33,2870,68,3209001.12,1
34,2485,93,3230689.74,0
35,3508,36,2867147.81,1
36,1056,210,2648111.71,1
37,4142,196,812531.58,1
38,3885,148,4057387.31,1
39,1305,127,5011393.01,1
40,4133,224,964309.98,1
41,3814,231,5757514.45,0
42,1612,258,4720147.44,1
43,2607,227,3227678.66,1
44,10,12,2396145.8,1
45,4456,216,2416513.82,1
46,3433,35,3158404.22,0
47,200,77,4273725.3,1
48,3789,297,1649239.0,0
49,1173,257,1433315.1,0
50,2539,26,2308855.91,1
51,899,125,2516857.5,1
52,68,197,7336661.3,1
53,280,190,1942996.53,1
54,120,248,2751299.76,1
55,3343,181,1112035.16,1
56,4670,273,1996538.25,0
57,3952,281,3245833.73,0
58,4760,201,3587026.21,1
59,2630,241,2994422.55,1
60,1738,232,2697884.47,1
61,4170,153,2928191.94,1
62,1066,185,2375911.83,1
63,3193,236,1472464.48,1
64,697,277,1898964.1,1
65,3227,85,3021610.69,1
66,1275,143,1593029.68,1
67,1165,188,1548111.54,1
68,3796,144,3239780.68,1
69,4828,169,2735577.14,1
70,3387,188,2014976.03,0
71,2471,216,2733103.98,1
72,3611,65,2307011.34,0
73,4815,173,1691891.89,0
74,3999,292,4027605.63,0
75,2016,201,1583912.95,1
76,2736,34,2475892.87,1
77,2254,152,1123679.82,1
78,2568,7,3069633.78,1
79,3540,285,1423742.86,1
80,1085,31,6487654.46,1
81,4017,209,5352546.24,1
82,2543,179,2700021.85,0
83,1172,294,4034233.36,1
84,4519,44,1217030.23,1
85,4972,5,2982812.43,1
86,2676,78,2327710.14,1
87,196,230,2482635.18,0
88,2926,290,1493828.96,1
89,251,91,3645317.41,1
90,4329,210,2469720.9,1
91,574,198,5041420.42,1
92,3747,266,1737842.65,0
93,2820,188,3111852.01,1
94,3541,133,3045673.23,0
95,3184,79,754280.33,0
96,1629,52,1888699.28,1
97,4499,293,2388478.37,1
98,3982,100,2850354.37,0
99,2246,131,1420108.6,1
100,4314,135,2718627.8,1
101,3920,225,1329229.69,1
102,1756,142,1865628.45,1
103,3066,159,5835916.12,0
104,943,8,2030736.39,1
105,2071,93,5834480.75,0
106,1953,58,4461049.09,1
107,2869,197,1455226.52,1
108,1649,243,1238929.65,1
109,1074,240,3214648.41,1
110,1856,227,3155446.48,0
111,3818,206,3149565.2,0
112,177,77,2769622.34,0
113,2710,204,2452395.56,1
114,2803,116,2329412.08,1
115,4119,135,2872452.03,1
116,1055,206,5170760.42,1
117,1836,247,5721257.91,0
118,192,79,2355714.61,1
119,955,97,2441065.59,1
120,3683,73,2876623.65,1
121,2422,113,1359533.1,1
122,3650,243,3767508.06,1
123,2458,67,1142614.33,1
124,3608,112,4843500.16,0
125,1595,230,736547.11,0
126,2921,195,1969129.45,0
127,3022,263,3922842.4,0
128,3284,282,5515635.0,1
129,1499,184,2270315.0,0
130,1577,273,3096899.28,1
131,2964,152,4691052.49,1
132,4512,107,3986783.42,1
133,2663,167,2286692.52,0
134,2196,267,470351.14,0
135,109,158,2526889.14,1
136,442,166,2249962.47,0
137,3335,168,1352240.26,1
138,738,126,2952506.07,1
139,2050,238,2171154.44,0
140,493,79,1273296.32,0
141,4012,15,3365901.23,0
142,1205,271,2571127.02,1
143,3628,42,2823631.4,1
144,2392,160,3150574.69,1
145,3954,253,1834181.58,1
146,2360,73,1345776.38,1
147,1317,149,2325363.55,1
148,4817,81,1955975.02,1
149,3734,140,2093530.96,0
150,3222,209,2872756.52,1
151,3293,59,2031295.41,1
152,4366,286,2709157.31,0
153,4601,108,2142247.95,1
154,802,246,2338790.98,1
155,3260,236,2848013.81,1
156,4576,222,4415987.79,1
157,563,231,6526513.27,1
158,4257,113,4126462.84,1
159,2695,48,3005260.26,0
160,389,303,1715534.24,1
161,3201,28,3294481.88,1
162,1586,45,2206013.07,1
163,4602,8,8318861.72,0
164,4502,32,2519521.38,1
165,1409,118,2477391.19,1
166,4147,153,6766801.32,1
167,1806,133,2688879.6,0
168,1027,56,2812541.46,1
169,4118,77,1963291.23,1
170,2368,42,2823677.88,0
171,3049,53,2336028.14,1
172,1375,150,1797434.43,1
173,2229,279,1309422.65,0
174,4128,195,2815903.76,1
175,3611,146,1121517.33,1
176,4924,104,1049730.71,1
177,150,42,1872019.15,1
178,4035,235,2049045.48,0
179,1932,275,2677828.82,1
180,3645,59,1412897.07,0
181,2075,106,2220355.8,1
182,841,133,950061.75,0
183,426,26,4314629.79,1
184,4970,162,3327179.95,1
185,4825,256,1684562.99,1
186,1635,291,2664685.95,1
187,4893,44,2317654.71,0
188,3946,153,1396808.34,1
189,2994,105,1449513.58,1
190,2590,132,2908794.51,0
191,1671,288,1295422.8,1
192,4174,127,4723211.72,1
193,3248,121,3274842.57,1
194,4521,138,2548663.99,1
195,4636,144,4030448.41,1
196,4577,41,1575188.47,1
197,4369,197,3389806.78,1
198,3201,64,885178.43,1
199,1615,294,2473214.38,1
200,2237,252,2289169.26,1
201,3558,229,2100432.02,1
202,2744,219,2090281.5,1
203,770,135,3202496.19,1
204,3727,142,2622437.06,0
205,3365,172,1215411.48,0
206,1333,296,1897912.17,1
207,1182,157,4156636.02,1
208,3634,151,4425814.89,0
209,4055,227,2424982.96,1
210,4843,255,1197383.13,1
211,3487,246,6201294.66,1
212,3687,12,1444245.41,1
213,57,33,8560676.53,0
214,2482,260,3893447.42,1
215,2808,60,2135077.11,1
216,516,85,1880470.92,1
217,2263,275,3787502.57,1
218,337,40,2815639.53,1
219,4694,254,2107262.58,1
220,677,133,4023587.35,1
221,2743,217,10382751.27,1
222,3695,188,3007642.98,1
223,560,13,1101573.75,1
224,1848,285,2796576.62,0
225,3968,112,4180887.49,1
226,2571,144,2036799.08,1
227,4390,297,11392756.01,1
228,594,189,1048465.6,1
229,2773,69,1629006.9,1
230,3209,271,2040960.84,1
231,4378,23,1439482.8,1
232,2567,247,2628345.06,1
233,1556,201,2807293.56,1
234,1096,173,3043421.59,1
235,1461,198,1510751.77,1
236,902,49,2033120.35,1
237,4427,156,1815784.97,1
238,1053,235,1206028.02,1
239,2088,103,1337551.73,1
240,579,26,3189889.34,1
241,4971,72,3132873.84,0
242,2135,221,1750572.74,0
243,4678,167,3550825.31,1
244,2569,303,2625830.21,1
245,2684,263,1767707.81,1
246,4069,297,3172030.73,0
247,3923,99,3992661.7,1
248,4520,200,3839271.76,0
249,3999,56,3905498.34,1
250,4491,65,1426337.56,1
251,1782,110,4880214.42,0
252,105,148,6677696.14,1
253,2308,196,3664007.16,1
254,842,99,2796755.43,1
255,4516,300,4428070.64,1
256,3683,104,985535.82,1
257,2541,123,890758.11,1
258,3007,269,1350249.31,0
259,1505,174,1727987.04,1
260,3911,209,2741887.17,1
261,640,131,3772449.79,0
262,3801,187,3797524.46,1
263,2133,173,3141700.73,1
264,2229,53,2734534.69,1
265,2250,19,4139607.04,0
266,4792,209,3516076.79,1
267,2468,115,2626582.7,1
268,121,246,2040044.41,1
269,3771,147,1308864.44,1
270,4659,159,2511880.07,0
271,4889,270,7238318.05,1
272,1368,43,9248740.06,1
273,1947,16,1461019.28,1
274,1337,112,2909087.2,1
275,4050,288,3755521.53,1
276,3227,64,1293411.98,1
277,3150,223,5908808.51,1
278,4931,281,7058281.76,1
279,4250,162,4316492.61,1
280,680,66,5140647.65,1
281,2129,57,1554263.86,1
282,4614,194,1685790.75,1
283,2324,226,2112766.58,1
284,1783,249,1654572.4,1
285,1510,72,7087704.11,1
286,3473,221,1685248.94,1
287,3502,225,2859254.92,1
288,2259,180,2232061.0,1
289,1400,6,1002883.23,1
290,189,223,3865797.28,1
291,2047,114,3098493.39,0
292,1775,275,2129777.16,1
293,2579,228,1772395.22,0
294,27,259,4971076.85,1
295,4106,115,9587153.37,1
296,1273,156,1677904.38,1
297,3244,245,1598380.99,1
298,2476,264,2953949.0,0
299,2685,50,2506863.18,0
300,4494,268,1873002.85,0
301,386,279,3955043.83,0
302,1694,89,3064097.22,1
303,343,184,1652973.59,0
304,3923,35,2880285.77,1
305,1790,232,3384505.33,0
306,2248,213,7510753.18,1
307,122,248,3273065.54,1
308,3013,24,1305717.76,0
309,1126,267,1273025.79,0
310,307,70,5575349.7,1
311,4755,33,1222578.95,1
312,2586,138,6037387.61,1
313,1083,263,1643272.39,0
314,1743,51,1542293.44,1
315,3998,251,3681631.02,1
316,2370,269,1451583.78,0
317,3295,146,4190374.75,0
318,1474,241,3512618.18,1
319,628,186,5782276.64,1
320,42,128,3887255.74,1
321,1021,200,2832639.33,1
322,4618,14,3162699.54,1
323,150,117,2828608.74,1
324,82,115,1695824.41,1
325,152,137,3653695.29,0
326,3670,173,4998965.98,0
327,4437,116,2344445.18,1
328,2244,172,1807769.1,1
329,4899,88,3075451.9,0
330,1784,170,1016870.98,0
331,4645,206,3823072.94,1
332,2484,48,2153578.6,0
333,1775,186,14737516.02,1
334,4410,283,4696900.12,1
335,369,85,2395493.49,1
336,570,72,1476185.66,1
337,3821,298,1483917.66,0
338,4594,193,1729785.02,1
339,1426,23,2182685.97,1
340,3059,133,3975316.03,1
341,973,270,1708010.35,0
342,826,274,1817953.76,0
343,2297,79,964650.59,1
344,4744,187,1806483.72,1
345,404,116,3576318.38,0
346,4495,248,1749481.16,1
347,124,146,1168911.62,1
348,4986,152,5457831.21,1
349,2521,45,1840204.76,1
350,4040,20,1683181.56,1
351,3145,236,1545364.8,1
352,4218,136,4844613.91,1
353,3051,188,505938.74,1
354,777,95,1982223.24,1
355,127,2,1978725.81,1
356,4159,97,3576532.51,1
357,436,153,3304360.77,1
358,3622,107,2408975.26,1
359,929,35,1978239.35,1
360,3304,163,3606771.89,1
361,1670,14,2040477.28,1
362,4418,31,1853489.47,1
363,3643,267,3487633.57,0
364,2387,247,1236517.18,1
365,126,135,2746333.44,0
366,1552,40,2554908.12,1
367,937,275,1319167.36,1
368,3721,282,1855735.2,0
369,3721,15,4417974.7,1
370,2121,74,2995100.55,1
371,1945,102,2386077.45,1
372,2874,304,4709692.58,1
373,2273,233,2152015.48,0
374,2393,50,1925493.27,1
375,516,194,4051114.85,0
376,4364,220,2264753.17,0
377,1486,192,1885531.48,1
378,1999,181,3021708.3,1
379,1698,39,4109646.87,1
380,4787,295,3795964.72,0
381,4790,293,3060797.01,0
382,4566,175,1618061.1,0
383,2779,215,4899157.31,0
384,1655,223,2578122.43,0
385,665,201,2718057.86,1
386,2763,192,1996059.1,1
387,3744,155,1721342.59,1
388,3392,79,995328.76,0
389,4645,214,3933079.07,1
390,4849,67,2505750.31,0
391,180,43,5402000.43,1
392,2067,2,1215972.76,1
393,2614,213,3555252.1,1
394,2968,15,1785146.77,1
395,2023,99,947721.85,1
396,3307,42,2133479.75,0
397,3108,49,2598040.06,0
398,2641,154,2428944.51,1
399,537,142,6554204.49,1
400,1393,81,2048000.32,1
401,759,281,967247.76,1
402,1745,20,1264228.78,1
403,2766,300,2706520.05,0
404,1873,79,2040274.48,0
405,2436,229,4671262.21,1
406,1443,199,860706.58,0
407,3494,21,2680910.37,1
408,2534,239,1114707.4,1
409,3595,34,4789423.32,1
410,309,226,5522380.47,1
411,4113,300,1294392.28,1
412,3901,97,2171676.25,0
413,3753,210,2600867.65,1
414,13,132,2857472.94,1
415,4731,185,7934397.0,1
416,3221,82,2936946.11,1
417,2992,160,1963360.37,1
418,330,15,1487963.32,1
419,3858,288,2066143.07,0
420,4781,2,1718435.38,1
421,4571,189,4516138.77,1
422,2926,270,2343899.31,1
423,2384,42,905843.61,0
424,2100,237,2713442.42,1
425,593,162,1790280.2,1
426,1879,12,4361400.65,1
427,4195,85,1406134.77,1
428,4682,25,5739254.91,1
429,592,194,2498174.39,1
430,928,118,1333929.04,0
431,1669,233,1509744.13,1
432,2329,43,4706231.76,1
433,3919,81,2552455.3,1
434,2881,128,4519281.41,1
435,1051,81,1399283.39,1
436,671,5,1706106.08,1
437,1067,187,2776568.12,0
438,942,186,2657664.42,1
439,4140,250,1918529.08,1
440,548,112,1163856.38,1
441,1702,245,1872798.63,1
442,4266,252,2623976.91,1
443,2549,27,1297902.57,1
444,222,98,1628644.53,0
445,1311,216,2510193.7,1
446,961,85,1333432.72,0
447,1826,251,5242714.32,1
448,2531,109,1916170.49,0
449,3913,173,2934184.49,1
450,4724,133,1187823.5,1
451,4308,30,479187.69,1
452,2503,94,2207009.27,1
453,2347,46,1654928.97,1
454,1907,120,2566025.76,1
455,2504,221,3731212.74,1
456,680,298,3329515.67,0
457,3407,68,2325773.12,1
458,604,94,4339494.75,1
459,1417,218,1443208.98,1
460,4086,189,2791774.78,1
461,3784,115,2824834.93,1
462,1827,239,3426041.27,0
463,4729,126,1363567.07,1
464,2397,129,1643911.76,1
465,857,145,1850662.92,1
466,4696,183,3533682.83,0
467,1835,174,3860873.39,1
468,1980,171,2299542.6,0
469,664,24,2834807.75,1
470,1109,102,1148924.95,1
471,549,183,985760.35,1
472,2463,289,3447210.14,0
473,2947,195,7476977.91,0
474,2660,149,1341482.76,0
475,1399,6,3432570.65,0
476,31,10,5799373.41,1
477,1306,116,3989944.0,0
478,4796,100,3257495.57,1
479,1972,249,2854806.23,0
480,1174,99,2589021.36,1
481,3456,67,1419098.3,0
482,2401,235,2304472.66,0
483,1474,284,5537855.73,0
484,1440,182,2508050.9,1
485,2655,133,2651740.83,1
486,4973,245,5639868.68,1
487,4034,164,1408500.98,1
488,2718,181,1229936.91,1
489,358,24,1182271.0,1
490,3432,237,4526762.31,1
491,912,188,2514734.99,1
492,4336,68,3502637.58,1
493,2641,147,974803.35,1
494,703,153,6856293.05,1
495,1372,164,5866058.24,1
496,2090,80,6940325.14,1
497,4704,290,929302.37,1
498,3171,243,2279613.45,1
499,354,14,1340584.55,0
500,2540,135,6096828.48,0
501,1645,161,1684555.95,1
502,3971,132,1205089.8,1
503,27,12,1966064.71,0
504,4484,290,4952586.26,1
505,28,115,2954466.93,0
506,2742,69,6252916.62,0
507,340,150,5587643.18,0
508,1920,123,1569246.28,1
509,2047,292,873737.82,0
510,3023,112,1484116.55,1
511,1668,147,2205588.94,1
512,4552,259,2998468.02,1
513,2116,229,2514224.5,1
514,4458,49,1507092.93,0
515,1829,5,2062079.97,1
516,3368,78,2398688.47,1
517,376,195,1029604.92,1
518,1712,303,3152315.51,1
519,3030,165,3290961.34,1
520,1722,174,1829764.54,1
521,1642,242,2395671.28,0
522,2333,170,3187043.42,1
523,2681,112,3762824.93,1
524,2294,277,2266490.19,1
525,4006,217,1938477.82,1
526,2858,205,1967507.2,1
527,4554,7,1933444.96,1
528,1023,70,827846.9,1
529,4366,223,2551099.17,0
530,1655,24,2457448.11,1
531,1831,118,3399668.12,1
532,4026,99,1394019.31,0
533,883,224,2642253.44,1
534,4497,7,1675119.0,1
535,2798,155,4643224.05,1
536,2938,279,4194832.88,0
537,4361,18,2563062.24,0
538,2796,21,1329003.09,1
539,4029,151,1066399.43,1
540,1328,154,1240518.6,1
541,2283,196,1535815.54,1
542,1118,172,933345.53,1
543,3875,70,1230596.18,1
544,4519,9,1919712.8,1
545,928,116,1702828.17,0
546,4649,24,3999244.86,1
547,128,150,2652454.4,1
548,3963,81,367149.88,0
549,4568,17,1274492.26,1
550,3983,79,861191.12,0
551,4748,4,2211818.92,1
552,4409,303,2157371.06,1
553,3632,230,625171.59,0
554,925,23,6671003.87,1
555,1687,216,3139151.55,1
556,970,43,1823588.37,1
557,420,93,2011348.27,1
558,2370,216,7426102.67,1
559,175,187,1753706.61,0
560,881,182,1508316.33,1
561,122,133,2435801.76,0
562,3870,266,2234926.17,0
563,1468,202,1680125.12,1
564,4169,225,2711927.71,1
565,1348,58,3024702.2,1
566,2951,260,2286900.21,0
567,1291,267,2104002.68,1
568,2900,158,1646688.01,1
569,4429,40,2208416.32,1
570,1907,17,1768487.49,1
571,868,303,5176407.55,0
572,1306,158,1456391.16,1
573,591,293,4063038.09,1
574,3629,13,3179681.48,1
575,2024,134,2609364.24,1
576,2400,46,2624880.97,1
577,3899,97,8456093.24,1
578,2825,300,2660432.06,1
579,2362,162,3298051.65,1
580,666,265,3708893.54,1
581,3330,229,1173120.26,1
582,1951,154,3352964.56,0
583,3263,200,2565557.23,1
584,172,195,1998800.3,0
585,764,168,4776033.69,1
586,4550,94,2199148.0,1
587,3706,111,764157.1,1
588,3033,166,3789958.33,1
589,603,130,2678194.45,0
590,2858,233,2185347.49,1
591,3564,14,5710699.74,1
592,3926,141,3805516.79,1
593,4618,142,2607998.76,1
594,4263,89,3452730.91,1
595,579,248,4057896.51,1
596,1719,291,1432211.94,1
597,633,285,3488332.14,0
598,771,279,4463830.15,1
599,4941,286,5873426.11,1
600,2075,287,1984965.27,0
601,4858,102,1848853.67,1
602,4883,34,2736870.92,1
603,2435,263,1926661.5,1
604,2907,33,2290377.08,1
605,752,276,2943295.3,1
606,1071,106,1822219.64,1
607,3192,302,4640961.62,1
608,4338,104,1893526.87,1
609,2634,275,3470474.42,1
610,1015,198,3270911.68,1
611,1945,241,1014020.98,1
612,2972,289,3163657.95,1
613,3655,95,2628384.03,1
614,492,144,1922611.29,0
615,1195,296,4161019.31,1
616,927,151,2473527.68,1
617,3891,207,3493854.65,1
618,1387,79,1968535.51,1
619,3249,159,926267.44,1
620,644,77,1885546.66,1
621,582,149,3071469.15,1
622,566,252,3319848.66,1
623,2137,182,1600962.05,1
624,102,205,3357453.37,1
625,2590,95,2169057.65,1
626,1348,68,1806079.43,1
627,2392,129,3908748.97,0
628,3078,300,2893851.05,1
629,2343,295,1656004.43,1
630,3967,2,5657209.17,1
631,3955,59,1963716.72,0
632,3058,87,2497787.46,1
633,2705,3,3831925.9,1
634,2857,112,2173824.38,1
635,1122,49,972044.45,1
636,2492,68,1349077.31,0
637,2931,270,1031927.33,0
638,4663,74,1436429.42,1
639,1459,147,3365554.8,1
640,3507,91,3675375.84,1
641,977,31,5299701.22,1
642,471,107,7769423.58,1
643,4974,148,4502617.99,1
644,1277,11,3324282.42,1
645,3165,35,2498461.13,1
646,1297,180,1527132.13,1
647,1655,19,4680603.48,0
648,3839,170,4074545.72,1
649,1357,107,1408558.92,1
650,327,70,1374160.61,1
651,2072,258,2366795.77,1
652,3835,134,2693551.82,1
653,3867,104,684507.6,1
654,2982,279,5044700.19,1
655,3816,278,1983100.08,1
656,4019,84,1868324.23,1
657,2816,8,2312714.46,0
658,2281,152,1564552.68,1
659,4104,85,2473923.31,1
660,3418,159,1247245.69,1
661,2642,130,1871707.1,1
662,541,185,2649759.97,1
663,3984,303,2401338.86,0
664,240,91,2148229.99,0
665,4009,256,4806816.74,0
666,2801,57,7890820.5,1
667,2814,267,4610982.0,1
668,4785,124,4329028.64,0
669,916,97,1869369.2,1
670,2134,125,1541197.78,0
671,3675,136,1252605.51,1
672,4522,116,1974255.17,1
673,4170,75,4097730.44,1
674,3448,126,1530135.65,0
675,2658,302,3498123.05,1
676,4538,27,853702.15,1
677,3541,8,4135101.98,1
678,2777,227,2869458.55,0
679,2445,175,3847314.89,1
680,1649,294,1532379.05,1
681,33,250,905149.79,1
682,3586,207,3193787.09,1
683,3906,111,1764335.91,1
684,265,124,2189896.54,0
685,2259,74,1071344.47,0
686,1659,12,3504564.39,1
687,4821,276,7359431.41,1
688,4108,92,5026435.85,0
689,143,157,3474620.16,1
690,2050,149,2163859.32,1
691,4344,100,2862693.04,1
692,3269,55,2345574.84,1
693,684,32,1531484.7,1
694,2140,61,1272370.36,1
695,402,145,1664631.3,1
696,1208,227,4750774.03,1
697,2028,74,1775930.93,0
698,4368,18,2696969.91,0
699,908,287,3494111.31,0
700,2624,180,2958822.82,0
701,3278,219,3997355.39,0
702,3860,279,3738930.47,1
703,3032,166,1562955.4,1
704,654,202,892757.09,0
705,4183,220,4966443.6,0
706,4735,283,3030420.96,0
707,4251,78,4093006.3,0
708,931,148,3927542.57,0
709,1462,227,3358988.75,1
710,293,278,3984620.05,1
711,3864,147,2258239.69,0
712,1071,37,2880730.45,0
713,4704,236,3130540.61,1
714,3125,300,2347133.41,1
715,1603,292,3116541.4,1
716,2289,235,1635051.28,1
717,1791,156,1968442.84,0
718,465,258,1666821.04,1
719,765,71,3124071.39,1
720,2675,172,1225295.09,0
721,4980,125,4477357.75,1
722,876,77,2597378.85,1
723,4769,207,2919555.82,1
724,819,213,1567969.05,0
725,3545,83,3816264.79,1
726,4610,4,1799683.96,1
727,119,40,1469016.91,1
728,1459,239,1256557.99,1
729,2565,295,2311270.16,1
730,2702,75,1199615.73,1
731,4364,171,3886180.68,0
732,1607,240,3728461.7,1
733,445,177,2137333.65,1
734,3262,302,5324298.23,1
735,2102,14,2314406.9,0
736,1008,63,3490467.18,1
737,465,100,12756528.36,0
738,1652,196,2587653.83,1
739,4479,114,1633563.34,0
740,217,230,4320271.19,0
741,3174,234,5087178.36,1
742,1284,150,4369314.13,1
743,3101,79,948114.54,1
744,4364,230,750812.05,1
745,1584,61,2894976.21,1
746,2015,120,2994779.17,1
747,2039,85,2483690.8,1
748,3550,299,1223381.0,1
749,3785,31,5331020.3,1
750,1988,29,436184.61,1
751,445,295,2031417.05,1
752,2719,171,2007896.49,1
753,3487,102,1864775.1,1
754,2310,75,2811803.61,1
755,2485,159,859219.76,0
756,3340,167,1676002.39,1
757,2086,82,2511262.04,1
758,3584,145,4051567.44,1
759,3168,43,6176461.23,1
760,501,272,5228263.75,1
761,88,130,1374927.02,1
762,4854,47,2160489.31,1
763,2657,67,3823312.48,1
764,3903,89,4214345.54,1
765,2838,10,1504133.36,1
766,1303,56,1462085.52,1
767,560,297,767223.79,1
768,4249,224,6132153.08,1
769,586,158,2122066.62,1
770,2011,94,3241583.44,1
771,1925,232,1840757.73,1
772,867,304,5099237.74,1
773,4611,237,3505792.11,0
774,2625,144,4154212.15,1
775,3049,39,792603.47,1
776,1899,196,5249441.41,0
777,2796,78,1597232.49,1
778,4420,98,1799081.16,1
779,4870,169,1720006.74,0
780,1475,160,568967.43,0
781,2695,260,7138144.16,1
782,1815,202,4712724.74,1
783,131,38,1019067.92,0
784,3341,193,6773033.46,1
785,4184,256,5903311.33,0
786,2330,106,2017859.93,1
787,4784,144,3165585.24,1
788,3762,87,1187122.75,1
789,4853,203,2062130.67,1
790,151,139,1741180.25,1
791,1057,172,3927643.24,1
792,1388,110,5095379.46,1
793,2717,236,3124087.28,1
794,4665,293,2173704.74,1
795,2032,249,2497773.05,1
796,1141,276,2618376.17,1
797,2206,67,1076739.43,1
798,2309,23,2374171.04,1
799,1606,103,1828383.27,1
800,3567,109,3346075.93,1
801,139,99,1980854.26,1
802,1536,139,4510574.28,0
803,1006,22,1494578.9,1
804,356,172,4023926.44,1
805,441,179,3015142.39,0
806,4289,111,2162310.94,1
807,2430,223,1483838.54,1
808,4876,118,2044055.93,0
809,914,219,810187.1,1
810,4735,30,3216696.33,1
811,2508,217,791808.86,1
812,544,148,1791462.96,1
813,1001,162,2615379.32,1
814,2433,190,5838298.8,0
815,3409,91,4907911.83,1
816,4116,203,1193662.94,1
817,4596,193,2766804.34,0
818,4451,184,1673875.03,1
819,2917,51,2800583.33,0
820,143,204,2038718.45,1
821,520,143,1725532.0,1
822,4974,147,4751663.01,1
823,789,236,2805105.46,1
824,469,30,2791512.01,1
825,4091,82,1440245.52,1
826,2754,33,1985317.1,1
827,2081,274,7085069.77,1
828,2234,266,4397848.08,1
829,3408,118,1883954.55,1
830,4978,71,2271229.01,1
831,3384,252,1789669.06,0
832,2849,142,2611995.31,1
833,1066,286,4431722.75,0
834,1698,228,2066131.57,1
835,1463,64,949392.85,1
836,3661,163,2865888.97,1
837,3599,172,793444.48,0
838,190,118,3121095.12,0
839,60,292,2912034.5,0
840,4746,219,1708321.15,0
841,2449,201,5566346.25,1
842,4619,247,1196876.19,1
843,674,147,1299465.57,1
844,1855,217,4982366.75,1
845,2557,223,1323576.57,1
846,977,119,3327344.16,1
847,2441,270,2524174.32,1
848,1286,133,3629706.54,0
849,2769,64,2640694.93,0
850,2127,53,3912588.14,1
851,1765,45,2797433.62,0
852,3728,283,1705011.38,0
853,1147,55,1989237.96,0
854,1428,19,868308.97,0
855,2351,168,1797883.89,0
856,1409,84,2477571.34,0
857,2331,280,2726230.79,1
858,867,199,4173632.91,1
859,2335,93,2473221.43,1
860,2464,214,1639753.42,1
861,2669,303,6336191.38,1
862,2634,192,4357846.09,1
863,2418,147,1023932.25,1
864,1876,32,2688413.65,1
865,1708,157,1166821.28,0
866,2643,28,2042134.71,1
867,1432,244,2296891.07,1
868,1636,214,2106760.37,1
869,3671,36,2361780.6,1
870,3866,284,3141067.48,1
871,2717,78,8408292.08,1
872,3829,153,1039469.04,1
873,549,212,2334989.55,1
874,4331,160,2254531.29,1
875,1034,146,1759355.15,1
876,2107,143,1762076.58,1
877,2336,167,2611933.39,1
878,1952,297,1648918.18,0
879,160,240,2087812.11,0
880,3810,158,4028876.26,0
881,630,79,2403225.35,1
882,4397,269,6041846.47,0
883,680,20,1626683.86,0
884,3164,222,3307408.08,1
885,4342,116,2247047.92,1
886,3328,262,1561004.99,1
887,1908,278,3028074.29,1
888,3151,2,6178848.17,1
889,4308,126,6230952.23,1
890,3102,31,2202250.26,1
891,1831,193,2513537.01,1
892,1226,151,2246650.47,1
893,3536,25,1821873.51,1
894,889,184,3260062.9,0
895,2611,63,2127354.47,1
896,746,244,2692989.29,1
897,1145,22,2215885.12,1
898,4421,88,8882556.1,1
899,4512,243,1862191.67,1
900,4105,12,1566264.91,1
901,4380,259,3873816.1,1
902,3830,156,2122893.91,1
903,3742,64,2043241.84,1
904,3933,265,4901935.42,0
905,3320,16,5712355.55,1
906,3870,270,4660980.9,1
907,2216,244,7194477.0,0
908,3593,209,963842.74,1
909,666,24,840813.19,1
910,1983,45,2465265.82,0
911,2103,81,9770363.47,0
912,2891,66,3696005.36,1
913,3628,223,4004055.67,0
914,4943,164,1130807.06,0
915,2399,181,2113222.79,1
916,4047,194,3280289.0,1
917,4914,286,1837225.78,1
918,1272,28,1970202.26,0
919,3148,252,886315.88,1
920,621,300,4227962.56,1
921,807,151,969334.91,0
922,2577,53,4324748.87,1
923,392,64,1336141.48,0
924,2692,246,2137455.12,1
925,1075,135,2038925.76,0
926,3431,141,2109630.6,1
927,2704,37,1939544.47,1
928,3994,198,2405680.92,1
929,4835,56,1720952.04,1
930,4175,238,2729750.01,1
931,4941,158,2283011.9,1
932,2603,101,4050664.22,1
933,3818,164,2234573.85,1
934,4702,119,1371024.81,1
935,1212,237,4158808.41,1
936,4206,136,2871189.81,1
937,4964,13,2064528.39,1
938,1680,27,5155495.13,0
939,4694,33,4830767.72,1
940,2029,211,3077365.21,1
941,3259,166,1672402.24,1
942,298,19,1592995.01,1
943,79,41,1281999.1,1
944,3940,225,2189158.68,1
945,1251,202,3019420.45,0
946,3947,151,2406711.81,1
947,2429,290,1731094.82,1
948,492,81,2675588.37,1
949,1489,43,3088518.28,0
950,962,245,2120019.28,1
951,3064,219,755221.4,1
952,521,163,4335343.0,1
953,2853,84,2356216.56,1
954,4095,127,7357003.09,1
955,4914,153,5039301.43,1
956,3423,168,1465637.22,1
957,2187,236,4871210.39,1
958,2580,56,2682056.47,1
959,148,16,4790905.19,1
960,4487,218,1846438.9,1
961,251,249,2806097.66,1
962,4882,151,2400290.57,1
963,791,83,1639711.78,1
964,4596,217,4599370.6,0
965,1256,188,4664529.12,1
966,212,137,1425610.28,1
967,3351,205,1559037.66,1
968,4787,171,1148927.94,1
969,3389,272,2538039.35,0
970,1639,298,2626150.3,1
971,4216,158,2792018.14,1
972,2947,35,857584.67,1
973,25,299,4553076.3,1
974,955,203,2980339.39,1
975,3392,293,4310423.72,1
976,316,62,2367694.84,1
977,2808,77,982281.52,0
978,1511,99,3440410.64,1
979,1284,261,2453574.84,1
980,2601,255,3712111.57,1
981,2994,293,2641282.77,0
982,2826,276,3521668.7,1
983,733,208,3511656.93,1
984,3430,173,3539239.16,0
985,103,10,1319548.37,1
986,2116,151,2540420.03,0
987,2368,162,6751408.69,0
988,2737,140,2921839.69,0
989,3188,154,8249830.91,1
990,4212,249,1424300.51,1
991,2756,208,7731509.0,0
992,3695,224,4318142.78,1
993,3949,283,1019733.38,1
994,2143,84,787763.14,1
995,1178,254,1256403.15,1
996,3420,55,4607775.39,0
997,1711,175,1187373.26,1
998,714,150,1087076.25,1
999,2944,255,712552.58,1
1000,1330,84,3475146.03,0
1001,1939,102,2787860.14,0
1002,2380,255,1825071.41,1
1003,3882,134,2384243.55,1
1004,3206,155,4084531.16,1
1005,62,171,1372249.7,1
1006,543,2,2662303.59,1
1007,3851,33,3896433.48,1
1008,4615,33,1831476.08,0
1009,4067,65,2102842.74,1
1010,891,199,3629104.85,1
1011,3504,110,2397531.8,1
1012,495,185,7373525.07,0
1013,2749,110,2526504.96,0
1014,1509,87,2539327.76,1
1015,1223,71,1751505.45,0
1016,1719,100,3208094.13,1
1017,731,126,1776457.62,1
1018,4683,140,996419.09,0
1019,4462,37,1741428.96,1
1020,4503,58,1482193.69,1
1021,4999,192,3393299.04,1
1022,4317,57,2472133.17,1
1023,825,166,2930858.46,1
1024,2345,279,2639040.46,1
1025,1911,204,1681106.94,1
1026,48,118,3599319.36,1
1027,1145,231,2293447.48,1
1028,3515,177,1602707.32,1
1029,1026,221,2563126.08,1
1030,2992,187,5309103.47,1
1031,3516,210,5779479.45,1
1032,14,94,2533513.2,0
1033,4680,248,4844994.86,1
1034,2353,19,3529692.14,1
1035,1992,90,894386.57,1
1036,69,242,4055925.39,1
1037,4204,249,4681798.1,1
1038,4467,89,1274480.27,0
1039,4373,61,2577878.19,0
1040,2914,236,2204309.54,0
1041,3441,296,2865343.76,1
1042,4153,94,3534209.71,0
1043,3896,269,2169944.91,1
1044,2467,66,1268842.08,1
1045,449,274,785076.3,0
1046,2018,123,1838166.73,1
1047,3956,219,2109243.88,1
1048,4843,189,3197890.77,1
1049,749,40,3721097.18,1
1050,4271,176,1878057.75,1
1051,3622,208,2470833.89,1
1052,1829,210,1611161.77,0
1053,4780,96,2017527.31,0
1054,245,41,2809667.15,0
1055,1423,115,2430024.7,0
1056,403,188,2172773.63,0
1057,2401,231,1636704.71,1
1058,3788,234,1495106.01,1
1059,2358,189,2522132.32,1
1060,1963,216,1958826.62,1
1061,948,144,5303793.55,0
1062,1691,51,4750951.76,1
1063,95,35,2634129.84,0
1064,2965,165,2270333.4,0
1065,3815,214,4006758.61,1
1066,3611,191,1353987.02,1
1067,4455,218,2091383.46,0
1068,2310,115,1127455.78,1
1069,1342,64,1903710.02,1
1070,2523,41,1197063.41,1
1071,3363,43,1502016.37,1
1072,3637,40,1972237.63,1
1073,3061,288,1923862.92,1
1074,837,14,2773016.79,1
1075,1623,71,1211110.13,1
1076,627,110,2988796.93,1
1077,1366,248,4637724.71,1
1078,1966,69,6792272.94,1
1079,4352,198,2076903.54,1
1080,1860,225,2550865.72,0
1081,1988,33,3171933.58,1
1082,3158,181,1065377.72,1
1083,4986,83,1501948.45,1
1084,1397,30,1199745.62,1
1085,4160,248,1632958.71,1
1086,4628,3,2844844.97,0
1087,4172,50,4017729.68,1
1088,842,60,4028368.23,1
1089,1089,233,1428227.54,1
1090,3909,185,5863518.81,0
1091,2075,250,4258103.23,1
1092,2361,157,1822391.39,1
1093,610,4,2712131.44,1
1094,819,10,1390670.05,0
1095,1882,69,1428782.69,1
1096,3535,296,3593423.32,1
1097,4990,237,3007341.51,0
1098,385,14,1547883.71,1
1099,3162,293,4555242.94,0
1100,4622,61,4838139.02,1
1101,1679,198,5770941.54,1
1102,4436,12,2072381.49,1
1103,1461,242,1898704.31,1
1104,2761,103,2442958.37,1
1105,1069,27,8430404.59,1
1106,4164,155,3160161.53,1
1107,553,229,1319435.24,1
1108,2871,194,1915046.6,1
1109,848,203,3842643.91,0
1110,1019,175,2763505.72,1
1111,1832,152,2390241.26,0
1112,464,161,2988558.71,1
1113,2143,29,2871059.01,1
1114,1583,209,5175840.45,0
1115,1912,256,2682592.15,1
1116,837,202,2985372.23,1
1117,762,279,944238.63,1
1118,3655,297,1326659.21,0
1119,1401,291,1255171.9,1
1120,2854,273,1917786.31,1
1121,2221,101,3936353.21,1
1122,1545,259,3876901.94,1
1123,421,183,2716333.85,1
1124,2590,148,3251941.37,1
1125,251,101,3448078.93,1
1126,1338,243,2665117.5,1
1127,3970,98,2316756.84,0
1128,704,99,2835524.34,1
1129,999,81,2150255.27,1
1130,4187,223,1327494.01,1
1131,1517,205,1644475.34,0
1132,2434,220,1385258.98,1
1133,502,69,1397180.48,1
1134,2322,261,3435043.34,1
1135,923,140,3506019.03,1
1136,2010,124,2500835.4,0
1137,4183,227,4747776.05,1
1138,2691,57,3293087.01,1
1139,4621,74,2937075.38,1
1140,4825,243,3639618.39,1
1141,2061,250,813670.1,1
1142,1352,277,1338141.28,0
1143,1064,168,2794466.62,0
1144,3088,58,4740245.65,1
1145,3476,177,3045356.19,1
1146,3883,291,3972069.15,1
1147,1020,274,2765444.48,1
1148,3317,73,4117699.53,1
1149,3406,260,2580497.57,1
1150,2466,218,3334754.46,1
1151,3429,298,2823652.49,1
1152,2455,174,3197832.47,1
1153,4000,293,3840925.48,0
1154,1525,86,2164916.91,0
1155,1272,65,1648949.16,1
1156,3075,120,6516973.93,1
1157,1604,181,1214935.78,0
1158,2529,181,1485003.3,0
1159,1260,34,2433703.67,0
1160,1219,6,2582177.38,1
1161,3197,100,4876855.32,1
1162,1404,51,2465062.15,0
1163,4881,294,1216531.82,1
1164,4076,67,4152664.56,1
1165,2100,256,3034080.31,0
1166,1214,104,5647360.4,0
1167,1684,53,1238179.41,0
1168,2235,28,2118421.93,1
1169,2901,12,2204462.61,0
1170,1792,225,2172647.05,1
1171,1768,272,1603492.73,1
1172,2480,95,4287354.4,0
1173,560,61,3152233.77,0
1174,188,79,1994413.56,1
1175,2476,241,1582317.92,1
1176,3584,92,1594595.42,1
1177,2931,34,1363207.71,1
1178,382,222,3872547.04,1
1179,2163,198,1876772.68,1
1180,2722,61,10413254.89,1
1181,3824,85,6202651.55,1
1182,3366,110,3533241.98,1
1183,3389,82,2195764.24,1
1184,27,22,5043395.03,0
1185,2298,297,1857514.74,1
1186,4626,258,3237310.98,1
1187,4747,118,2509829.96,1
1188,3858,94,3163567.78,0
1189,2935,212,2327632.76,1
1190,4106,180,4018711.42,1
1191,1801,259,628346.33,1
1192,2255,242,2090804.62,1
1193,1876,204,2353834.32,1
1194,502,38,2572588.3,1
1195,110,171,2054979.29,1
1196,1656,106,3593218.04,0
1197,3358,76,1488663.1,0
1198,3582,38,2853507.44,1
1199,3726,180,3270888.1,0
1200,2807,21,2277341.25,1
1201,1116,184,1012811.32,0
1202,4235,281,5390054.65,1
1203,3842,302,5687947.8,1
1204,1004,91,1975505.92,0
1205,3388,101,2661175.32,0
1206,1164,70,1438821.82,0
1207,273,25,2555642.23,1
1208,278,174,606717.99,1
1209,1329,91,1266378.04,1
1210,1107,112,6346953.65,1
1211,5000,274,1794720.52,1
1212,4762,33,3255701.55,1
1213,40,105,6207998.43,1
1214,4943,100,4590796.53,1
1215,4602,195,6479092.94,0
1216,4772,222,2061273.75,1
1217,4087,99,4237131.45,1
1218,597,158,2561903.16,0
1219,3638,56,3458741.66,1
1220,3784,203,1140361.72,1
1221,2783,111,1014968.42,1
1222,510,191,2513657.32,1
1223,1270,84,913114.03,1
1224,2586,226,1201029.7,0
1225,818,292,4098364.01,1
1226,4860,219,5257423.78,1
1227,286,259,3054976.99,1
1228,2679,191,2984855.86,1
1229,2808,63,2268104.43,1
1230,2329,69,4614499.22,1
1231,4403,170,5038844.17,1
1232,580,231,1206364.41,1
1233,763,219,3820036.26,0
1234,326,275,1233755.58,1
1235,1200,225,3024495.56,1
1236,174,100,2103517.9,0
1237,745,208,4119982.81,1
1238,3081,121,812108.23,0
1239,3115,68,7933291.07,0
1240,3706,287,1736302.05,0
1241,3813,195,4474553.53,1
1242,3825,249,3100839.08,1
1243,4205,130,1486961.79,1
1244,3791,286,2776459.25,1
1245,1184,191,3337846.06,1
1246,4960,258,4207124.81,0
1247,3504,185,1413405.26,1
1248,579,235,2931127.82,1
1249,2252,68,1052260.29,1
1250,4550,259,2951499.37,0
1251,4948,211,3339843.5,0
1252,4836,279,4419296.66,1
1253,3515,5,2265631.79,1
1254,2893,273,1944460.59,1
1255,514,274,4252789.31,1
1256,2928,217,2786344.56,0
1257,1522,1,1455194.38,1
1258,1360,295,2284535.65,0
1259,3387,245,4191000.33,1
1260,1176,142,1862462.53,0
1261,3492,182,3722789.17,1
1262,2162,88,2179560.05,1
1263,1961,249,2792646.52,0
1264,1430,295,5204593.7,1
1265,1488,233,2764817.38,1
1266,3952,116,1488767.78,1
1267,1279,182,5881033.94,1
1268,3215,217,2017277.4,1
1269,1617,265,1876409.95,0
1270,3413,207,912435.74,1
1271,437,211,1655252.33,1
1272,4605,253,2344208.07,1
1273,1824,100,2376286.96,1
1274,870,304,999983.2,1
1275,815,277,2951230.86,1
1276,3731,110,1953342.82,1
1277,1102,244,3427904.68,1
1278,1379,3,4600141.15,1
1279,1154,92,1738662.73,1
1280,1516,179,2485608.05,0
1281,862,270,7067939.63,1
1282,2920,40,1807505.94,1
1283,2514,144,2917415.29,1
1284,437,296,1526322.36,0
1285,3315,224,2339377.48,1
1286,4603,249,1954329.42,1
1287,4351,60,3354546.94,1
1288,1665,4,2768457.0,1
1289,2619,196,2229489.17,0
1290,2205,95,2306373.21,1
1291,264,182,2497904.23,1
1292,2768,283,4261852.95,1
1293,1645,116,2442309.56,0
1294,4311,130,5384562.95,1
1295,2652,2,3102335.08,0
1296,1818,26,2480515.31,0
1297,3585,86,2302203.25,1
1298,898,287,5165026.31,1
1299,1139,215,2517585.04,1
1300,2986,174,2656217.28,0
1301,3780,188,2460057.92,0
1302,4044,115,3153243.61,0
1303,3675,201,3128377.54,1
1304,3442,275,1343549.58,1
1305,3744,184,2773707.82,0
1306,3991,258,2252350.84,1
1307,3327,285,2857409.54,1
1308,2553,23,2702942.04,1
1309,1162,261,3026359.61,1
1310,3763,94,2242788.84,1
1311,2932,177,2369942.91,1
1312,957,198,1952644.98,1
1313,1382,273,2481919.67,1
1314,4896,29,2594727.83,1
1315,4582,150,1920200.41,1
1316,366,51,361821.65,1
1317,261,206,1105006.32,1
1318,4317,245,2154182.58,0
1319,3385,89,2104851.12,1
1320,2565,106,1261100.76,1
1321,4356,207,3384032.71,1
1322,2385,215,3473474.67,1
1323,1675,26,2858480.78,0
1324,902,2,613538.13,1
1325,1268,188,2477854.07,1
1326,1426,108,2193238.77,1
1327,559,205,2881390.76,1
1328,2119,14,1670056.37,0
1329,2591,166,5522593.53,0
1330,3637,187,3365177.97,0
1331,945,290,3433232.4,1
1332,4954,53,1031608.36,1
1333,2946,65,2604910.71,1
1334,953,71,5046328.8,1
1335,2863,36,10542630.21,1
1336,2519,291,1501578.57,0
1337,649,123,2676242.9,0
1338,2548,268,2730531.02,0
1339,3459,15,3960345.85,1
1340,153,179,2806798.08,1
1341,4587,113,3063568.32,1
1342,4769,32,893333.51,1
1343,4656,26,1750893.23,1
1344,4848,282,2884183.95,1
1345,745,274,2041542.53,0
1346,900,202,3079847.22,1
1347,4117,51,1205104.12,1
1348,581,294,1313849.66,1
1349,3739,163,2965168.21,0
1350,514,144,7604671.98,1
1351,4807,97,2015787.91,1
1352,2755,255,4726812.26,1
1353,1232,278,8512468.68,1
1354,1036,68,2191574.55,0
1355,2882,143,3927103.78,1
1356,875,280,7856293.2,1
1357,2680,89,1749373.81,1
1358,3788,73,1705090.38,0
1359,4143,111,3270336.69,1
1360,4888,94,3690087.95,0
1361,379,110,2705855.01,1
1362,4266,255,3453736.69,1
1363,2613,252,2842405.64,1
1364,4106,184,3182682.63,1
1365,2252,138,2746661.6,1
1366,2458,210,6145721.42,1
1367,4921,17,2338504.09,1
1368,2305,118,2894036.6,1
1369,4106,225,7592513.3,1
1370,4136,41,2979676.07,1
1371,4778,152,2638110.27,1
1372,773,33,2070701.21,1
1373,3477,89,3108490.48,1
1374,3456,191,1177641.84,1
1375,1195,26,1803734.53,1
1376,2610,114,1940504.49,1
1377,3317,13,4279528.14,1
1378,1655,161,4342827.15,1
1379,4174,192,2079496.61,1
1380,3121,123,2105396.36,1
1381,1476,144,2444042.67,1
1382,3861,303,6016339.04,1
1383,2917,171,3296903.28,0
1384,4820,116,3127219.72,0
1385,509,83,1640248.14,1
1386,3021,123,3817955.65,1
1387,733,236,2187736.1,1
1388,4156,289,2266854.28,1
1389,1992,23,1565232.55,0
1390,1776,174,2412969.11,0
1391,2595,277,1867874.59,1
1392,918,178,8742728.93,1
1393,2143,158,2406533.54,1
1394,2853,216,4853051.98,0
1395,186,84,2548235.45,1
1396,3238,178,2113187.14,1
1397,4033,115,2820145.35,1
1398,3854,266,2279152.11,1
1399,1482,152,2728198.81,0
1400,3559,209,2969824.3,1
1401,4568,184,2041334.9,1
1402,1509,120,1448277.1,1
1403,1188,186,990182.59,1
1404,4859,59,1043370.21,0
1405,3323,38,4060729.91,1
1406,453,170,2683380.83,0
1407,2286,153,3896618.32,1
1408,4572,163,1438180.27,0
1409,103,98,3724068.0,1
1410,4286,168,2920140.34,1
1411,3047,200,1579438.77,0
1412,3011,133,3790644.29,1
1413,159,270,2238431.56,0
1414,3718,119,1089638.94,0
1415,270,290,1126325.18,0
1416,1756,294,2581691.37,1
1417,3308,51,2484220.45,1
1418,4748,67,1755066.63,0
1419,2487,232,2195859.74,1
1420,3387,149,1911483.25,1
1421,4412,61,4150052.38,0
1422,4386,25,3954988.19,0
1423,2266,263,920166.54,1
1424,4275,260,7263280.45,1
1425,4936,194,1448872.45,1
1426,2021,275,840747.62,1
1427,104,131,2849343.19,1
1428,757,5,2878743.58,1
1429,4610,258,1245121.78,1
1430,3574,99,3232449.42,1
1431,1098,123,3117089.32,1
1432,3502,119,1626818.72,1
1433,948,201,1698168.87,1
1434,4399,231,2102414.79,0
1435,2429,46,1488230.85,1
1436,4274,216,3989021.36,0
1437,3261,169,2023366.19,1
1438,1061,125,4946195.1,0
1439,3123,223,1292509.27,0
1440,3341,17,2862835.44,1
1441,1768,73,4583996.11,1
1442,2723,26,788034.55,1
1443,3075,294,2113787.19,1
1444,333,85,989560.67,1
1445,2256,123,4864307.71,1
1446,3672,247,3255154.97,0
1447,1042,18,2357444.44,1
1448,786,146,2061047.65,0
1449,185,56,1901340.4,1
1450,3476,153,2185533.68,0
1451,3267,184,2781799.9,1
1452,134,181,2849947.55,1
1453,2999,280,1335466.64,0
1454,1939,157,2983038.73,1
1455,2519,196,2768681.56,1
1456,3211,144,3208236.97,1
1457,2260,69,3498091.38,1
1458,1953,131,2215445.09,0
1459,2521,96,1082250.8,1
1460,4696,89,2640032.15,1
1461,565,248,3491715.72,0
1462,1768,47,5261546.2,1
1463,3408,27,4767015.91,1
1464,2385,186,2044053.37,1
1465,4302,198,1651826.04,1
1466,1397,119,1544664.69,1
1467,573,97,3092469.97,1
1468,1045,124,4970089.0,0
1469,3852,285,965169.56,0
1470,3077,278,4769562.63,1
1471,2094,216,1266369.53,1
1472,1103,152,3867079.9,0
1473,3942,154,863663.06,1
1474,1661,135,2941802.84,1
1475,2522,296,6927726.13,0
1476,4045,130,1459289.02,1
1477,1108,83,5533649.13,1
1478,1948,51,3021201.27,1
1479,2055,50,938296.35,1
1480,447,58,1492767.67,1
1481,611,87,7758833.76,1
1482,1199,154,1856508.59,0
1483,87,101,1013004.48,1
1484,2135,233,3767999.67,0
1485,153,289,9920321.69,0
1486,3088,96,3720720.62,1
1487,4801,145,2845208.52,1
1488,2641,32,3149423.28,0
1489,4950,100,3375097.32,1
1490,2632,273,1893734.42,1
1491,198,94,3150240.59,1
1492,2044,297,2874055.97,1
1493,950,30,2664488.3,1
1494,2430,114,1464104.35,1
1495,2438,244,1824058.55,1
1496,3648,137,1783535.89,1
1497,3225,25,2389053.72,1
1498,851,182,1689677.38,1
1499,862,191,2002086.58,1
1500,795,259,2252856.1,1
1501,1064,250,1624503.98,0
1502,4884,211,2145448.63,0
1503,2571,166,1826395.88,0
1504,1155,126,3827131.63,1
1505,248,131,2550515.47,1
1506,2522,205,2079651.3,1
1507,2668,231,2460058.56,0
1508,3119,156,3136459.64,1
1509,4416,157,4319128.17,0
1510,1967,196,2680916.54,1
1511,4935,218,3215532.2,1
1512,2431,102,2350078.68,1
1513,2705,228,2520731.23,1
1514,4760,125,3352933.24,1
1515,1852,30,3658627.18,0
1516,215,62,2203348.89,0
1517,3845,202,3056654.2,1
1518,3081,176,2098533.91,1
1519,4510,225,4925097.47,0
1520,4541,126,4172943.5,1
1521,2416,214,2600592.76,0
1522,3521,66,2373816.91,1
1523,4227,274,3956707.64,0
1524,3823,5,1871349.04,1
1525,2135,291,5114775.65,1
1526,2108,228,1459491.96,0
1527,2251,215,6522471.77,1
1528,3602,302,1446954.57,0
1529,2889,82,1560799.74,0
1530,656,15,1687677.48,1
1531,2162,9,5053012.49,1
1532,1674,154,1398191.08,1
1533,1257,220,7032676.64,1
1534,4524,214,1656386.71,0
1535,4372,95,4372941.55,1
1536,3098,5,3485180.32,1
1537,4772,80,5735191.36,1
1538,992,132,3351430.87,1
1539,2724,241,1835067.85,1
1540,3452,106,3530442.18,1
1541,3945,288,2304250.0,1
1542,1954,251,4387180.16,1
1543,1137,252,3457639.35,1
1544,2054,115,1182170.85,1
1545,3469,184,1508076.72,1
1546,4750,287,3064368.04,1
1547,1542,250,1446058.56,1
1548,1737,174,1206737.67,1
1549,861,26,2102483.76,1
1550,1828,263,2012915.73,1
1551,2437,135,5014116.23,1
1552,2804,82,2019876.0,1
1553,154,304,1737797.52,1
1554,813,289,1273814.19,1
1555,1458,55,2881784.18,1
1556,2458,38,2688877.16,1
1557,1121,110,1049030.37,1
1558,560,30,1218984.94,1
1559,2483,178,2431953.56,0
1560,4864,149,2426875.87,1
1561,2481,274,2956976.1,1
1562,4540,269,1895291.17,1
1563,3406,56,2939365.62,0
1564,3954,13,1003835.48,1
1565,608,43,1541875.92,0
1566,3914,221,2342486.4,1
1567,2206,60,7045845.53,1
1568,4054,11,4186250.79,1
1569,224,97,2393394.39,1
1570,1403,42,1072139.85,0
1571,4005,54,5038301.47,0
1572,329,150,5514529.99,0
1573,4465,192,2481403.29,1
1574,867,284,4300582.89,1
1575,4954,37,7682114.35,1
1576,4197,36,3763923.45,1
1577,2597,101,829053.94,0
1578,199,106,3474934.73,1
1579,4245,213,2709020.87,1
1580,173,197,1912006.5,1
1581,2296,70,2032266.33,1
1582,3730,244,3016140.42,0
1583,1016,106,2962612.91,0
1584,248,17,6299581.48,0
1585,4195,91,7058391.83,0
1586,4197,161,1137623.68,1
1587,233,119,1813728.41,1
1588,643,236,8698073.97,0
1589,2971,159,2109219.0,1
1590,19,15,3511602.66,1
1591,4682,237,3814732.09,1
1592,2086,68,4385700.17,1
1593,1357,51,691838.8,0
1594,1159,171,3561327.46,0
1595,1263,2,2364033.78,1
1596,3777,284,2383896.26,1
1597,525,276,6039241.51,1
1598,2864,165,2413027.19,1
1599,2517,76,2141905.18,1
1600,1071,230,1660026.68,0
1601,3186,103,6144091.57,1
1602,1774,175,3964152.73,1
1603,2553,31,4730585.25,1
1604,1071,271,3039353.74,0
1605,1691,89,4106538.91,0
1606,3697,93,2406220.22,1
1607,2148,61,2538172.3,1
1608,3042,277,6019385.48,1
1609,4169,10,1402762.94,1
1610,3315,246,4320873.17,1
1611,4720,271,3467339.85,0
1612,1500,248,1769858.83,1
1613,1629,4,3477170.38,1
1614,1222,148,6124400.9,1
1615,3186,299,3996755.9,1
1616,3832,35,4216804.79,1
1617,4124,128,3065821.23,1
1618,1639,256,2709913.45,1
1619,3171,23,2886956.0,1
1620,1240,277,2239325.81,0
1621,4444,109,2580764.87,1
1622,397,267,2457756.32,0
1623,3320,117,3413935.42,1
1624,1475,254,662273.34,0
1625,1235,183,3185418.68,1
1626,127,169,3177279.14,1
1627,3016,288,1648536.39,1
1628,1175,217,2366936.05,1
1629,2794,262,1395805.72,1
1630,1506,184,4144946.75,0
1631,1694,116,1520806.38,1
1632,889,26,1223377.44,0
1633,407,286,1873038.92,1
1634,4363,278,930983.78,0
1635,4162,61,1541511.91,0
1636,3374,81,2341669.12,0
1637,3962,146,2331422.59,0
1638,4397,223,3379886.53,1
1639,143,63,1614237.57,1
1640,1859,259,4275745.98,1
1641,3628,69,2225440.66,0
1642,243,201,2417510.39,1
1643,3279,68,3050921.7,1
1644,3163,61,2684746.12,1
1645,1820,138,5458110.58,0
1646,4343,164,2555590.54,1
1647,3949,240,1595159.1,0
1648,3450,167,2522617.36,1
1649,4145,298,2501960.0,0
1650,629,158,2704216.07,1
1651,4306,176,2113958.94,1
1652,2999,269,5410542.69,1
1653,386,127,439452.89,0
1654,2793,120,1864931.49,1
1655,1889,187,1815477.45,1
1656,2962,86,1854523.62,0
1657,152,282,1458881.57,1
1658,22,286,2711683.16,1
1659,3653,233,1874776.8,1
1660,4071,98,3721234.13,0
1661,2109,214,4907035.64,1
1662,1777,274,2025434.4,0
1663,3747,222,6954681.0,0
1664,1525,172,3216917.59,1
1665,3971,143,2210835.65,0
1666,2858,294,2780596.49,1
1667,331,4,3715427.56,1
1668,3452,64,7267709.11,0
1669,4720,42,5537353.25,1
1670,3811,16,1970427.05,1
1671,2486,238,3305168.42,1
1672,3108,48,3269471.49,1
1673,4836,258,4260843.34,1
1674,2708,145,860737.21,0
1675,682,64,739531.5,1
1676,835,243,2147366.06,1
1677,1754,186,726192.51,1
1678,4271,193,2107050.46,0
1679,2292,200,5564917.65,1
1680,3522,189,2109622.26,1
1681,4701,244,5713893.16,1
1682,3336,285,1792345.8,1
1683,526,290,2193622.81,1
1684,4678,102,1235309.65,1
1685,2741,123,2890989.23,1
1686,2242,113,2439400.78,1
1687,665,12,1855156.52,1
1688,2310,171,3152305.45,1
1689,1118,70,1962165.2,1
1690,1955,297,5550631.16,1
1691,3039,183,2130246.38,1
1692,700,197,1891430.15,1
1693,1402,69,3323822.38,0
1694,2714,151,3625467.62,1
1695,1434,151,2835894.78,0
1696,2519,13,6886931.38,1
1697,3350,303,1860823.65,1
1698,1371,167,4501151.01,0
1699,4042,41,1487218.64,1
1700,1448,248,1670105.77,1
1701,171,282,949930.1,0
1702,4355,293,3669642.69,1
1703,1123,142,3494632.22,1
1704,2037,139,2387992.27,1
1705,2634,83,1914493.15,0
1706,3757,283,2096246.55,1
1707,4548,143,4319568.1,0
1708,2053,150,2952569.55,1
1709,1855,52,1610397.04,1
1710,1016,232,5781323.8,1
1711,1444,196,1776385.03,1
1712,2793,27,2770995.15,1
1713,471,134,963977.48,0
1714,4322,61,2822408.71,1
1715,1048,227,2705319.79,1
1716,2957,108,3104983.83,1
1717,2486,83,1658876.21,1
1718,886,141,882715.25,1
1719,1470,161,4759210.38,1
1720,2599,285,1579015.44,1
1721,2970,221,2738563.22,1
1722,874,179,4164794.74,0
1723,1510,167,2435729.95,1
1724,2414,107,4467225.93,1
1725,1192,150,3207985.89,0
1726,711,142,3283676.89,1
1727,3222,24,2489606.46,1
1728,966,270,2376968.57,1
1729,3631,83,2984056.17,1
1730,713,301,3618599.09,1
1731,4598,112,2531945.32,0
1732,2667,191,4234643.95,0
1733,2828,20,9769308.01,1
1734,2001,68,3756396.89,1
1735,4739,148,5362086.64,0
1736,367,220,4247956.59,1
1737,1082,156,3253637.22,1
1738,3663,221,2676257.69,1
1739,2644,70,1965512.5,1
1740,2704,142,2206740.31,0
1741,2308,214,2830050.16,1
1742,2518,40,2072146.63,1
1743,3464,69,2665652.89,1
1744,2576,265,1997628.8,1
1745,1159,100,3844415.18,0
1746,4155,131,3141890.01,1
1747,652,156,2980066.67,0
1748,4619,138,2562097.15,0
1749,2194,17,1895718.02,1
1750,2376,25,2479274.69,1
1751,3405,19,1662498.54,1
1752,4175,245,2100653.13,0
1753,3590,143,9391482.48,1
1754,794,267,4047282.14,1
1755,3371,296,858764.38,1
1756,3801,33,6071573.42,0
1757,3239,110,2684847.94,1
1758,1950,224,3148558.47,1
1759,800,249,3334956.78,0
1760,484,119,2928201.45,1
1761,3959,271,4865393.52,1
1762,4352,60,2537637.64,1
1763,2802,95,2227731.3,1
1764,4453,160,2728588.18,1
1765,342,170,686132.25,1
1766,4603,54,4257249.18,1
1767,1276,143,1528953.52,1
1768,1880,295,1074807.57,1
1769,1330,47,1186071.04,1
1770,1846,95,3425819.53,0
1771,665,150,1529050.65,0
1772,2478,118,1536525.4,1
1773,706,258,2207264.12,1
1774,840,199,1345240.77,1
1775,4457,167,1335126.22,1
1776,543,105,2735557.56,1
1777,2249,80,3372467.09,1
1778,2560,238,2171270.83,1
1779,2072,292,3593457.36,1
1780,2465,168,1660171.25,1
1781,4051,125,2780321.61,1
1782,1772,210,3312352.7,1
1783,1821,280,1321159.84,1
1784,981,299,3584441.39,1
1785,1591,210,1050222.5,0
1786,4346,221,443682.04,1
1787,1029,86,4658970.42,1
1788,944,138,3117094.7,0
1789,438,213,2055255.16,0
1790,4902,221,1589568.71,1
1791,995,26,8340932.34,0
1792,1033,294,1023281.44,1
1793,4094,5,1598044.75,0
1794,4450,146,2134910.83,1
1795,2820,92,2236399.61,0
1796,1478,160,3818951.05,0
1797,2943,31,2771694.93,1
1798,4057,265,1185322.21,1
1799,1839,1,1973103.37,1
1800,3973,303,7322462.87,1
1801,2458,27,2363560.6,1
1802,3442,143,1693319.85,1
1803,3295,2,1966263.76,1
1804,2192,6,682987.81,0
1805,2082,86,2990329.02,0
1806,4052,70,3602335.5,0
1807,1656,197,2537401.25,1
1808,3284,64,2559584.1,0
1809,1258,202,2470215.07,1
1810,3300,254,1941864.81,1
1811,1058,83,1675153.72,1
1812,2541,250,5434659.72,1
1813,2853,182,1621022.94,0
1814,733,231,2618962.47,1
1815,362,180,691104.39,0
1816,1244,168,4560241.1,1
1817,800,152,1642184.93,0
1818,1531,247,7416191.9,1
1819,2958,251,4067576.41,0
1820,1683,108,2443800.32,1
1821,4035,213,2471009.43,1
1822,2358,196,3036001.83,1
1823,1325,15,2680161.1,1
1824,70,229,2167709.26,1
1825,48,221,1612936.14,0
1826,4672,299,1634460.0,1
1827,3342,280,1493445.0,1
1828,4257,230,1272759.08,0
1829,202,284,4102690.81,1
1830,1106,28,2272917.8,1
1831,1660,103,3705194.6,1
1832,512,90,795142.47,1
1833,2249,35,3523042.27,1
1834,4622,154,3895306.42,0
1835,3779,266,3418886.4,0
1836,1369,59,2106437.62,1
1837,3865,70,5250400.26,1
1838,1129,88,2657874.69,0
1839,2087,99,6369108.04,1
1840,3803,150,1848708.66,1
1841,4369,97,3068971.16,1
1842,3596,98,2252589.77,1
1843,1912,189,901016.98,1
1844,1363,230,1701383.44,1
1845,2373,272,2641885.53,1
1846,4073,106,8445590.16,1
1847,1983,200,1790160.55,1
1848,2311,141,1942762.37,1
1849,3096,208,4225592.74,0
1850,2995,36,1120614.43,0
1851,2017,270,2442979.69,1
1852,1242,144,2863289.96,1
1853,4659,222,3678747.57,1
1854,4912,115,2211883.12,1
1855,4203,106,905534.19,1
1856,922,103,1908023.25,1
1857,1948,204,1756367.94,1
1858,1950,253,2448930.24,1
1859,121,117,2903654.64,0
1860,2578,275,3165960.82,0
1861,2730,266,5281955.25,1
1862,3610,250,2407625.52,1
1863,1212,109,1485628.46,1
1864,2302,119,4537658.22,1
1865,1602,10,2886817.19,0
1866,730,48,2672148.47,1
1867,2295,266,2658357.88,1
1868,1011,111,6495328.12,1
1869,4024,17,7613657.16,0
1870,2360,288,1220995.7,1
1871,3740,274,4465636.56,1
1872,1069,3,1867651.92,1
1873,2788,152,3841865.77,1
1874,1568,25,3890655.58,0
1875,3642,90,3362166.5,1
1876,4475,121,2026597.15,1
1877,1536,93,1042693.08,1
1878,2333,129,1532530.84,0
1879,2465,203,1397637.82,1
1880,1086,186,2553747.9,1
1881,356,182,2168718.04,1
1882,3779,217,3707533.88,1
1883,263,211,2566466.98,1
1884,90,56,2760947.6,0
1885,804,187,1767387.77,1
1886,2314,131,1814455.41,1
1887,3756,1,3574611.45,1
1888,4572,213,2493604.37,0
1889,4611,154,4310784.01,1
1890,4674,109,3211346.55,1
1891,3087,147,2100674.85,1
1892,2470,161,2807145.49,1
1893,203,249,4565529.64,1
1894,2307,160,1925704.51,1
1895,3116,135,2050586.62,1
1896,3528,139,4171018.52,1
1897,1377,20,2867496.22,1
1898,1571,173,1739590.23,1
1899,4395,175,1455716.19,0
1900,4207,274,3260963.94,0
1901,3655,254,953677.25,1
1902,1895,167,2055019.18,1
1903,1808,96,2463659.85,1
1904,2599,54,2442375.11,1
1905,2203,21,2649053.71,1
1906,3976,199,5255151.59,1
1907,3594,252,4175719.08,1
1908,853,209,1823597.25,1
1909,4643,277,730036.9,0
1910,2310,205,5595514.44,1
1911,1492,218,4838379.57,0
1912,2113,112,3700957.48,1
1913,3853,92,3841704.44,0
1914,1776,257,4091637.38,1
1915,3441,127,2536138.64,1
1916,3059,215,765999.54,0
1917,1197,8,3695188.39,1
1918,2838,100,4665490.34,1
1919,1250,162,5670769.19,0
1920,4000,184,1471599.99,0
1921,1067,260,2834028.82,1
1922,1645,191,2489850.57,1
1923,868,60,1536429.14,1
1924,1562,285,1640303.34,1
1925,1553,37,4201063.82,1
1926,1936,79,2500406.62,1
1927,646,135,623415.81,0
1928,3493,231,3276928.84,1
1929,1259,17,1123573.6,1
1930,1857,217,2100221.4,1
1931,1805,251,3889532.83,1
1932,4942,80,2544352.19,1
1933,2782,197,1542396.71,1
1934,4276,72,5599087.18,0
1935,2181,68,1899676.31,1
1936,3967,224,2303135.02,0
1937,1589,167,1887554.12,0
1938,2678,155,1647751.79,1
1939,582,144,3147359.7,1
1940,1357,188,1238242.5,0
1941,2805,192,2091917.88,1
1942,1914,139,7184125.48,0
1943,4201,21,5746488.89,1
1944,2541,11,1557631.75,0
1945,3074,83,1532451.04,1
1946,776,44,3214770.94,0
1947,2835,141,4501381.5,1
1948,419,270,2109111.96,0
1949,1916,214,1382667.56,1
1950,497,121,3407472.54,0
1951,2656,180,3350824.05,1
1952,3230,119,1616617.13,1
1953,3355,183,1825418.57,1
1954,4515,295,3655422.19,1
1955,1453,146,2322662.51,0
1956,3744,170,1765376.56,1
1957,4768,187,2399228.36,1
1958,2728,194,3495048.55,1
1959,110,151,1950132.68,0
1960,3925,13,2146304.58,1
1961,1677,35,4525713.66,1
1962,421,227,5343557.6,1
1963,4911,281,2557000.7,1
1964,2056,176,1348363.34,1
1965,4054,71,1395614.34,1
1966,1549,89,1286414.88,0
1967,279,88,6893932.96,1
1968,2657,273,5630075.08,1
1969,1803,224,964821.08,1
1970,3350,15,3051799.7,1
1971,3438,245,887149.18,1
1972,4359,35,4027529.41,1
1973,2755,113,4987003.29,1
1974,3529,148,3636608.87,0
1975,4672,2,2339525.97,1
1976,4824,130,4776416.8,1
1977,3945,298,2820249.78,1
1978,3130,35,2449964.51,0
1979,3298,146,3408574.86,0
1980,4302,144,2482744.86,1
1981,3026,216,6358768.43,1
1982,3066,90,8657001.64,0
1983,4993,219,1840261.56,0
1984,3895,248,4143490.96,1
1985,2511,64,879169.07,1
1986,2822,182,2694550.47,1
1987,25,230,1983815.16,1
1988,2478,218,747027.26,0
1989,3713,46,4285139.3,1
1990,1579,133,4253014.52,1
1991,2621,293,8315876.1,0
1992,2406,133,2504590.25,1
1993,4214,180,1528623.79,1
1994,1571,140,2281476.37,1
1995,2252,167,3019439.11,1
1996,1109,221,2024891.45,1
1997,813,250,657970.54,0
1998,2898,124,2166467.47,0
1999,3280,75,2050848.81,1
2000,2869,76,1731132.7,1
2001,4575,174,772797.39,1
2002,3532,245,1794107.97,1
2003,453,92,1483015.3,1
2004,2909,254,2270494.95,0
2005,909,189,3777961.51,1
2006,400,304,2343393.64,1
2007,1143,100,5303369.43,1
2008,3908,87,1523980.77,1
2009,704,261,4364935.9,1
2010,4953,57,4793610.88,1
2011,2815,147,1093978.09,1
2012,1799,219,2494348.54,1
2013,383,211,654428.67,1
2014,1585,198,1926938.4,1
2015,4923,27,7824762.55,1
2016,2152,108,3059645.0,1
2017,845,114,2395991.87,0
2018,4684,105,4672369.75,1
2019,249,36,1524098.17,1
2020,2387,242,5747850.53,1
2021,1671,263,2598967.63,1
2022,2027,51,966037.56,1
2023,2381,299,2859294.66,1
2024,2215,79,1587459.3,1
2025,4126,18,6050032.9,1
2026,418,11,3632414.15,1
2027,3084,81,3474600.6,0
2028,3046,48,1376797.78,1
2029,4918,27,1882175.54,1
2030,4583,81,2061768.97,0
2031,2000,255,1222860.62,1
2032,2759,48,4720537.32,1
2033,469,171,2194615.28,0
2034,4081,25,2466579.05,1
2035,4555,226,1945344.39,1
2036,4344,26,2961913.09,0
2037,2871,58,6392430.17,1
2038,4334,231,3258412.89,1
2039,2555,153,1617655.07,1
2040,735,170,2767933.11,1
2041,2255,262,1862951.44,1
2042,212,292,1745776.47,1
2043,939,110,4724068.96,0
2044,2427,86,1466907.8,0
2045,1840,195,2648950.95,1
2046,120,298,3597443.11,0
2047,1628,25,723117.08,1
2048,2217,293,1134425.33,1
2049,1786,213,3293828.78,1
2050,2296,281,2954285.0,1
2051,1380,212,7355041.55,0
2052,1952,71,1109691.9,1
2053,2503,7,619369.31,1
2054,928,116,2658400.4,1
2055,3755,163,8275560.95,1
2056,1292,89,2723257.93,0
2057,4801,214,2457620.56,0
2058,1719,80,1241416.2,1
2059,588,25,1732501.93,1
2060,2694,163,4514526.52,0
2061,4386,179,3681540.55,0
2062,2716,169,1459239.73,0
2063,1723,177,6935046.06,1
2064,4325,261,1412888.47,1
2065,2594,99,1747562.62,1
2066,2305,32,1725726.37,0
2067,579,185,6289505.1,1
2068,3332,258,1389815.8,0
2069,687,264,1483381.57,1
2070,3701,199,5396254.97,0
2071,4077,102,1881732.28,1
2072,2912,246,13071631.88,1
2073,2569,2,2427410.36,1
2074,4531,203,1316986.26,1
2075,1207,93,2506714.86,1
2076,466,193,3531593.29,0
2077,4617,226,1363653.42,1
2078,1308,225,3010678.79,1
2079,4314,146,1652371.09,1
2080,764,153,1852525.81,1
2081,1894,195,2879188.15,1
2082,4024,40,1004746.21,1
2083,1011,14,1294978.6,1
2084,1001,199,923940.64,1
2085,1775,89,3087395.4,1
2086,3474,94,1215500.51,1
2087,3465,55,1785400.56,1
2088,3539,60,2189827.85,0
2089,1634,133,3371878.52,1
2090,3772,229,5132877.93,0
2091,2378,59,3665711.76,1
2092,1877,240,2315999.18,1
2093,4748,298,954560.67,1
2094,4980,205,1574511.12,0
2095,4713,188,2028292.41,1
2096,2675,170,5294012.12,1
2097,2269,20,4090957.45,1
2098,505,287,8235424.13,1
2099,4498,50,2222481.15,1
2100,1384,301,2152148.63,1
2101,1929,191,2484767.88,1
2102,1730,59,3440908.66,1
2103,2410,13,1221157.09,1
2104,1863,205,994886.39,1
2105,1063,101,1837928.18,1
2106,1715,79,2851677.31,0
2107,1235,143,1456985.06,1
2108,3795,47,2963194.49,0
2109,3477,197,2948075.41,1
2110,6,187,937049.98,0
2111,3896,300,2268815.02,1
2112,3128,65,3526821.82,1
2113,2854,229,4826269.67,0
2114,2443,85,1688443.18,1
2115,3201,106,4453995.78,1
2116,294,124,1903262.45,1
2117,1556,292,2304329.07,1
2118,2933,270,6689124.66,1
2119,4506,143,2923446.34,1
2120,1149,125,4626065.62,1
2121,3461,221,980503.23,1
2122,4644,212,3254810.34,0
2123,4350,76,7652554.75,1
2124,3727,62,869882.43,1
2125,3862,52,4303115.6,1
2126,3183,134,2749546.98,1
2127,2344,146,2335363.56,1
2128,4434,70,3234752.91,0
2129,3367,297,2708232.55,1
2130,4574,283,8106008.28,0
2131,698,257,1672074.58,0
2132,454,88,1703299.68,1
2133,1828,215,1917098.19,1
2134,692,19,2833174.78,1
2135,2996,272,1029178.42,1
2136,4374,96,2803023.49,1
2137,867,184,3760999.37,1
2138,4312,88,3795362.74,1
2139,4107,57,2091736.08,1
2140,303,241,4978609.9,0
2141,1891,73,1905693.71,0
2142,2482,191,1284615.01,1
2143,4589,188,524367.04,1
2144,2553,174,3146097.38,1
2145,4133,85,2454594.66,0
2146,2141,69,5558063.01,0
2147,1352,267,3945154.73,1
2148,3841,174,1109259.83,1
2149,47,186,2870857.26,1
2150,2474,31,1415533.61,1
2151,335,118,6138459.69,1
2152,197,250,4406697.39,1
2153,399,94,2676657.29,0
2154,682,22,3498060.71,0
2155,1459,271,2043898.81,0
2156,4773,236,4176017.08,0
2157,105,165,2677810.77,1
2158,4580,178,2506766.73,1
2159,2331,1,1615058.26,0
2160,4156,232,2088486.78,0
2161,2916,90,1655007.64,1
2162,3631,149,5389280.29,1
2163,3916,115,2302819.34,1
2164,3390,297,5216579.46,1
2165,4454,111,3247341.36,1
2166,4828,189,1356374.86,1
2167,134,195,1388925.51,0
2168,1106,169,4672293.94,0
2169,4921,187,5012882.41,1
2170,3880,83,9256654.7,1
2171,2861,225,3067571.92,0
2172,2457,153,6176692.93,1
2173,3260,151,1211261.13,1
2174,3663,46,3968779.13,1
2175,1125,112,4398404.58,1
2176,4266,220,2428351.28,1
2177,2376,16,2820136.26,0
2178,3803,247,1614443.68,1
2179,1722,75,1847488.92,1
2180,4191,147,4515572.35,1
2181,2019,225,2149985.15,0
2182,2326,131,2615857.39,1
2183,1834,284,1625483.55,1
2184,2630,170,4792235.34,1
2185,822,231,4881599.13,1
2186,958,11,3069003.46,1
2187,1647,216,2540388.51,0
2188,3453,121,3382315.73,0
2189,3697,174,2000359.02,1
2190,3214,185,4063834.5,1
2191,1359,91,2514284.52,1
2192,679,267,1240516.58,1
2193,3712,32,1826896.53,1
2194,3314,176,1730487.94,0
2195,2326,219,2861434.09,0
2196,2320,287,3357343.85,1
2197,4863,28,4176195.54,1
2198,3131,192,2602264.91,0
2199,1805,101,1409893.23,1
2200,1645,63,2225513.61,1
2201,4820,235,3032844.39,1
2202,2443,253,1387400.67,1
2203,252,21,4091580.76,0
2204,895,189,2093782.03,1
2205,492,54,1161816.02,1
2206,603,282,1602683.04,1
2207,1300,195,5678566.78,1
2208,1926,171,6584101.43,1
2209,4410,202,1704051.68,0
2210,3906,300,804652.13,1
2211,3667,41,3691098.27,1
2212,4805,134,4335070.21,0
2213,1369,256,1060574.94,1
2214,4862,1,4101432.83,1
2215,38,214,6526129.46,1
2216,13,118,1538803.48,0
2217,4102,197,2189222.15,1
2218,2170,245,829093.9,1
2219,4267,41,2672036.08,1
2220,648,148,923225.52,1
2221,1303,37,2784519.51,1
2222,4266,57,1753852.52,1
2223,119,57,2651567.91,0
2224,4605,142,5750293.7,1
2225,4855,303,1641152.83,1
2226,1456,64,2750688.19,1
2227,1861,79,2033679.53,1
2228,1079,219,5346083.87,1
2229,1138,228,2061528.47,1
2230,4141,113,964186.65,1
2231,4836,28,4282370.33,1
2232,3374,108,1921023.88,0
2233,3713,197,2861696.97,1
2234,9,137,2499114.2,1
2235,839,271,4712423.21,1
2236,1288,192,2240166.57,1
2237,2289,84,1522380.22,1
2238,1184,48,2181576.64,0
2239,2109,36,2461072.81,1
2240,2661,155,1718411.75,1
2241,1958,240,5880698.07,1
2242,3552,46,2156549.36,1
2243,3372,180,1376632.37,1
2244,1996,117,2213570.63,0
2245,648,50,1351651.67,1
2246,4933,151,3284591.36,0
2247,2205,90,2225993.28,1
2248,1986,176,707735.26,0
2249,2697,301,2366829.9,1
2250,3557,245,6275389.38,0
2251,3114,243,577184.06,0
2252,4326,107,2990017.66,0
2253,752,85,5181054.62,1
2254,3394,303,2396317.69,0
2255,4158,192,1821608.19,1
2256,3537,214,3002904.57,1
2257,2783,55,5378099.69,1
2258,1644,155,4543892.3,1
2259,4793,15,3888533.29,1
2260,3725,165,2239374.14,1
2261,1837,209,3260345.63,1
2262,4905,213,4400411.11,0
2263,4575,213,1631283.57,1
2264,2048,145,2192464.95,1
2265,485,251,5967309.82,1
2266,1067,97,2575692.86,0
2267,4856,56,1680187.06,0
2268,4793,233,2643704.21,0
2269,3886,66,3297998.62,0
2270,668,178,1969128.89,0
2271,2173,184,975812.96,0
2272,3012,25,3461257.85,1
2273,380,29,3849754.16,0
2274,2954,186,3628440.97,1
2275,4027,17,847587.47,1
2276,4049,31,2267109.3,1
2277,2109,183,2614543.1,1
2278,3638,91,1371064.76,1
2279,3166,192,8240620.75,0
2280,2100,20,3244712.84,0
2281,2194,66,2646909.27,1
2282,3895,103,1116042.34,1
2283,1134,247,701088.83,1
2284,4259,195,4456394.48,1
2285,394,159,4425823.3,0
2286,1124,72,3821902.44,1
2287,4940,189,2907497.61,0
2288,3187,245,11003940.16,1
2289,1274,15,2595609.27,1
2290,386,230,1030116.62,0
2291,2256,301,6459886.36,0
2292,4468,161,7392714.88,1
2293,2856,214,3961910.67,0
2294,327,272,699521.61,1
2295,3903,301,4258704.38,1
2296,2495,185,4670224.75,0
2297,1370,294,2607800.9,1
2298,2570,106,2120472.63,1
2299,3836,291,3531794.91,1
2300,3761,7,1464161.96,1
2301,626,3,3866831.41,1
2302,1033,209,3951959.54,1
2303,4088,124,2506716.99,1
2304,1504,94,3401636.28,1
2305,4520,28,1012596.03,0
2306,666,222,1172058.62,0
2307,4517,35,3350683.88,0
2308,2481,186,1389413.03,1
2309,214,44,922298.91,1
2310,608,255,4596346.85,1
2311,2491,275,3361014.08,0
2312,450,188,3185709.18,1
2313,4451,299,1966571.64,1
2314,84,73,1040552.53,1
2315,3964,191,2107756.2,1
2316,4361,190,1418421.24,1
2317,4405,201,3448025.57,1
2318,985,182,2564578.23,1
2319,3579,2,1837351.72,1
2320,3578,219,2989013.52,0
2321,4259,1,929830.23,1
2322,3822,300,1209196.59,1
2323,301,265,1974726.54,1
2324,3294,63,2349746.2,0
2325,989,104,4315495.9,1
2326,354,92,4507703.97,1
2327,3620,110,1419924.01,1
2328,2087,11,3143091.56,1
2329,4070,139,763520.66,0
2330,3646,176,1575548.92,0
2331,915,86,2826096.91,1
2332,1731,36,4125314.02,1
2333,4024,50,8016890.95,1
2334,2713,141,1869280.02,1
2335,1143,17,1521996.59,1
2336,3631,71,1374458.07,1
2337,3322,108,1787022.95,1
2338,4477,58,1982160.03,1
2339,2589,41,1948778.93,1
2340,4052,292,1526505.68,1
2341,3847,50,2745188.76,1
2342,1138,172,2913709.91,1
2343,2165,283,1834501.45,1
2344,2346,193,2689324.69,0
2345,1016,63,964293.86,1
2346,2924,111,2932599.25,1
2347,4112,252,3336409.56,1
2348,349,225,2150025.49,0
2349,4634,25,1746179.45,1
2350,4141,131,2493849.66,0
2351,3122,167,4366211.71,1
2352,4375,162,2549649.3,1
2353,4324,67,1698284.69,1
2354,4785,91,4746471.95,1
2355,111,196,2135697.84,1
2356,4521,172,2813496.13,0
2357,2727,51,4202208.71,1
2358,4021,224,1704750.0,1
2359,1928,276,4429668.36,1
2360,2261,266,4694619.94,0
2361,3558,262,3024431.95,1
2362,2083,70,2373880.29,1
2363,1644,59,5182942.26,1
2364,652,104,1529910.02,1
2365,68,258,7222867.42,1
2366,4407,107,2862018.53,1
2367,2363,266,3028762.16,1
2368,1427,103,3386233.96,1
2369,2973,185,1897647.67,1
2370,4895,230,3882255.36,1
2371,3390,128,2243572.06,0
2372,2615,228,1178554.18,0
2373,4165,161,2509399.26,1
2374,128,219,1826552.66,1
2375,5000,42,1224943.92,0
2376,3564,174,3890004.16,1
2377,3813,237,4943283.71,1
2378,1179,236,2620009.85,1
2379,1528,200,4564226.8,1
2380,3126,150,4302625.61,0
2381,4702,284,2414582.2,1
2382,1247,59,2844282.63,1
2383,3391,85,4130729.07,1
2384,1534,35,4514081.47,1
2385,4474,17,2292365.53,0
2386,2908,233,2467042.62,0
2387,2079,275,867785.58,1
2388,4972,67,2051680.84,1
2389,710,113,2771575.77,1
2390,2025,231,3091898.1,0
2391,3409,269,863292.53,1
2392,2020,139,2096279.22,1
2393,679,119,2565726.9,1
2394,1473,223,2492473.78,1
2395,4351,276,2136321.2,1
2396,895,127,3302073.01,1
2397,3209,214,3388885.21,1
2398,685,252,4575378.44,1
2399,2214,194,3430365.01,1
2400,2020,187,862001.55,0
2401,643,138,2643827.46,1
2402,3920,284,4137837.28,1
2403,1407,106,2323856.05,1
2404,2888,73,1667245.11,0
2405,1414,247,2795055.67,1
2406,2072,66,1592375.44,0
2407,231,133,581207.3,1
2408,1229,41,3315657.11,1
2409,731,57,3441822.08,1
2410,3275,256,2881782.05,1
2411,3043,31,2030489.79,1
2412,1159,106,2452186.86,1
2413,191,136,2118289.35,1
2414,1696,19,3417413.68,1
2415,2370,91,2116119.23,1
2416,316,183,6309786.45,1
2417,2978,107,2788884.19,0
2418,2274,280,1665503.19,1
2419,1233,124,2232847.63,1
2420,2035,27,2362338.94,0
2421,4976,205,1718837.7,1
2422,4812,189,2995569.6,1
2423,2289,116,1606744.14,0
2424,4486,29,3303600.75,1
2425,3770,154,1117055.98,1
2426,1419,210,3227764.67,1
2427,1113,121,1450293.97,1
2428,414,177,2021453.16,1
2429,171,189,2732249.22,1
2430,2170,25,1415187.51,1
2431,366,142,1600516.91,1
2432,3511,269,2232957.42,1
2433,1463,211,2740983.46,1
2434,1148,273,8979623.87,0
2435,1521,142,1670723.0,1
2436,2540,102,7677122.99,0
2437,959,20,1548484.48,1
2438,1565,126,2182005.61,1
2439,1674,56,2543389.4,1
2440,4812,85,2355280.73,1
2441,609,109,1801437.52,1
2442,741,30,2044823.26,1
2443,4432,50,4537317.68,1
2444,3621,158,2233152.3,1
2445,1522,190,2113217.97,1
2446,415,39,2526101.88,1
2447,3657,161,1431793.49,0
2448,3135,182,1415221.94,0
2449,4572,175,4873034.04,1
2450,267,149,1872426.53,1
2451,4680,246,1875123.39,1
2452,2741,8,1304187.06,0
2453,2831,59,1531474.08,1
2454,3889,72,3258344.02,1
2455,1632,239,2397944.49,1
2456,2750,44,3111380.2,0
2457,4532,139,4663173.97,1
2458,2770,53,4182561.41,1
2459,4862,45,3867514.47,1
2460,344,206,2632494.41,0
2461,3764,232,4535623.62,1
2462,4829,291,4702187.0,0
2463,2893,53,2311411.79,1
2464,32,68,4784370.49,0
2465,832,167,2184168.27,1
2466,1399,282,3360486.92,0
2467,3135,304,2431414.72,1
2468,4075,287,1605378.74,1
2469,1176,112,1412616.92,1
2470,709,43,1071142.91,1
2471,892,134,1649184.52,0
2472,1224,113,5037642.42,0
2473,2003,295,1784576.83,1
2474,3838,34,4062900.96,0
2475,1999,227,1274133.89,1
2476,3979,289,2602754.63,1
2477,2540,270,1394543.55,1
2478,3468,80,3626530.72,1
2479,1925,150,4062100.83,1
2480,4143,153,1296469.89,1
2481,191,100,1588811.04,0
2482,1900,65,2044929.72,0
2483,2409,144,387379.95,1
2484,4037,202,6952025.78,1
2485,1505,103,472193.74,1
2486,1038,277,5153842.78,1
2487,2955,115,1958659.13,1
2488,2643,50,3335464.32,1
2489,2096,265,4462153.44,1
2490,2809,197,1820910.7,1
2491,2024,96,4423291.09,0
2492,670,256,1792244.89,1
2493,4280,116,7599029.72,0
2494,827,88,1193216.79,1
2495,3706,243,818142.57,0
2496,990,215,1429130.73,1
2497,3959,200,3642945.58,0
2498,1068,75,1907583.67,0
2499,3172,18,2404794.03,0
2500,4841,178,4028785.87,1
2501,4401,17,986890.12,0
2502,1088,283,2343315.34,1
2503,3158,190,7325301.67,1
2504,1598,140,772789.54,1
2505,145,50,2267860.74,1
2506,4830,137,2697023.58,1
2507,2513,197,3558857.51,1
2508,2187,68,7276064.69,1
2509,2873,123,2727671.1,1
2510,847,288,2682895.25,1
2511,4457,128,3967784.64,1
2512,2134,212,3934097.25,1
2513,2579,73,789380.54,1
2514,4707,268,1633603.77,0
2515,1182,283,4277145.67,1
2516,4410,127,3282292.19,1
2517,2253,263,2243104.92,1
2518,527,46,2809716.8,1
2519,2114,67,2681557.39,1
2520,2326,241,1417639.19,1
2521,2785,267,5753928.47,0
2522,2811,114,2948641.91,1
2523,1324,283,4803696.61,1
2524,4487,232,2032752.79,1
2525,1650,265,1711631.8,0
2526,3352,177,2095525.97,1
2527,4805,26,1497545.66,1
2528,690,47,2288173.42,1
2529,2442,12,990224.9,1
2530,524,279,1991025.9,1
2531,4241,193,5845940.58,1
2532,4118,177,1730690.89,0
2533,4808,33,1691978.44,0
2534,4543,116,1948903.27,1
2535,4050,275,1529249.88,0
2536,1739,73,2193897.78,0
2537,1978,98,3581451.98,1
2538,247,92,3825863.01,0
2539,992,64,1796434.8,1
2540,2246,189,2013996.15,1
2541,4022,75,2760331.59,1
2542,4358,83,4243313.14,0
2543,3079,196,2205122.77,0
2544,928,249,1211898.92,1
2545,1591,144,2616441.62,1
2546,1001,92,1940790.22,1
2547,4044,38,3183039.96,1
2548,4259,145,1309367.03,1
2549,2879,3,1059714.53,1
2550,1850,142,7515881.6,1
2551,3905,87,11347665.8,0
2552,4092,273,1702315.2,0
2553,2536,140,2381036.02,1
2554,3868,97,1964342.01,0
2555,3063,190,2095111.07,0
2556,4586,33,2014336.86,1
2557,1826,134,665778.08,1
2558,900,110,4247073.16,1
2559,1730,192,1382137.1,1
2560,1048,35,1590636.85,1
2561,3604,149,1641232.69,1
2562,810,137,2392447.21,1
2563,1913,157,1941363.76,1
2564,3,107,4074099.2,0
2565,2028,16,834298.57,1
2566,3508,284,1716413.65,1
2567,1491,112,2422558.42,1
2568,4244,106,2311853.31,1
2569,3984,121,8954196.83,0
2570,456,66,4063936.94,1
2571,4140,31,3121131.04,1
2572,2199,72,2341760.16,1
2573,787,236,4621865.93,1
2574,3635,166,1914396.87,0
2575,3432,6,1524635.61,1
2576,819,31,1321824.93,1
2577,1228,283,712721.37,0
2578,2321,251,3007177.27,1
2579,1219,86,2412216.36,1
2580,2772,49,2722316.62,1
2581,953,54,2005312.49,0
2582,3762,205,1344806.62,1
2583,1111,85,1634190.0,1
2584,365,133,2577514.77,1
2585,1979,155,2547212.1,1
2586,1145,220,1457701.14,0
2587,1465,157,3596274.08,0
2588,2058,157,1788599.86,0
2589,1033,21,2811485.19,0
2590,482,303,4391588.9,1
2591,3140,12,1438212.69,1
2592,3241,39,1255793.57,1
2593,3975,265,4784825.88,1
2594,2637,237,3393151.53,0
2595,2165,21,3105292.88,1
2596,638,299,4519805.09,1
2597,39,223,1478919.43,0
2598,358,37,917054.86,0
2599,2994,228,2237974.53,1
2600,2358,185,1694069.54,1
2601,4146,16,5278909.25,1
2602,4565,19,3586244.83,1
2603,3068,53,1377675.75,0
2604,1041,274,18859637.8,0
2605,4227,128,3644448.42,1
2606,4228,283,5418960.64,1
2607,58,42,4662765.43,0
2608,3862,129,966243.91,1
2609,1118,175,3889399.26,1
2610,1282,203,3351447.79,1
2611,3257,42,2268583.18,0
2612,2190,223,2326559.17,0
2613,1881,300,1676939.84,1
2614,2123,128,2057523.67,1
2615,988,104,2253217.8,1
2616,1135,10,1657945.61,1
2617,4576,49,5227394.74,1
2618,4408,249,2205376.04,1
2619,2018,198,2661725.87,0
2620,4647,93,3492064.85,1
2621,4221,119,1438629.83,1
2622,4803,242,3054564.09,1
2623,4829,283,2067536.3,1
2624,3459,181,2545777.94,1
2625,136,68,3263741.39,1
2626,4154,93,2087765.47,1
2627,4740,188,3790015.74,0
2628,4994,169,2702662.6,1
2629,3602,194,1823377.12,1
2630,4971,186,2222519.59,0
2631,3884,84,1598750.06,1
2632,1425,2,1490373.72,0
2633,927,259,2847226.63,0
2634,2910,37,1087751.06,1
2635,883,237,2471068.37,1
2636,3359,149,2038863.15,1
2637,2367,211,1287135.91,0
2638,2714,197,1599559.02,1
2639,764,195,2074995.41,1
2640,1627,96,2445735.69,1
2641,3586,7,1376825.22,1
2642,3400,189,5496020.4,1
2643,4514,97,4016366.39,1
2644,4055,286,999486.05,1
2645,4757,203,900724.04,1
2646,1113,72,2233628.27,1
2647,1517,94,5314756.39,1
2648,2568,64,2075656.42,1
2649,2586,112,2290807.84,1
2650,2446,248,2608219.06,1
2651,948,114,2855677.0,1
2652,1183,217,958881.14,1
2653,1682,5,2949556.75,1
2654,4698,166,2390179.42,1
2655,1383,302,3806628.45,1
2656,2849,216,1614403.2,0
2657,2581,153,1649819.1,0
2658,2004,117,1690570.95,1
2659,1323,60,1314061.73,1
2660,2582,286,2933278.25,1
2661,91,292,1350361.86,1
2662,4665,141,3277292.12,1
2663,1327,294,3864434.87,1
2664,3927,303,1351235.14,1
2665,676,185,1549887.54,1
2666,3973,27,2289938.31,0
2667,198,18,3888382.28,1
2668,2054,222,1834972.3,1
2669,2361,205,2028696.58,1
2670,4780,109,2276621.64,1
2671,3207,31,2596511.0,1
2672,3213,101,5291236.92,1
2673,4526,32,5041211.88,1
2674,4382,63,1778699.61,1
2675,1031,290,5791559.86,1
2676,1981,48,2546930.63,1
2677,380,57,3319148.61,1
2678,3755,248,1634114.48,1
2679,3641,56,3169012.81,1
2680,221,298,1961071.23,1
2681,2588,133,2408209.81,0
2682,4292,267,2266692.37,1
2683,4575,148,1314645.75,0
2684,1683,108,1381837.52,1
2685,2334,190,1313402.78,1
2686,1576,188,6791939.1,0
2687,4340,289,3570634.22,1
2688,1468,199,1918497.88,0
2689,326,57,3279385.68,0
2690,4036,216,5277813.65,1
2691,4971,80,2597395.9,1
2692,796,168,2172621.11,1
2693,2062,57,2928264.63,1
2694,3823,164,2836187.45,1
2695,4336,161,2390651.41,1
2696,186,73,6758042.72,1
2697,183,134,2011123.01,0
2698,4633,114,3170940.0,0
2699,938,294,3154893.45,1
2700,240,10,2897734.55,0
2701,2941,90,1910664.46,1
2702,1515,274,3714279.09,1
2703,77,37,4303063.12,0
2704,2296,289,3020488.36,0
2705,2797,73,2100588.27,1
2706,3203,106,1257721.19,0
2707,1355,304,2968118.82,1
2708,4934,134,1891722.27,1
2709,2651,74,2389400.94,1
2710,380,62,806335.16,1
2711,3744,186,1934430.46,0
2712,1965,82,2068936.33,1
2713,3134,65,2113538.49,1
2714,3382,128,4827123.84,0
2715,3726,114,5341852.78,1
2716,865,244,2391855.15,1
2717,1736,162,3905149.4,1
2718,4856,289,4655119.99,1
2719,3583,48,2587422.16,1
2720,185,82,751800.52,1
2721,2686,173,1899038.67,1
2722,3869,16,2992326.39,0
2723,2542,165,1625213.73,1
2724,3740,140,4826751.28,1
2725,3131,276,1074016.95,0
2726,4089,160,1803429.09,1
2727,2519,131,2779435.82,1
2728,4813,95,1980619.73,0
2729,2232,42,4257380.91,1
2730,3331,157,1287809.93,1
2731,1581,6,2571738.54,1
2732,3961,151,1733169.1,1
2733,3009,176,2834119.06,0
2734,599,4,5791926.59,1
2735,1482,129,1979767.0,1
2736,2972,63,1924012.96,1
2737,3,211,2718947.84,0
2738,4647,19,1774651.82,1
2739,313,48,1468492.77,0
2740,526,73,1915657.32,1
2741,4398,171,1286502.07,1
2742,977,142,1723666.44,1
2743,4232,98,1403596.87,1
2744,1709,23,2722286.93,1
2745,4788,44,2889190.41,1
2746,1496,135,2599030.98,1
2747,2235,292,3116155.53,1
2748,4439,40,4093720.5,1
2749,1357,149,1610054.75,0
2750,1380,87,4220661.75,1
2751,4994,155,5027004.8,0
2752,754,10,2621129.71,0
2753,3042,254,2399899.04,1
2754,1893,229,1625316.61,1
2755,4541,234,2858055.83,1
2756,2667,135,3303961.11,1
2757,1787,160,1690310.86,1
2758,1709,11,2733247.43,1
2759,3863,193,1561929.88,1
2760,518,257,612091.01,1
2761,3899,71,1674453.02,1
2762,474,116,2714449.5,1
2763,3291,138,3044630.69,1
2764,1848,219,1120601.04,1
2765,1214,41,1483360.55,1
2766,1304,269,1797922.42,1
2767,4159,167,4286734.6,1
2768,4379,302,2840927.56,1
2769,2347,52,669610.65,1
2770,38,168,5221394.59,0
2771,3771,176,1304053.81,1
2772,587,259,1708901.77,1
2773,2712,222,4211998.89,1
2774,4397,120,1918421.33,1
2775,533,154,563709.42,1
2776,1695,66,5535577.03,1
2777,2187,69,3776145.93,0
2778,846,211,2472522.13,1
2779,1895,301,3684262.21,0
2780,1830,50,2124516.15,1
2781,4634,265,3096837.01,1
2782,317,35,1679202.6,1
2783,4185,1,6793955.78,1
2784,4199,72,6916467.04,1
2785,1586,75,3530450.12,1
2786,4122,216,1928575.71,0
2787,3052,279,3659668.94,1
2788,4738,201,1984119.07,1
2789,2208,78,4504721.07,0
2790,1343,155,3079647.37,1
2791,3282,209,4186807.72,1
2792,2177,148,2403818.72,1
2793,2169,49,1489601.18,1
2794,979,116,8212112.62,0
2795,2037,291,1866075.87,1
2796,2420,93,3118962.83,1
2797,3888,181,1312518.18,1
2798,4348,25,4649564.48,1
2799,4750,218,1353784.08,0
2800,1171,189,1788922.23,1
2801,227,232,2364940.15,1
2802,1609,209,1147954.63,0
2803,108,102,1734144.45,1
2804,4700,291,2217757.83,0
2805,2612,38,2584591.53,1
2806,3402,39,3675868.48,1
2807,3613,196,1050273.81,1
2808,726,65,2105990.83,1
2809,4581,25,3971848.92,1
2810,4624,262,2049381.65,0
2811,1457,262,5584779.73,1
2812,2916,62,2281156.45,0
2813,2385,49,1751565.7,1
2814,1263,53,7012879.05,1
2815,4135,127,2818820.65,1
2816,3892,298,2947689.96,1
2817,1707,143,1456231.22,1
2818,4359,212,2111021.02,1
2819,329,40,3440408.15,1
2820,1393,300,4428312.66,0
2821,4238,283,2754602.1,1
2822,2656,240,1772006.07,1
2823,1334,181,1874325.37,1
2824,3309,193,7142087.71,0
2825,4942,236,3193954.53,0
2826,1636,110,1565654.76,0
2827,1266,155,2849546.64,0
2828,678,238,5810950.53,1
2829,3138,251,1571930.72,1
2830,2281,198,2385078.04,1
2831,4647,135,4773505.89,1
2832,744,184,1706261.06,1
2833,1309,280,1067827.24,0
2834,4132,189,10855109.05,0
2835,2132,30,4064573.51,0
2836,2314,261,2891261.19,1
2837,2150,148,1628237.83,1
2838,3527,56,1384381.58,0
2839,2659,225,1623983.51,1
2840,508,30,3281810.46,1
2841,1847,217,1740969.75,1
2842,3261,273,2625753.67,0
2843,2667,235,1989406.87,1
2844,3070,229,1450204.38,1
2845,3141,281,1580775.46,1
2846,658,177,2506346.01,1
2847,1517,81,2886792.87,0
2848,395,266,5008626.52,0
2849,3115,20,1891046.24,1
2850,1626,149,1542416.39,1
2851,1037,107,2117110.93,1
2852,3522,63,3400206.13,1
2853,1303,91,2446571.47,0
2854,836,43,3271700.32,1
2855,392,160,2092107.35,0
2856,1562,105,2296311.52,1
2857,4302,208,3735384.4,0
2858,1319,154,1815806.07,1
2859,2143,220,6938570.9,0
2860,2494,235,1418385.5,1
2861,1459,226,4794288.44,0
2862,3699,293,6401098.08,1
2863,3355,231,4108291.59,1
2864,112,99,5015010.0,0
2865,1815,288,2506414.89,1
2866,4015,57,3679273.64,1
2867,2477,23,4998877.62,1
2868,549,155,1993112.02,1
2869,1836,216,5551082.28,1
2870,1886,152,1104656.15,0
2871,1358,166,3733027.6,0
2872,1207,45,1611805.94,1
2873,4850,266,744324.17,1
2874,3749,185,2210517.28,1
2875,48,237,1363442.76,1
2876,4415,242,3130747.32,1
2877,1617,212,735728.68,1
2878,1256,20,4658181.86,0
2879,3326,142,2241359.69,0
2880,4701,55,4562961.77,1
2881,2310,30,4615362.3,1
2882,4635,220,1089448.64,1
2883,2482,273,1765065.42,1
2884,2502,14,4507121.05,1
2885,2912,57,3845706.58,0
2886,4734,171,1763163.54,1
2887,3812,174,2898025.16,1
2888,3275,33,2129846.99,0
2889,513,222,1421865.58,0
2890,1033,7,5207288.94,0
2891,301,102,1899844.08,0
2892,2017,205,6464299.55,1
2893,1669,222,4424776.02,1
2894,137,54,2225349.06,1
2895,2286,212,2824971.12,1
2896,1105,111,1838388.43,1
2897,4089,232,4798302.77,1
2898,2162,198,2209438.49,0
2899,59,126,951423.15,1
2900,3609,10,3214979.63,0
2901,3156,12,879107.23,1
2902,3694,295,920752.37,1
2903,1682,120,6253063.06,1
2904,4720,223,2272006.7,1
2905,2246,66,5139872.36,1
2906,3068,299,2042858.77,1
2907,2843,195,6179111.65,1
2908,2876,295,2633572.93,1
2909,1091,74,4612122.35,1
2910,2331,196,3934933.26,1
2911,1030,152,1643456.1,1
2912,1174,293,1185255.32,1
2913,3849,115,1654005.63,0
2914,3926,47,2529649.67,1
2915,4160,81,1258156.83,0
2916,2994,251,2180831.85,1
2917,1309,233,1527500.15,0
2918,555,265,1216839.27,1
2919,3148,283,1004229.9,1
2920,4396,240,4105378.92,1
2921,2581,255,2724741.33,1
2922,1395,20,2574293.98,1
2923,2981,99,2207354.0,0
2924,829,303,1435060.57,1
2925,4319,47,2905915.15,1
2926,1927,103,4256430.73,0
2927,2990,230,2222248.24,1
2928,3383,14,1928616.96,1
2929,4296,29,2166190.33,1
2930,1696,210,3491164.09,1
2931,2361,79,4617458.05,0
2932,1862,5,3772795.04,1
2933,317,7,1670016.0,0
2934,1541,1,2752171.8,1
2935,796,23,1908022.0,1
2936,3736,245,1437011.94,1
2937,3230,75,6243454.93,1
2938,546,85,7627753.91,0
2939,1897,32,4120069.12,0
2940,110,209,3055053.52,1
2941,2356,26,2095159.75,1
2942,1197,3,2095165.95,1
2943,3712,233,2987020.97,0
2944,4680,12,2713691.59,1
2945,3123,25,4608262.54,1
2946,687,171,2307897.72,0
2947,3670,65,2321543.68,1
2948,2577,11,3328316.3,1
2949,186,238,3196126.75,1
2950,397,223,5154381.67,0
2951,4648,75,5886891.21,0
2952,3738,265,1786383.98,1
2953,1824,155,2623855.54,0
2954,22,295,1416838.29,0
2955,3555,252,1814839.11,1
2956,2283,63,4423809.56,1
2957,2078,12,785920.37,1
2958,130,74,4962842.53,1
2959,1051,245,2516708.83,1
2960,1219,35,1811251.13,1
2961,2749,130,4067545.53,1
2962,3109,94,1055738.99,1
2963,433,4,2402096.08,1
2964,4751,263,4100149.01,0
2965,240,159,843013.29,1
2966,3365,237,1848780.24,1
2967,1393,32,3266512.71,1
2968,4951,71,2105323.02,0
2969,2139,165,670155.19,1
2970,2979,59,1339631.84,1
2971,1228,10,2912101.43,1
2972,1673,285,3732302.87,1
2973,4951,159,2932376.96,1
2974,4217,302,3252505.38,1
2975,141,170,5528028.57,0
2976,3388,21,1590281.17,0
2977,4342,212,2955951.59,0
2978,3233,224,3687495.38,0
2979,2119,53,1562643.19,1
2980,2109,102,1480190.12,1
2981,3778,260,3884568.87,1
2982,4567,261,2243936.26,0
2983,4546,88,1300338.93,0
2984,2876,120,1378013.62,1
2985,2940,7,1131084.41,1
2986,3631,123,2742549.56,1
2987,2492,219,5464030.23,0
2988,246,174,5503779.89,0
2989,3151,300,1110763.82,0
2990,4028,195,5678645.36,0
2991,4866,259,4813071.75,1
2992,1441,220,4616390.23,1
2993,405,34,6927331.95,1
2994,2949,204,1379068.49,1
2995,2829,159,7118863.25,0
2996,3531,124,1954136.06,1
2997,2413,6,4910126.41,1
2998,3370,176,13077449.66,1
2999,4097,113,2036643.82,0
3000,1139,257,1329794.88,1
3001,528,87,3175225.98,1
3002,3927,93,1873900.42,1
3003,3206,21,2191214.17,1
3004,769,47,1707879.99,1
3005,1503,270,1818175.63,0
3006,2769,76,924371.13,1
3007,3805,217,4500964.13,1
3008,2680,255,1206027.04,0
3009,331,218,3145262.07,1
3010,3874,135,3620271.89,1
3011,4197,205,5389448.83,1
3012,209,142,3812043.79,1
3013,3,214,2567706.25,0
3014,653,210,2419557.29,1
3015,4423,60,2404026.93,0
3016,4668,25,2014609.57,1
3017,2414,200,4737310.39,1
3018,2121,201,3476147.88,1
3019,4626,25,2089267.64,1
3020,1233,191,1027918.4,1
3021,46,301,2223858.08,1
3022,4244,39,7366763.44,1
3023,4608,247,2022383.8,0
3024,4049,163,3373498.22,0
3025,2717,127,2017095.63,1
3026,4985,288,5330558.76,1
3027,332,242,1584176.89,1
3028,4408,101,4734861.4,0
3029,4927,9,3625068.83,1
3030,2710,147,3725563.34,1
3031,1406,69,4550831.43,0
3032,1022,80,814828.63,0
3033,921,42,7350914.41,1
3034,520,45,2129885.33,1
3035,337,161,4365368.66,1
3036,2662,253,4568599.88,1
3037,2587,6,4787029.73,0
3038,541,178,6577462.86,1
3039,3380,6,2504306.61,1
3040,2661,65,1759742.64,1
3041,1502,262,1836153.2,0
3042,4489,16,1206358.87,1
3043,3475,274,2023339.85,1
3044,1898,11,11275919.49,0
3045,4225,188,3572829.72,0
3046,4893,180,3553540.66,1
3047,2271,266,2496974.34,1
3048,3090,88,1291437.22,0
3049,4824,115,2655365.75,1
3050,2273,148,720034.14,1
3051,534,126,3951659.22,1
3052,2061,17,2080101.43,1
3053,3646,229,2313048.78,1
3054,4898,54,3528232.95,1
3055,3684,134,9329877.19,0
3056,4808,57,5580754.39,1
3057,2787,113,1645972.92,0
3058,3694,152,1569538.38,1
3059,698,160,1839417.75,0
3060,4245,67,3643259.72,1
3061,2719,243,1780941.09,1
3062,139,2,1548751.52,1
3063,827,156,2242780.55,1
3064,3664,303,3956899.94,0
3065,426,96,3805421.25,1
3066,3185,270,1581881.68,1
3067,2705,110,4535812.25,1
3068,2307,162,1326019.62,0
3069,3037,20,1018468.27,1
3070,3355,200,2492375.32,0
3071,4015,92,2841392.19,1
3072,2692,262,1587589.3,1
3073,1023,154,2174052.2,0
3074,4403,36,1584067.48,1
3075,4661,32,3697831.75,1
3076,957,68,4345009.94,1
3077,2856,277,2446779.47,1
3078,2391,241,2771328.48,1
3079,3225,213,1401389.46,1
3080,304,127,959409.51,0
3081,836,11,2372334.93,0
3082,808,120,5733407.43,1
3083,4004,25,1995525.55,1
3084,3090,242,2575063.4,1
3085,3288,95,1879630.37,1
3086,1576,192,4660492.33,1
3087,925,143,2887281.91,0
3088,489,74,3586783.02,1
3089,2508,236,2895654.76,1
3090,3784,2,4206217.11,1
3091,1931,92,1210303.4,0
3092,4868,22,2129848.0,0
3093,4991,207,3703714.26,1
3094,340,51,3090320.52,1
3095,4922,196,1246346.03,1
3096,3842,26,1306168.09,1
3097,2956,176,5306079.14,1
3098,975,150,1109405.17,1
3099,1929,156,1562661.29,0
3100,4135,121,1718830.54,1
3101,2384,101,2970817.73,1
3102,4541,242,2758229.8,1
3103,1327,296,2152121.08,1
3104,1553,236,1743923.74,0
3105,3868,213,5776024.72,1
3106,607,228,2264118.87,1
3107,2517,117,1685161.04,1
3108,1693,100,1987256.29,1
3109,2784,147,3125670.3,1
3110,822,19,9525225.28,1
3111,227,187,3338647.39,0
3112,3850,281,1847138.27,1
3113,426,139,2360190.27,0
3114,1926,256,2728312.12,1
3115,1074,242,2545092.72,1
3116,3498,40,3240890.88,0
3117,2191,33,2460898.5,1
3118,5000,97,1930522.48,0
3119,2190,76,1499203.07,1
3120,1327,74,2331788.13,0
3121,4248,34,1496282.67,0
3122,4123,219,2242984.42,0
3123,3898,28,2533676.12,1
3124,2281,256,1861100.72,1
3125,3173,283,3617682.26,0
3126,1373,264,5486123.73,0
3127,158,303,5838909.79,0
3128,450,124,1534675.65,1
3129,2757,280,2830422.44,1
3130,1190,293,3562336.69,1
3131,4925,137,3131708.76,1
3132,320,175,2284823.36,1
3133,2494,46,4490441.99,1
3134,2810,253,2320996.05,1
3135,2759,95,1927980.17,1
3136,2542,208,1604277.89,1
3137,236,40,2443065.1,1
3138,3327,108,2785091.23,1
3139,1311,214,3619208.33,0
3140,1303,37,2579845.06,1
3141,3029,29,2340814.89,1
3142,3920,263,2314323.51,1
3143,4325,51,2877991.25,1
3144,4284,273,2252030.66,1
3145,3807,105,4702545.3,1
3146,2145,214,3163552.59,1
3147,4182,96,4768091.79,1
3148,4529,279,4119057.53,1
3149,3959,118,2631506.29,1
3150,18,234,4212944.45,0
3151,3130,293,2046946.5,1
3152,4576,131,3423575.05,1
3153,2660,140,2187197.83,0
3154,407,159,1386535.6,1
3155,1792,123,3438489.42,1
3156,3499,62,2145829.08,1
3157,4045,21,1238770.81,0
3158,3092,69,1659353.05,1
3159,2174,237,2100105.75,1
3160,2572,126,2087149.22,1
3161,2701,147,6741123.53,1
3162,4946,184,3975370.29,1
3163,4995,65,1002837.14,1
3164,2235,4,1860421.89,0
3165,1415,131,2152900.51,0
3166,1147,265,2565916.42,0
3167,2120,12,2798508.89,1
3168,805,80,3066682.21,1
3169,406,293,1192070.19,1
3170,1595,20,1496514.16,1
3171,1682,83,2560939.42,1
3172,3740,101,3878247.1,1
3173,4477,263,2864895.45,0
3174,1653,14,2004587.43,1
3175,1346,298,2921876.66,1
3176,1936,114,5911337.62,0
3177,4181,116,2693593.7,1
3178,1589,57,1419537.1,1
3179,2685,175,1470164.87,0
3180,2305,279,4021223.32,1
3181,2711,161,1300932.98,0
3182,2501,152,2507972.34,1
3183,4914,136,1580473.29,1
3184,684,156,2329130.78,0
3185,2336,41,4940619.48,1
3186,3257,272,2946214.42,1
3187,1521,280,4525430.96,1
3188,2467,90,6544503.11,1
3189,3221,272,3707625.53,1
3190,3997,278,4654520.85,1
3191,2510,270,2408165.33,1
3192,3566,61,4979084.38,1
3193,2375,192,3254360.09,1
3194,2154,9,2587946.96,1
3195,4463,123,3845556.72,1
3196,1885,249,2814889.58,0
3197,3688,6,2886182.57,0
3198,1081,12,2799095.37,1
3199,2088,34,1287024.78,1
3200,846,231,4669540.64,1
3201,910,43,731777.49,0
3202,1582,267,3493365.27,1
3203,364,244,3331729.28,1
3204,3108,183,3064700.39,0
3205,1240,300,3789465.53,1
3206,3193,113,2524582.63,1
3207,4881,82,4684905.92,0
3208,4636,170,2720907.95,0
3209,578,195,1065040.55,1
3210,3078,3,3924746.5,0
3211,4988,136,2413576.5,1
3212,3488,103,7937221.99,1
3213,3173,85,5435325.84,1
3214,4002,93,4099547.79,1
3215,2457,150,3546153.22,1
3216,3519,45,3111242.97,1
3217,4243,232,2699365.99,1
3218,2931,263,2940680.24,1
3219,1513,240,5792042.05,1
3220,3833,136,1588840.04,1
3221,275,220,2236770.94,1
3222,3377,217,4556029.86,1
3223,886,182,1933865.15,1
3224,79,84,1399108.15,1
3225,4001,63,2194898.39,1
3226,4002,44,2892379.12,0
3227,2902,262,1302888.04,1
3228,89,77,1870110.38,1
3229,2346,74,4093278.99,0
3230,2229,137,2165798.57,1
3231,3791,217,974162.77,0
3232,4311,243,1654085.31,1
3233,2402,219,6087749.15,0
3234,3482,28,2216040.14,1
3235,2360,301,2209629.12,1
3236,4596,183,2540347.89,0
3237,4583,253,2661737.33,1
3238,3648,232,2652387.45,0
3239,2859,220,4466867.49,1
3240,2499,144,2901885.42,1
3241,3247,124,2608667.99,1
3242,1805,280,2107174.67,1
3243,3180,219,1475704.86,1
3244,108,170,3897507.53,1
3245,1376,106,2769922.95,1
3246,3605,98,2756065.54,1
3247,4992,243,1871423.63,0
3248,960,212,4504510.54,1
3249,205,109,3499806.03,1
3250,1759,277,1747309.33,1
3251,1591,177,5301583.78,1
3252,4979,295,1531928.05,1
3253,1721,175,807593.72,1
3254,4614,166,1867203.17,0
3255,4897,76,4229104.8,0
3256,38,31,1654404.73,1
3257,2998,49,2187487.84,1
3258,1363,48,2374742.66,1
3259,1874,64,2186023.24,0
3260,2136,184,458752.28,1
3261,1599,85,3509006.35,0
3262,866,149,2950744.23,1
3263,442,112,3376697.68,1
3264,748,143,3393455.28,0
3265,164,120,2332330.85,1
3266,2017,251,981606.44,0
3267,786,222,2103221.88,1
3268,946,30,1395188.37,1
3269,2302,283,4300958.11,1
3270,2944,185,2268308.82,1
3271,1444,232,1119066.66,1
3272,2391,166,4638100.29,1
3273,4924,118,2397710.32,0
3274,4420,104,1527987.81,1
3275,1391,265,1604785.14,0
3276,3506,27,4919209.99,0
3277,4173,46,5161783.96,1
3278,2795,101,2670300.99,0
3279,4265,281,4098259.72,1
3280,1621,280,8006132.98,0
3281,1079,262,2915327.06,1
3282,2131,303,2765189.07,1
3283,1135,110,2613362.35,0
3284,3013,167,2223634.09,1
3285,3563,39,976737.23,1
3286,4473,83,2432326.2,1
3287,4811,78,1925178.07,1
3288,2459,303,745384.77,1
3289,2655,128,3425081.77,1
3290,42,272,1343886.73,1
3291,1881,91,2258699.97,1
3292,1447,180,1789347.19,0
3293,154,72,3067325.27,1
3294,244,17,5312869.43,1
3295,3949,214,3118686.79,1
3296,574,217,2158323.68,1
3297,1278,76,2954166.33,1
3298,3125,283,2523335.77,0
3299,996,259,1459954.04,1
3300,2882,165,1953700.51,1
3301,1065,224,3387684.61,1
3302,1823,173,1266369.52,1
3303,3360,240,3618659.04,1
3304,4093,170,5394460.03,1
3305,2060,140,2064313.01,1
3306,2975,167,6590639.97,1
3307,4045,96,5284152.6,1
3308,4043,116,2259664.67,1
3309,457,51,3785229.09,1
3310,253,1,1560031.66,1
3311,3434,88,2554043.51,1
3312,2440,89,5383299.84,0
3313,4342,196,3773067.29,1
3314,2972,154,1919445.33,1
3315,4261,213,1716656.16,0
3316,3861,205,1525298.72,1
3317,844,116,3187421.8,0
3318,4408,130,1621439.51,1
3319,2991,216,2052124.15,1
3320,473,133,13967065.18,1
3321,4774,173,2622359.25,1
3322,1160,100,4028974.57,1
3323,3995,224,3062051.28,1
3324,1890,144,1928895.21,1
3325,4308,294,1799112.82,1
3326,490,106,3258097.81,1
3327,4642,209,3229554.75,0
3328,2500,125,5054057.31,0
3329,563,96,2979319.1,1
3330,2258,214,1597852.53,0
3331,921,118,3447695.09,0
3332,2618,286,4355533.59,1
3333,3978,83,5214730.75,1
3334,566,42,2457413.56,1
3335,3968,222,2350219.34,1
3336,4064,109,2639546.88,1
3337,508,91,3118248.78,0
3338,4187,241,2048730.88,1
3339,4292,89,2659532.68,0
3340,3148,173,1410496.27,1
3341,1545,212,5544330.39,1
3342,860,141,3846627.68,0
3343,4621,90,3620276.42,1
3344,3979,15,2915512.4,1
3345,310,40,1478403.97,1
3346,1277,182,3413725.82,1
3347,3033,129,1765754.72,1
3348,3002,182,2241602.48,1
3349,4922,164,1384729.86,1
3350,3420,230,1875436.7,1
3351,2944,122,2023331.2,1
3352,1668,59,1764123.51,1
3353,575,302,996777.03,1
3354,1405,116,2103016.76,1
3355,449,41,1903635.46,0
3356,4774,30,4431967.07,1
3357,2863,2,1387567.7,0
3358,2095,249,2422157.27,1
3359,3636,296,1348883.54,0
3360,3203,4,1256601.29,0
3361,4002,247,3977396.99,1
3362,229,31,3372746.76,0
3363,2912,301,2634355.66,1
3364,15,169,3830068.99,0
3365,1524,148,5597986.0,0
3366,1679,132,1417525.51,0
3367,507,138,1814529.47,1
3368,4716,238,3531794.12,1
3369,3289,266,3124521.45,0
3370,4068,294,3537658.24,1
3371,2779,299,3866324.2,0
3372,2455,274,6155340.43,0
3373,1292,264,2996021.14,1
3374,1128,44,1546240.05,1
3375,4753,205,2152211.52,0
3376,4590,298,1077418.25,1
3377,2833,119,1393377.48,1
3378,4317,106,4402360.03,1
3379,3911,282,5575435.65,1
3380,3733,276,2223475.78,1
3381,3035,258,3744264.17,1
3382,1857,200,1641885.02,1
3383,775,120,2058636.29,0
3384,2312,24,4394439.78,1
3385,4655,33,3255703.53,0
3386,537,304,1685251.22,1
3387,2879,126,1860195.11,1
3388,2416,216,2296836.21,1
3389,3243,290,1608210.05,1
3390,3556,299,2819276.8,1
3391,2585,74,1853760.12,0
3392,2975,247,1917597.98,1
3393,3856,9,2047810.12,1
3394,1008,226,2511314.91,1
3395,4719,248,7406633.58,0
3396,2566,286,6145078.59,1
3397,1650,75,4977593.48,1
3398,4462,67,6725217.11,1
3399,4254,253,1406355.1,1
3400,856,27,3625977.82,1
3401,589,270,4067775.57,1
3402,4244,98,9720356.55,1
3403,2130,106,5907797.6,1
3404,4927,40,1479027.0,1
3405,4483,100,1256986.32,1
3406,559,215,2159800.51,1
3407,2916,45,977336.22,1
3408,2760,262,1066328.49,1
3409,194,238,1775483.64,1
3410,1656,192,2407283.46,1
3411,1836,274,3456184.61,0
3412,2984,19,4697986.95,1
3413,3597,244,1837131.97,1
3414,736,62,4571201.89,1
3415,1624,256,2129632.53,1
3416,2011,106,3156275.05,1
3417,1206,253,1965352.91,1
3418,4297,134,3413948.17,1
3419,4009,67,2631273.05,1
3420,544,69,979391.42,0
3421,1234,109,1531396.06,0
3422,1417,53,3708460.13,1
3423,1019,219,4014536.9,0
3424,777,111,7542669.21,1
3425,3471,15,3610414.09,0
3426,4267,25,4089025.45,1
3427,3463,275,3260693.82,1
3428,3486,110,2217847.01,1
3429,8,112,3540057.08,1
3430,467,97,1337111.32,1
3431,2811,259,2689347.35,1
3432,3195,123,1846474.98,1
3433,317,90,6200789.31,0
3434,3641,39,2199129.8,1
3435,4549,136,5679015.15,0
3436,3235,11,992851.02,1
3437,3692,162,4672619.02,1
3438,3742,295,2171882.5,1
3439,3674,113,4483325.25,1
3440,2646,213,1423798.94,0
3441,3702,47,3180364.25,1
3442,23,132,5634162.54,1
3443,928,277,6054141.38,1
3444,2371,199,3741172.2,1
3445,531,125,2806463.41,1
3446,2268,300,2598307.45,0
3447,2244,44,2335434.26,0
3448,2410,293,1309981.61,1
3449,3498,187,2445415.52,1
3450,1762,185,1894254.21,1
3451,4965,296,3053072.62,1
3452,195,38,4036265.0,1
3453,1393,71,1858085.98,0
3454,4370,221,1058309.54,1
3455,4543,269,2435470.45,1
3456,4470,41,5613294.63,1
3457,385,291,1049742.11,1
3458,2365,286,6833009.74,0
3459,1505,275,4498820.7,1
3460,372,245,1433694.5,0
3461,2054,173,1874448.0,1
3462,159,121,2522792.07,1
3463,1769,195,2787412.45,1
3464,2893,80,1135871.83,0
3465,4167,254,1765276.74,1
3466,456,280,3813628.21,1
3467,2184,162,1876054.44,1
3468,2068,55,2010424.49,1
3469,3843,295,5099154.58,1
3470,1276,36,3745364.28,0
3471,4419,303,1344208.07,1
3472,1344,176,1156544.3,1
3473,2531,264,1572750.35,0
3474,4064,122,2773847.54,1
3475,1921,46,1156236.76,1
3476,3773,47,2184603.32,1
3477,12,249,3904788.61,1
3478,4821,246,1674377.87,1
3479,3646,24,3410443.72,0
3480,734,180,2806470.44,1
3481,4812,297,4704313.85,1
3482,4283,247,647222.79,1
3483,1192,37,6598376.87,0
3484,1823,208,2962894.2,1
3485,4681,184,1994466.19,0
3486,1849,2,1743817.23,1
3487,4906,12,2208460.96,1
3488,1369,301,2929416.54,0
3489,3314,75,4996045.35,1
3490,1001,138,3114774.99,1
3491,3184,201,1771661.53,0
3492,4118,220,2010868.92,0
3493,4200,113,2476558.82,1
3494,2065,198,3853255.32,1
3495,4869,95,1883276.06,0
3496,2113,25,4277234.71,1
3497,3120,168,2971726.22,1
3498,4408,206,1196064.06,0
3499,113,38,4400561.53,1
3500,3494,207,2339683.26,1
3501,3801,303,3050515.95,1
3502,2102,11,2443073.62,1
3503,1496,106,5995096.08,1
3504,3661,237,2629631.81,0
3505,2547,9,4360094.88,1
3506,602,21,1626865.17,1
3507,3120,248,2400811.18,0
3508,4759,55,2883061.69,0
3509,1848,234,3570874.08,1
3510,3935,201,3891604.93,1
3511,594,188,3936868.22,0
3512,269,264,3439554.97,1
3513,2711,192,2688643.73,1
3514,1273,197,4477039.45,1
3515,2386,277,2636439.28,0
3516,1917,90,1227793.14,1
3517,4884,69,2994378.79,0
3518,1796,175,1660230.41,0
3519,393,133,2359642.35,1
3520,1216,5,3326247.8,0
3521,4343,17,2055483.16,1
3522,2433,86,4282262.89,1
3523,2472,237,1897737.14,0
3524,4127,192,1569708.43,1
3525,1052,211,3294259.6,1
3526,4175,67,2138126.22,1
3527,1474,280,2631803.86,1
3528,3847,269,1542297.54,1
3529,44,274,1963671.68,1
3530,1966,117,2895009.47,1
3531,2708,135,1210864.41,0
3532,2491,114,1285250.96,1
3533,4618,95,2183639.59,1
3534,1715,95,2422200.17,1
3535,3760,118,1555231.65,1
3536,4474,90,3568708.22,1
3537,1454,105,1569317.65,1
3538,3710,59,1165858.62,1
3539,1769,157,1386834.71,0
3540,2235,223,3485380.68,1
3541,1485,3,3220532.95,1
3542,1680,19,2588110.44,0
3543,631,260,4255291.49,1
3544,3850,226,5854552.67,0
3545,793,189,1277232.37,1
3546,3678,104,2549134.76,1
3547,3583,224,2533843.75,1
3548,4394,79,5685808.29,1
3549,2913,282,2217743.48,0
3550,723,92,1805940.52,1
3551,1443,72,2085012.7,1
3552,3899,227,2861769.97,1
3553,1314,99,3669915.96,1
3554,4046,75,1144883.31,1
3555,3620,299,3368920.85,1
3556,3165,96,3331869.75,1
3557,477,225,2869479.08,0
3558,2795,58,5131483.33,0
3559,1085,168,2630498.33,1
3560,4964,303,1037552.06,1
3561,1765,165,2001466.11,1
3562,2185,103,2637108.7,1
3563,4377,173,2049476.89,1
3564,167,22,4906820.34,1
3565,4090,98,1933633.87,1
3566,1420,70,2931493.77,1
3567,414,238,2635466.97,1
3568,945,144,1145090.99,1
3569,2780,135,3035859.73,1
3570,1134,33,2201086.85,0
3571,4183,236,2553787.99,1
3572,362,258,3365928.5,1
3573,2724,67,3608199.29,1
3574,156,89,2936661.63,1
3575,2314,266,3873772.94,0
3576,3685,238,1682818.07,0
3577,4462,68,3103197.48,1
3578,4248,146,2001572.46,0
3579,3672,102,2677022.63,0
3580,4282,36,1463470.35,0
3581,2545,125,6234982.89,0
3582,4461,77,2339459.28,1
3583,878,155,4108303.64,1
3584,2304,180,3280123.0,1
3585,891,70,5233010.92,0
3586,729,268,1963631.6,1
3587,1184,165,3085549.72,1
3588,3695,144,6237001.29,0
3589,2932,99,1571440.31,1
3590,2816,251,2874819.3,1
3591,2736,254,1784556.34,1
3592,2142,32,1531714.49,0
3593,3166,121,3145974.07,1
3594,836,146,1568310.34,1
3595,987,237,2273312.63,0
3596,1514,9,3381174.13,0
3597,2594,199,3345672.01,1
3598,3194,144,1647794.31,1
3599,3052,134,3081253.56,0
3600,670,195,4385288.97,1
3601,4289,21,932508.16,1
3602,3644,104,5182900.96,1
3603,1378,63,1622522.58,1
3604,800,203,3208055.53,1
3605,1391,16,4773132.56,1
3606,4870,6,1989186.83,1
3607,4964,226,3517212.48,0
3608,2102,226,761009.03,1
3609,312,211,2767882.5,0
3610,1732,16,2817024.46,0
3611,2442,304,4922687.8,1
3612,4816,298,1790253.23,1
3613,4643,157,2577205.03,1
3614,3484,139,2614325.0,0
3615,2748,235,5134698.36,1
3616,2537,82,2795382.99,0
3617,2901,20,1782388.35,1
3618,493,181,3071397.27,1
3619,1342,233,2538176.46,1
3620,2890,55,2502120.65,1
3621,3673,132,3410145.86,1
3622,2133,149,2920064.43,0
3623,4810,24,1176422.77,0
3624,3749,72,2663068.47,0
3625,2329,35,2266968.55,1
3626,4898,301,4989297.7,1
3627,4329,66,1910628.61,1
3628,2563,199,1451334.73,1
3629,174,160,2803555.43,1
3630,2920,90,3495798.28,0
3631,4208,263,4437911.55,1
3632,4486,114,3896709.12,0
3633,4789,103,2295487.95,1
3634,364,246,1111184.48,0
3635,4251,255,5316731.38,0
3636,2027,114,4874391.07,0
3637,438,40,2713325.22,0
3638,2170,6,2034923.84,1
3639,3182,217,1073147.51,1
3640,3081,302,2026113.79,1
3641,373,48,1981950.99,1
3642,540,176,1516508.64,1
3643,339,196,898070.56,1
3644,388,90,4125448.78,1
3645,387,182,3038163.27,1
3646,964,22,1261677.28,1
3647,715,258,1456170.88,0
3648,3786,103,1248177.76,1
3649,2681,3,1357992.14,1
3650,2839,281,6500370.5,1
3651,3734,173,1735722.05,1
3652,2985,135,1096418.34,1
3653,815,28,1243047.56,1
3654,4457,1,4018097.94,1
3655,34,296,2512128.17,1
3656,1525,149,5678162.48,0
3657,2133,128,2714960.46,1
3658,1069,273,1060825.55,1
3659,2128,85,5082115.88,1
3660,837,211,924864.5,1
3661,2191,219,2392537.48,1
3662,569,250,4945015.41,1
3663,2787,107,5143426.7,1
3664,2802,139,1572644.13,1
3665,4859,88,8483364.91,1
3666,849,204,902106.27,0
3667,1414,255,3218577.8,1
3668,3119,294,2381610.31,1
3669,2851,178,1130523.58,1
3670,2982,293,3352835.73,1
3671,4216,29,2901113.41,0
3672,2458,160,2957280.69,1
3673,2175,148,1054587.61,1
3674,1720,21,2232014.2,1
3675,75,102,2657186.75,1
3676,1991,157,2345208.3,1
3677,1759,109,2393437.8,1
3678,3617,90,2931782.18,1
3679,3518,31,1848098.25,1
3680,1353,34,2735616.73,1
3681,934,141,2481569.88,1
3682,3389,160,4670209.38,1
3683,3333,105,1496645.62,1
3684,1438,205,2897153.28,1
3685,261,237,1867225.91,1
3686,2436,141,1754485.47,0
3687,3356,28,3675943.72,1
3688,1028,183,1043176.98,0
3689,2501,223,2645590.55,1
3690,4563,180,1830683.08,1
3691,3514,89,573285.4,0
3692,4263,66,1501635.42,1
3693,140,94,1508112.54,1
3694,4690,87,514300.15,0
3695,4761,279,1521059.87,1
3696,3290,272,1356775.23,1
3697,2902,17,1616843.89,1
3698,860,193,1506246.39,1
3699,3344,19,5693699.7,1
3700,3141,276,2749671.66,1
3701,4077,246,5640169.16,1
3702,967,242,2769592.82,1
3703,247,230,2497566.62,0
3704,2345,206,1972563.09,0
3705,800,72,3659084.29,1
3706,4369,205,1079970.13,0
3707,789,282,2230462.92,1
3708,935,6,1673053.11,1
3709,788,34,8255301.6,1
3710,4394,95,2285954.36,1
3711,437,289,4589317.54,1
3712,2412,106,1623340.7,1
3713,4601,288,2817510.53,0
3714,1566,264,1652031.25,1
3715,1743,180,2035379.1,0
3716,3373,18,1218004.85,1
3717,569,137,1247022.87,1
3718,2824,301,5460309.6,1
3719,3562,7,2242864.48,1
3720,2044,152,1800238.2,0
3721,1834,230,1886938.07,1
3722,761,286,2035148.37,1
3723,1028,24,3384050.99,1
3724,1494,191,1145900.2,1
3725,4644,217,8173317.51,1
3726,773,220,2816163.63,1
3727,4238,159,2439721.23,0
3728,1646,176,1610805.72,1
3729,2960,142,3353423.1,1
3730,3972,169,694284.68,0
3731,2488,176,2581824.42,1
3732,4831,253,1169323.68,0
3733,512,168,6119192.4,1
3734,3229,186,6124420.97,1
3735,2406,286,1385287.15,1
3736,2608,167,2131403.64,1
3737,2065,79,4034593.84,1
3738,4195,31,2573921.7,1
3739,2519,182,3095522.12,1
3740,4197,239,3705778.87,1
3741,2025,300,1613800.93,1
3742,210,224,3215192.71,1
3743,2660,121,2748168.54,1
3744,4976,88,1552501.49,1
3745,2852,76,1633988.74,0
3746,4723,157,2119119.24,1
3747,423,7,2847874.57,0
3748,3341,26,2016380.42,0
3749,1049,98,3752227.59,1
3750,253,294,2495008.28,1
3751,2287,163,571705.89,1
3752,3256,32,1739544.17,1
3753,4516,289,1033648.32,1
3754,2762,236,2483283.89,1
3755,4697,110,3688975.83,1
3756,2903,82,2574068.94,1
3757,2838,130,1512232.18,0
3758,1005,301,1018026.64,0
3759,2865,88,1413204.43,1
3760,4908,176,2024309.56,1
3761,2662,128,1171907.69,1
3762,3132,3,2940704.38,0
3763,1456,115,2884652.75,1
3764,4558,169,1797275.91,1
3765,2280,26,3440658.82,0
3766,1969,51,3508258.6,0
3767,2850,38,3386860.23,1
3768,3398,280,1826995.14,1
3769,4332,263,4252945.99,1
3770,2742,191,3654564.19,1
3771,1724,246,2062427.03,1
3772,1543,73,1895465.96,1
3773,1044,34,1587112.43,1
3774,1342,70,4773610.11,1
3775,743,81,1576008.09,1
3776,3875,158,3629057.26,1
3777,1585,205,3632013.05,1
3778,4839,146,2360821.07,0
3779,2528,82,2074617.71,0
3780,510,265,3015082.43,1
3781,4924,159,2711674.39,1
3782,3357,184,4621226.73,1
3783,978,195,2676362.78,1
3784,3780,276,5680516.73,1
3785,245,223,3401739.97,1
3786,427,79,2434700.99,0
3787,1356,33,3172070.21,1
3788,3482,192,1835959.26,1
3789,3051,90,5178731.17,1
3790,1602,231,4983114.71,0
3791,4772,92,518797.79,1
3792,3643,193,3810478.38,1
3793,3380,63,2343160.84,1
3794,195,115,2145079.71,1
3795,3933,123,3357679.72,1
3796,690,180,2182684.44,0
3797,3091,117,1579435.74,1
3798,1379,156,1580086.64,1
3799,4817,1,2040380.73,1
3800,4849,265,2115943.07,0
3801,2938,105,1870388.27,0
3802,2499,258,1154453.48,0
3803,3391,190,2770739.14,1
3804,4410,170,1841335.28,1
3805,4919,67,3301833.82,1
3806,4632,28,1424401.43,1
3807,2789,14,701883.89,1
3808,572,264,1211131.15,1
3809,1185,243,3945543.44,1
3810,1915,205,3450022.49,0
3811,4748,76,2161593.04,1
3812,1714,270,2156943.29,1
3813,2756,288,29814681.17,1
3814,3717,135,5370377.49,1
3815,4040,153,5529813.43,1
3816,1181,91,4298256.79,1
3817,2013,17,1940424.17,1
3818,4446,105,1977209.88,1
3819,4804,256,3929100.91,1
3820,2916,23,4693832.25,0
3821,3941,243,5980992.21,0
3822,2534,34,3769841.18,0
3823,3170,108,3082718.32,1
3824,4928,171,3545697.12,1
3825,3828,192,1192309.11,0
3826,3851,301,2232357.95,1
3827,4097,200,3735851.84,1
3828,68,256,1944928.28,0
3829,4273,131,2023495.05,1
3830,3043,108,1162510.07,1
3831,2778,270,4254422.58,0
3832,4703,209,1585344.92,0
3833,3515,121,3159871.69,1
3834,2944,165,3384748.53,1
3835,4845,298,1792853.36,1
3836,2845,33,7627108.96,0
3837,2862,272,2084243.12,1
3838,540,124,1982807.04,1
3839,44,42,1123942.8,1
3840,1936,217,1413327.12,1
3841,58,20,6791638.54,1
3842,2836,125,1859915.0,1
3843,3851,123,3026643.25,1
3844,1645,301,2851583.63,1
3845,231,59,4942470.89,1
3846,4403,201,2747365.14,1
3847,3414,113,3126990.18,0
3848,420,39,2226453.06,1
3849,4455,286,6160087.51,1
3850,2275,129,805258.91,1
3851,2804,130,1364570.18,1
3852,4040,92,3688963.61,0
3853,1165,135,2654194.63,1
3854,972,71,1690466.88,1
3855,4644,227,2198042.17,1
3856,552,247,2930712.63,1
3857,2530,98,3158826.55,1
3858,1296,104,1253067.53,0
3859,895,90,2108472.72,1
3860,4494,49,2680868.82,1
3861,2063,154,1581192.27,1
3862,4911,245,2916482.17,1
3863,3836,5,6740602.82,0
3864,3242,170,3165078.49,1
3865,2878,262,613071.88,1
3866,738,181,2086981.95,0
3867,2806,297,1183597.66,1
3868,4794,277,2767671.58,0
3869,208,48,910128.21,0
3870,4212,11,2953289.31,1
3871,2100,180,1562859.85,1
3872,2207,170,2684704.69,1
3873,3436,204,9041395.23,1
3874,3856,298,2291480.29,1
3875,852,154,814663.57,1
3876,3563,26,1942988.73,1
3877,4909,33,2026904.62,1
3878,1170,113,3628509.72,1
3879,135,299,2791331.11,1
3880,1272,247,3011765.85,1
3881,1314,115,816758.38,0
3882,2364,273,3156263.24,0
3883,177,59,1322698.49,1
3884,2871,50,1324638.47,0
3885,1280,87,1913561.29,1
3886,2796,67,4968241.64,0
3887,1554,40,2182658.24,1
3888,4534,87,3680459.34,0
3889,2401,212,4267213.29,1
3890,4922,181,3509542.46,0
3891,4318,13,6642077.52,1
3892,3702,74,1671815.64,0
3893,1502,220,3005102.34,1
3894,4206,275,2647899.25,0
3895,1011,286,2823982.68,0
3896,4037,248,4903374.72,0
3897,1020,280,1276306.78,1
3898,2632,274,1494943.32,0
3899,425,82,2921583.73,0
3900,2835,85,691845.54,1
3901,743,136,1978737.41,1
3902,4260,65,3265230.6,1
3903,1485,111,3745848.5,1
3904,4943,8,1427135.55,1
3905,1153,183,2120714.29,1
3906,3765,28,2987980.49,0
3907,390,154,2527334.04,1
3908,2806,193,3159169.65,1
3909,4795,204,1534415.94,1
3910,1113,137,3481319.33,1
3911,387,265,2831214.59,1
3912,3013,245,2812470.13,0
3913,3688,25,5632238.13,1
3914,1352,304,1476374.64,1
3915,1330,26,1591326.2,1
3916,2948,51,2515361.51,1
3917,2765,122,1816137.52,1
3918,1335,151,1921355.01,1
3919,8,14,636802.85,1
3920,1947,105,1655562.23,0
3921,37,185,3926028.47,1
3922,4042,83,4095091.25,1
3923,1685,47,3929950.46,1
3924,381,216,3044260.65,1
3925,3520,243,2164056.74,1
3926,3656,66,1549093.05,1
3927,4863,256,2213471.34,1
3928,3807,4,3926555.19,0
3929,2261,56,1098218.92,1
3930,1824,79,3208887.82,0
3931,3401,278,1468395.13,1
3932,917,134,1535667.76,1
3933,2835,245,1378212.77,1
3934,1633,14,3242736.21,0
3935,4698,263,1615147.43,0
3936,892,45,2730447.64,1
3937,2808,212,1804680.39,1
3938,1420,113,945354.24,1
3939,1373,241,4027511.11,0
3940,3489,278,1526420.95,1
3941,3527,162,5217812.41,1
3942,4188,190,4041980.41,0
3943,4300,86,5999882.76,1
3944,4429,263,1906210.47,0
3945,4243,261,2089669.9,0
3946,617,83,4102035.91,0
3947,4009,208,3006975.64,1
3948,4465,208,2421309.49,1
3949,461,22,3819383.51,1
3950,4066,73,2426798.18,1
3951,2326,268,1705643.16,1
3952,1817,10,1359346.06,0
3953,2145,73,1846181.29,1
3954,2272,100,1360813.23,0
3955,4923,208,3384865.47,1
3956,4379,9,1861932.51,0
3957,738,269,2019407.89,1
3958,4565,278,1122890.45,1
3959,2296,176,2256789.5,1
3960,4322,200,1595070.48,0
3961,3655,91,4692996.57,1
3962,3538,177,1826858.8,1
3963,323,213,3691129.3,1
3964,1982,165,2384852.69,0
3965,4467,140,2198049.62,1
3966,1680,11,2639720.5,1
3967,3534,87,1609822.28,1
3968,1793,157,2259981.59,1
3969,683,109,5320823.13,1
3970,2140,228,2286874.66,1
3971,3427,113,4564283.52,1
3972,4629,49,1441040.44,1
3973,3184,273,4060726.11,0
3974,2321,247,2881046.76,0
3975,606,111,1328879.28,1
3976,4340,24,3893499.6,0
3977,4824,176,1972981.64,1
3978,2591,35,3217790.19,1
3979,2537,236,1884602.12,1
3980,4088,289,2038848.15,1
3981,2677,182,1779160.41,1
3982,671,55,1080426.84,1
3983,3420,222,2730769.64,1
3984,960,49,1358553.81,1
3985,1006,178,1023748.99,0
3986,1229,159,4295167.34,1
3987,2970,116,2641779.76,0
3988,878,243,879596.59,1
3989,1630,51,5072258.45,1
3990,4144,286,2916623.39,1
3991,4400,89,1282822.79,0
3992,1574,37,900546.13,1
3993,4480,114,1744975.72,1
3994,1658,88,2902298.85,0
3995,3783,173,2716649.78,0
3996,143,161,1366491.83,1
3997,849,265,4071155.49,0
3998,1590,246,1233996.0,1
3999,2357,271,2961365.8,1
4000,2747,4,1263737.1,0
4001,4814,284,2683907.36,1
4002,276,91,2526835.2,1
4003,1809,284,1701517.72,1
4004,2042,158,1993898.66,0
4005,1623,60,3434500.66,0
4006,2465,242,978621.99,1
4007,1093,172,1837985.49,1
4008,2172,178,2834881.28,1
4009,361,8,3244679.81,1
4010,778,138,3541634.1,1
4011,380,190,2032000.57,1
4012,3039,176,4760234.71,1
4013,875,201,875090.91,1
4014,4321,286,1606414.52,1
4015,2058,77,3382990.79,0
4016,1276,300,5211121.47,0
4017,2809,188,3892431.0,0
4018,273,135,7701039.19,1
4019,2650,167,1470593.95,1
4020,2742,48,3941160.69,0
4021,2133,173,1071128.28,0
4022,3742,162,702962.23,1
4023,4347,286,1214741.62,1
4024,3618,15,2700497.62,1
4025,4138,117,3056034.86,1
4026,2099,169,2601477.62,1
4027,1961,282,4826978.16,1
4028,251,288,8881695.03,1
4029,2546,107,2865786.74,1
4030,4737,144,3143530.24,0
4031,4429,281,2283387.32,1
4032,578,218,2206337.2,1
4033,937,198,1364744.28,1
4034,4479,289,2826485.02,1
4035,1765,190,1176542.35,1
4036,2863,106,2828586.59,1
4037,2998,226,2355433.52,1
4038,2075,80,2038710.6,1
4039,2233,107,1761113.68,1
4040,4215,231,2208065.47,0
4041,2790,10,3512552.34,1
4042,4908,100,3877175.54,0
4043,202,107,1406988.98,1
4044,617,264,3916041.29,0
4045,2450,213,2116909.51,1
4046,3370,114,1033591.78,1
4047,4788,243,2308204.82,1
4048,4691,253,2238770.22,1
4049,4705,123,1875864.21,0
4050,2253,194,3596205.39,0
4051,3476,77,1141175.64,1
4052,1377,144,2538304.85,1
4053,4671,94,2511151.73,1
4054,4274,168,2220055.63,0
4055,3786,269,2000916.48,0
4056,3365,224,1106600.19,1
4057,943,241,2314648.39,1
4058,3507,47,2234237.07,1
4059,3434,150,1397743.44,1
4060,1535,211,2072203.12,1
4061,4951,225,2266511.18,1
4062,1738,94,5473150.14,1
4063,3275,162,1116737.35,1
4064,4877,99,4430664.34,0
4065,4029,215,1934820.29,0
4066,3876,55,2460995.7,1
4067,3474,293,2146990.65,0
4068,335,91,1712151.4,1
4069,187,61,6281566.12,1
4070,3632,279,2721998.28,0
4071,93,101,3290396.01,1
4072,3369,141,2183566.04,1
4073,3730,224,1932274.88,1
4074,1135,137,3701196.04,0
4075,1531,79,1025857.11,0
4076,4237,100,5009294.51,1
4077,2404,9,3243750.31,1
4078,3422,211,5214822.09,1
4079,1647,63,1449078.38,1
4080,767,25,2140102.27,1
4081,992,140,1722028.68,0
4082,1153,162,1373228.26,1
4083,1526,194,4450356.75,1
4084,3534,44,1404251.4,0
4085,2189,287,3442591.87,1
4086,2457,173,3640851.87,1
4087,1463,202,3716017.79,1
4088,2998,55,5050889.38,0
4089,4829,238,1298360.09,1
4090,4098,185,2781382.0,1
4091,4722,54,1471931.26,1
4092,2179,104,1236626.42,1
4093,546,164,919988.12,0
4094,1292,176,1074208.81,1
4095,1183,299,1810761.3,0
4096,2624,27,1286438.16,1
4097,607,192,2020654.05,1
4098,2133,145,1394893.49,1
4099,2966,165,1821241.82,1
4100,2075,297,1037111.3,1
4101,2726,80,2076849.88,1
4102,2541,216,957459.5,1
4103,641,106,2444450.27,1
4104,937,282,11175584.11,1
4105,3248,140,1868372.44,1
4106,2264,170,920819.41,1
4107,1764,10,3279306.76,1
4108,2737,15,5498580.89,1
4109,2348,63,6479683.43,1
4110,3134,276,1255803.72,1
4111,3628,269,994466.43,1
4112,518,285,1000256.36,1
4113,140,98,5513289.96,0
4114,3354,304,3087527.04,0
4115,4433,51,1422927.66,0
4116,3526,6,7021902.21,0
4117,566,48,2456797.67,1
4118,4355,38,1632505.68,0
4119,2708,213,2391604.42,1
4120,8,171,2319780.29,1
4121,4715,165,7470280.29,1
4122,166,275,908308.49,1
4123,4768,173,7438867.65,1
4124,3772,71,2912612.99,1
4125,3748,236,2780206.9,1
4126,4496,190,2661624.75,0
4127,3188,235,1759573.25,1
4128,559,182,1625438.33,1
4129,2532,177,7787439.16,0
4130,793,268,2895435.26,1
4131,796,118,1489856.77,0
4132,432,174,2651380.28,1
4133,2449,287,4048428.9,1
4134,3317,166,3012371.8,1
4135,1670,181,10167282.37,1
4136,3546,238,7514917.54,0
4137,4541,280,5654023.38,1
4138,1576,89,2981112.54,1
4139,69,69,3525510.07,1
4140,3561,117,6605489.16,0
4141,3018,5,3221013.27,1
4142,330,31,2578348.11,1
4143,4191,228,2376802.81,1
4144,3066,257,1315890.6,1
4145,229,79,4752151.98,1
4146,3324,164,1998722.68,1
4147,2885,121,2780139.99,0
4148,89,198,2828108.4,1
4149,2711,123,973465.64,1
4150,2503,1,1733491.13,0
4151,280,39,2835002.81,0
4152,1839,163,7984657.78,1
4153,3523,87,1706709.17,0
4154,2904,131,2218375.22,1
4155,2079,6,3487436.38,1
4156,2976,119,3529255.38,0
4157,2219,89,1515602.14,0
4158,424,206,4588948.48,1
4159,267,294,2811245.67,1
4160,3152,103,7782497.95,1
4161,1965,254,2101199.68,1
4162,3796,283,4903556.59,1
4163,506,270,4717264.74,1
4164,4080,206,1555465.14,0
4165,3590,136,4754178.76,1
4166,4141,239,2940711.95,1
4167,3909,117,1514589.29,1
4168,265,291,8424677.4,1
4169,820,286,1920999.26,0
4170,886,293,1883833.77,0
4171,570,212,2711900.16,1
4172,3644,111,5028912.07,0
4173,4848,276,2224186.9,1
4174,4116,269,3355337.66,1
4175,2249,30,4041921.05,0
4176,4538,202,2357219.45,1
4177,3690,9,1815314.27,0
4178,3512,94,2815655.74,0
4179,1142,121,2206321.37,1
4180,4009,247,2972065.25,0
4181,810,235,3776274.95,0
4182,2862,6,2195778.02,1
4183,1545,295,4472697.02,0
4184,3533,278,858206.28,1
4185,3734,201,4906329.45,1
4186,2905,6,2329635.81,1
4187,2645,240,6088761.06,1
4188,2,2,3110485.52,1
4189,4176,86,3900550.61,0
4190,3407,303,1318272.25,1
4191,52,226,2544272.88,1
4192,2650,100,2221814.14,1
4193,2749,263,1928529.25,1
4194,119,180,1868537.47,0
4195,2136,135,2988908.5,1
4196,349,154,3090779.34,1
4197,813,257,1523590.38,0
4198,4211,182,3656174.74,1
4199,1788,114,4492452.75,1
4200,628,256,7431891.89,1
4201,2453,174,1406211.05,1
4202,2660,215,1268291.45,1
4203,1927,296,866840.94,1
4204,560,303,2198822.49,1
4205,4543,277,2348636.74,1
4206,336,271,2165109.86,0
4207,1852,277,2322133.68,1
4208,3329,182,3597704.28,0
4209,4374,15,2544373.56,1
4210,3492,34,2066931.41,1
4211,2921,9,1569488.01,1
4212,2207,30,3152024.71,1
4213,4087,75,5476558.65,1
4214,2315,26,2051882.3,1
4215,2956,250,3666323.81,1
4216,2142,242,3999825.08,1
4217,3896,86,2018577.75,1
4218,245,116,1465450.02,1
4219,1084,173,980558.34,1
4220,4217,254,14874188.29,1
4221,472,294,6271859.23,1
4222,3031,280,2372587.12,1
4223,3072,7,2488276.77,1
4224,681,187,3442112.28,1
4225,1293,100,3614771.64,1
4226,1518,190,4498968.11,1
4227,2333,180,3125718.41,1
4228,2684,262,2036423.02,1
4229,1207,21,5566355.75,1
4230,1596,124,3009548.12,1
4231,3205,261,10058259.07,1
4232,4442,210,5066221.82,1
4233,3627,110,863641.03,1
4234,4544,157,1085735.35,1
4235,2520,218,1397044.62,1
4236,165,273,2146408.15,0
4237,1826,265,2465089.81,1
4238,4992,189,1073317.82,1
4239,3054,134,1355557.03,1
4240,1378,60,2426827.19,1
4241,4223,110,3745857.93,1
4242,1901,173,2250680.62,0
4243,1505,49,1716740.94,1
4244,20,72,2015867.43,1
4245,670,47,2268450.41,1
4246,2171,90,2912126.3,1
4247,2870,189,396672.92,1
4248,879,38,5633385.3,0
4249,2189,151,2514855.79,1
4250,2025,286,7863924.3,1
4251,2715,254,1272577.58,0
4252,4501,82,2019301.62,1
4253,2282,142,5710478.75,0
4254,3557,300,2668649.86,1
4255,3036,204,1764260.99,0
4256,4179,217,1551429.34,1
4257,4763,222,1602506.47,1
4258,3971,235,3471093.88,0
4259,1081,217,3569505.35,1
4260,1289,282,1768608.84,1
4261,1214,96,2386553.29,1
4262,3776,289,7562930.78,1
4263,4991,102,4143516.39,1
4264,283,232,1984050.85,1
4265,4897,68,1731141.39,0
4266,3192,244,1980810.67,1
4267,2308,64,2213896.63,1
4268,3777,16,3940196.75,0
4269,2411,177,1279670.11,1
4270,1778,254,6940005.73,1
4271,2828,59,6828533.95,1
4272,2337,173,983123.62,1
4273,2783,11,2842044.9,1
4274,4112,79,1643574.78,1
4275,3630,282,2141215.5,0
4276,3873,257,1749405.1,0
4277,2626,15,1965607.59,0
4278,4948,9,2509590.21,1
4279,3676,39,3212242.95,0
4280,1571,85,1960413.33,1
4281,3841,205,4558684.5,1
4282,1819,154,1106418.36,1
4283,1721,218,1594338.39,1
4284,2257,138,1476890.61,1
4285,3463,49,5083907.71,0
4286,1400,264,1796169.3,1
4287,2712,64,1771789.66,1
4288,4165,103,1966276.52,0
4289,4782,256,4825488.52,0
4290,1596,198,3218619.02,0
4291,2709,220,2711998.04,1
4292,4487,297,2288106.55,1
4293,3904,37,2914989.8,1
4294,3304,227,4195108.65,1
4295,567,172,1260509.36,1
4296,4062,108,2350403.89,1
4297,3222,114,4625124.45,1
4298,2468,192,4155007.31,1
4299,563,222,2299735.25,1
4300,3510,196,1851694.08,1
4301,3352,207,7167216.97,1
4302,1293,223,2111140.75,0
4303,1633,12,2584579.02,1
4304,4807,176,3424468.87,1
4305,3175,96,4972306.89,1
4306,2633,185,3347162.11,0
4307,2172,52,775670.86,1
4308,2677,53,5025098.12,1
4309,4097,193,1074753.85,1
4310,283,245,2115247.54,1
4311,614,169,3984793.92,1
4312,1045,2,3270326.26,1
4313,1217,74,1628887.84,1
4314,657,39,1788846.75,1
4315,2122,152,1660959.25,1
4316,45,245,1834236.5,1
4317,1751,276,2474816.7,0
4318,137,281,1676652.5,1
4319,457,138,2171651.47,1
4320,3288,23,2163684.73,1
4321,2156,209,2220793.48,1
4322,4862,209,6780901.04,0
4323,2871,72,1723287.33,1
4324,1937,82,3425021.93,0
4325,3669,135,1528059.85,1
4326,4174,63,3434529.05,0
4327,993,154,4133243.61,0
4328,2723,287,3324790.46,0
4329,1417,189,2358382.89,1
4330,4963,155,2867056.18,1
4331,2245,202,6258314.77,1
4332,403,184,8304336.84,0
4333,4196,284,2950023.22,1
4334,4465,283,8026717.74,0
4335,1880,17,1200620.41,1
4336,2287,240,1943750.84,0
4337,3629,241,1811276.86,1
4338,162,213,3597405.47,1
4339,4419,174,908534.68,0
4340,2,226,3055759.47,0
4341,922,94,2829874.26,1
4342,1576,242,10987635.25,1
4343,3214,44,6179476.65,1
4344,3915,272,4351833.83,1
4345,881,170,6511792.68,1
4346,1665,27,3481353.73,1
4347,3998,256,1456509.79,1
4348,1663,273,4597463.74,1
4349,1807,250,3860495.52,1
4350,2106,123,3039751.46,1
4351,3102,141,955747.13,1
4352,4024,135,1253841.05,1
4353,4632,206,2908352.67,1
4354,4191,88,2113748.38,1
4355,1247,128,6627150.83,1
4356,1883,229,1149810.19,1
4357,3177,183,1990766.54,0
4358,1950,299,1643074.13,1
4359,2719,29,3138649.24,1
4360,1713,6,2353549.3,0
4361,3306,203,10074824.7,0
4362,3069,184,3058082.28,1
4363,510,284,3509763.24,1
4364,4948,128,2641120.45,0
4365,512,225,1673923.28,1
4366,2008,46,1124744.4,1
4367,4228,257,2043484.78,1
4368,145,126,4157729.33,1
4369,1435,33,4385432.06,1
4370,3509,162,3711195.93,1
4371,3404,272,4232316.04,0
4372,4450,98,3560314.8,0
4373,3466,49,3739067.09,1
4374,2943,261,1157519.24,1
4375,934,112,1403099.07,1
4376,4413,119,4150295.64,1
4377,2013,247,1985151.74,0
4378,881,97,5644341.18,1
4379,583,173,8120406.61,1
4380,4859,155,2634974.29,0
4381,543,205,1107263.75,0
4382,949,151,2158200.01,1
4383,4429,272,4271080.5,1
4384,3398,3,2595374.72,1
4385,3247,213,2497669.09,1
4386,502,20,1158403.01,1
4387,1635,162,2367242.04,1
4388,3874,74,808731.92,0
4389,2795,214,1940509.72,1
4390,276,144,3682923.45,0
4391,3097,123,2521510.52,1
4392,246,7,5661865.46,1
4393,96,164,1528802.92,1
4394,1162,4,1228721.87,1
4395,1721,184,6656544.64,0
4396,2765,264,1701196.03,0
4397,2861,178,5645379.42,1
4398,4419,143,1629106.36,1
4399,1765,85,2335471.46,1
4400,1534,196,2751030.65,1
4401,1465,256,3999684.9,1
4402,2251,139,1773360.03,1
4403,2339,188,5050637.94,1
4404,1111,256,1510056.63,0
4405,3663,160,1350622.64,0
4406,2652,27,1575872.8,1
4407,3694,23,2677373.88,1
4408,128,285,1454097.32,1
4409,2965,54,3138562.07,0
4410,4378,127,4044538.65,1
4411,3844,204,3116048.46,0
4412,1504,152,947626.76,1
4413,713,69,1668051.72,0
4414,4616,53,1574147.07,0
4415,792,120,2796287.38,1
4416,2209,281,2003722.06,1
4417,3803,288,2266061.77,1
4418,2804,18,2993831.77,0
4419,1367,258,3409414.64,1
4420,4203,42,2181885.53,1
4421,999,175,2186981.92,1
4422,4692,301,1730169.53,1
4423,576,49,1342824.38,0
4424,102,62,2105157.06,1
4425,2191,170,2433046.01,1
4426,2085,28,1120409.01,1
4427,2717,183,2831176.56,1
4428,2544,121,4011695.7,0
4429,1416,209,3920818.26,1
4430,1678,167,3633535.71,1
4431,1788,27,2020027.29,0
4432,4937,142,1370483.63,1
4433,4833,38,2083444.53,0
4434,2746,159,3285518.74,1
4435,1289,253,3818568.59,1
4436,2588,207,1771095.99,1
4437,2057,192,2143675.59,0
4438,77,303,1546452.72,1
4439,1829,39,4505098.71,1
4440,1760,101,2187432.27,0
4441,2847,13,1550895.45,1
4442,3982,97,1366663.84,0
4443,4127,214,4607723.16,1
4444,4984,235,1161005.81,1
4445,4560,44,5394742.94,1
4446,775,211,2451312.63,0
4447,2028,266,1912858.99,0
4448,741,1,4908736.47,0
4449,2089,240,4212213.04,1
4450,3942,11,1103156.96,1
4451,2871,246,2334008.4,0
4452,3623,209,13564671.19,1
4453,4428,221,1440252.58,0
4454,4704,208,5301441.38,1
4455,401,2,1262214.96,1
4456,1522,136,1599673.84,0
4457,4864,13,4323313.42,1
4458,2022,296,6118525.52,1
4459,3841,138,3543466.24,1
4460,2486,224,2219514.3,0
4461,2289,166,2545204.69,0
4462,1480,103,6680904.52,0
4463,3061,225,6443145.55,0
4464,272,214,1965027.1,1
4465,4815,11,1986735.23,1
4466,3896,205,5041916.84,1
4467,1003,159,3108362.89,0
4468,3040,258,1480319.45,1
4469,4709,86,7041617.87,1
4470,377,103,1836817.79,1
4471,934,268,7495235.75,0
4472,2577,145,2129081.43,0
4473,4813,290,1840930.9,0
4474,370,1,2472691.07,0
4475,72,287,1529273.61,0
4476,2086,200,2073508.69,1
4477,3544,234,1158291.31,1
4478,3304,32,1963449.65,1
4479,153,39,3976187.86,1
4480,2197,261,3543446.79,1
4481,2310,187,2454718.99,0
4482,2467,103,3935425.26,0
4483,35,66,2319616.55,1
4484,2237,225,1393957.19,0
4485,214,258,2702629.35,1
4486,2310,87,2040511.45,1
4487,3956,64,2213667.86,0
4488,175,202,3149521.58,1
4489,4601,108,2256650.04,0
4490,2885,7,2147996.4,0
4491,3563,91,1578563.05,1
4492,2403,109,1419858.97,1
4493,4204,44,1590024.25,1
4494,1423,274,1190575.24,0
4495,778,140,4495239.95,1
4496,2365,279,3566775.14,1
4497,2993,138,1432226.14,1
4498,4217,159,4311452.52,0
4499,2489,4,2138008.13,0
4500,460,256,1831745.56,1
4501,4284,187,2401631.54,1
4502,4121,271,3747214.27,1
4503,2780,158,5968467.27,1
4504,279,125,2302420.31,0
4505,4580,61,1757606.12,1
4506,3317,104,2172407.73,0
4507,4547,264,3008214.48,1
4508,635,22,3930329.14,1
4509,1718,94,3642161.92,1
4510,1151,187,1678043.91,1
4511,3729,11,2435447.62,1
4512,1575,291,1898483.51,0
4513,4424,24,5135168.4,1
4514,2097,153,4386381.6,1
4515,1829,6,3706055.79,1
4516,3075,107,2989383.29,0
4517,3873,195,1209860.26,1
4518,1952,198,3676519.47,1
4519,3,72,2151536.31,0
4520,4563,157,3595840.12,1
4521,2135,98,3140128.63,1
4522,559,238,5372997.95,1
4523,3186,33,2394349.5,1
4524,3600,256,1389547.93,1
4525,1823,113,3216560.32,1
4526,792,22,7543371.67,1
4527,4418,143,3098149.79,1
4528,4320,68,2355183.1,1
4529,3262,102,2230179.61,1
4530,1328,22,959311.5,1
4531,2682,263,938573.23,1
4532,3037,241,1300838.34,1
4533,4328,120,1795483.15,0
4534,4487,125,4760115.68,1
4535,3749,16,3402610.98,1
4536,3308,98,1554609.96,1
4537,1218,67,3279575.58,1
4538,610,202,3383146.77,1
4539,4010,293,2060601.0,0
4540,516,69,1601426.11,1
4541,2568,99,2247029.51,1
4542,2638,117,7892829.33,1
4543,1027,179,3214142.7,1
4544,1345,206,1238743.61,0
4545,4884,74,1763338.63,1
4546,3711,176,2514624.19,1
4547,2001,112,4094649.93,0
4548,3707,267,3104859.58,1
4549,179,253,2853386.36,1
4550,904,272,2250482.85,1
4551,4606,290,4426984.41,1
4552,3986,1,1416414.56,1
4553,635,111,1408164.86,0
4554,1032,183,1151702.98,0
4555,2280,163,5946305.78,1
4556,1963,279,1197652.35,1
4557,2590,155,985535.2,1
4558,4180,57,5077017.96,0
4559,3803,149,1718500.38,0
4560,3727,219,989596.73,1
4561,392,197,1507787.01,1
4562,2250,93,1194448.57,1
4563,3744,105,1766242.49,1
4564,3501,281,2798380.71,1
4565,3508,267,3085800.95,1
4566,3990,103,2269344.2,0
4567,1527,167,1652599.27,0
4568,4105,206,3543277.02,1
4569,3967,21,1864379.56,1
4570,1074,287,4134728.11,1
4571,910,224,2391921.74,0
4572,1634,130,4002239.91,1
4573,4833,174,6649210.81,1
4574,2826,257,1934833.7,1
4575,4668,274,2403848.97,1
4576,1902,46,1911359.23,0
4577,3304,287,9756479.93,1
4578,4950,126,2752184.9,0
4579,1711,149,3854919.31,1
4580,3664,273,1643817.86,0
4581,2115,28,4161343.85,1
4582,4516,49,2194491.36,1
4583,3814,96,1963854.02,0
4584,3667,212,1315214.49,1
4585,1039,57,5361117.52,0
4586,4785,185,1718237.66,0
4587,1559,105,1262582.03,0
4588,2011,206,786125.79,1
4589,2210,278,6915931.94,1
4590,3524,27,2734440.58,1
4591,3914,199,2333184.6,1
4592,4644,90,2169493.78,1
4593,723,143,2229881.89,1
4594,4210,120,2870510.8,1
4595,579,15,3190033.6,1
4596,2684,133,1506521.56,1
4597,4518,152,1187745.9,1
4598,3816,275,3718324.97,1
4599,4831,61,2124911.77,0
4600,194,187,3136779.79,1
4601,2679,212,2077073.67,1
4602,366,22,2200095.16,1
4603,3556,280,1863582.11,1
4604,917,185,4835894.16,0
4605,968,185,2519068.46,1
4606,1445,89,2662427.06,1
4607,4332,289,2566013.18,1
4608,1670,69,2771926.63,1
4609,4337,17,1107490.11,0
4610,2991,299,3333445.7,1
4611,768,232,1740019.54,1
4612,1175,87,1796694.4,1
4613,3705,75,1988595.69,1
4614,4223,15,2889522.7,0
4615,1042,185,7054018.19,0
4616,2435,28,4718779.25,0
4617,2252,38,5478760.07,1
4618,2321,269,3664851.06,1
4619,1654,220,4014622.94,1
4620,4380,8,1954303.72,1
4621,4355,232,3326316.07,1
4622,1857,175,1083975.05,1
4623,2325,170,1246474.27,0
4624,4494,84,2021505.47,1
4625,4109,283,1777230.49,0
4626,2555,113,4610018.6,1
4627,3038,17,4341661.88,1
4628,4162,177,2166363.68,1
4629,2434,214,1609119.74,1
4630,4320,147,1345761.68,0
4631,3359,24,2084243.48,1
4632,1938,218,2429580.27,1
4633,17,298,3397404.0,1
4634,4013,148,8329560.1,0
4635,2708,26,3788475.77,1
4636,2924,68,1726883.19,1
4637,953,123,6218956.18,1
4638,4315,128,1670126.17,1
4639,3919,219,4902223.0,1
4640,372,31,1719669.35,0
4641,4332,26,1270685.85,1
4642,2108,47,2122912.94,1
4643,3737,190,2151569.58,1
4644,4831,212,1098550.66,1
4645,4695,269,3720957.02,1
4646,4335,245,814735.98,1
4647,719,1,1945214.82,1
4648,2802,21,2616941.03,1
4649,1090,140,2005998.59,1
4650,4055,66,1120799.39,1
4651,3562,40,2812647.73,1
4652,1797,100,1449409.2,1
4653,686,99,2609149.86,1
4654,4454,163,3949042.31,1
4655,2552,223,3532575.09,1
4656,3538,285,2258255.81,1
4657,3419,90,1993185.11,1
4658,3228,1,6714749.28,1
4659,1049,26,1463865.12,1
4660,805,62,2032787.19,1
4661,2008,168,3297582.28,1
4662,4710,148,6373294.76,1
4663,4054,98,3374425.53,0
4664,4556,193,5450668.17,1
4665,1814,141,3292382.44,1
4666,1809,95,2200423.99,1
4667,3454,288,3024993.08,1
4668,228,243,1194555.83,0
4669,4764,248,974246.93,0
4670,4065,283,3866874.04,1
4671,3818,118,2914217.19,0
4672,3860,207,1273324.05,0
4673,3972,288,1846298.37,0
4674,2660,47,3686827.63,1
4675,1573,176,1013296.69,1
4676,4917,133,1905361.42,1
4677,841,34,2269280.96,0
4678,4614,266,2031502.31,1
4679,3709,203,2336414.63,0
4680,4117,180,1989567.25,1
4681,2228,107,2396901.42,1
4682,3682,155,1595562.25,1
4683,3468,223,2020191.29,0
4684,4229,215,1760693.78,1
4685,1529,124,2215681.51,1
4686,3704,260,2255978.43,1
4687,1043,162,1889392.82,0
4688,4885,64,1744478.11,0
4689,2510,182,4457433.46,0
4690,4530,59,2144406.04,1
4691,578,58,1171706.78,0
4692,1762,90,1960615.96,1
4693,2825,130,1336347.21,1
4694,4873,83,2851470.27,1
4695,1223,4,879341.15,1
4696,2300,221,6115383.78,0
4697,749,150,1472514.73,1
4698,3919,123,3272585.84,1
4699,2401,165,1159900.71,1
4700,1151,192,1314201.73,1
4701,2949,209,3769359.43,1
4702,3499,213,4943587.58,1
4703,3972,130,2188020.36,1
4704,1673,160,3003609.07,1
4705,1424,134,3741077.45,0
4706,3431,154,2912028.24,1
4707,2874,105,3447196.53,1
4708,1064,19,1742649.23,1
4709,2907,14,3026903.62,1
4710,2992,94,1642724.43,1
4711,833,111,560556.48,0
4712,4953,211,1644134.08,1
4713,100,223,2487837.74,0
4714,3279,122,4247798.32,1
4715,3033,170,2823909.4,1
4716,1588,151,4176998.03,0
4717,2692,137,2250417.13,1
4718,1443,286,2586062.4,1
4719,4735,290,7205167.31,1
4720,2220,112,2670339.81,1
4721,2992,304,1833879.62,1
4722,1730,205,4502480.15,1
4723,1001,183,2716201.41,1
4724,794,218,3738417.46,0
4725,3719,266,4700311.84,1
4726,4793,70,1422280.72,1
4727,109,257,2619652.05,1
4728,693,269,2463921.22,1
4729,3522,16,1195387.15,1
4730,1094,160,2204008.01,1
4731,4064,8,6716408.2,1
4732,3852,110,2046137.31,1
4733,852,302,702967.21,1
4734,443,265,2295808.08,1
4735,1374,278,2212719.4,1
4736,696,123,3233521.13,1
4737,482,281,3363944.89,1
4738,4662,159,3087395.18,0
4739,986,204,1743451.27,1
4740,2757,303,4606610.54,0
4741,1261,256,2013724.9,1
4742,956,146,2429554.25,1
4743,1400,1,2197342.53,1
4744,1230,220,1713169.49,1
4745,2286,265,1426971.86,1
4746,3053,231,3578144.09,1
4747,4725,205,2633949.91,0
4748,3514,31,1957638.94,1
4749,367,24,3393278.42,0
4750,862,114,2007514.83,1
4751,1705,304,7409744.37,0
4752,2998,3,620249.38,1
4753,1094,197,1471178.42,0
4754,2784,53,2185211.61,1
4755,3769,13,1621390.75,1
4756,143,268,1672883.64,1
4757,4674,143,2691816.93,0
4758,3503,111,1395824.97,1
4759,2168,164,1598038.05,1
4760,1115,90,3135172.25,1
4761,4505,267,2602778.47,1
4762,1594,78,3077601.65,1
4763,4287,259,1280641.78,1
4764,4441,87,3605751.61,0
4765,1788,60,975950.61,1
4766,176,94,3901863.96,1
4767,512,261,5662427.19,1
4768,3116,228,3965987.39,1
4769,4848,71,2601571.47,1
4770,4005,123,4780034.41,1
4771,4049,13,2261934.11,1
4772,4471,27,2164572.04,1
4773,3594,241,2835742.16,1
4774,1050,95,3241808.27,1
4775,2211,248,4933249.44,1
4776,1746,285,2154054.9,1
4777,1055,232,2062164.67,0
4778,2531,22,6270893.02,1
4779,1682,1,1774908.47,1
4780,4145,127,1617964.93,1
4781,2298,259,1797436.25,0
4782,3101,193,6116735.0,1
4783,3141,215,3842045.87,1
4784,765,201,2913846.91,1
4785,566,166,4010646.18,0
4786,2408,131,5948737.21,0
4787,3578,184,2984841.03,1
4788,3205,72,1169053.33,1
4789,3638,218,1227849.84,1
4790,4241,57,4542396.73,1
4791,4947,283,2313493.47,1
4792,3939,2,6483163.65,1
4793,3894,57,5353794.95,0
4794,3120,232,2612866.23,0
4795,4950,65,1105664.75,0
4796,4068,182,4295226.64,1
4797,319,75,3855951.43,1
4798,348,281,1700862.91,1
4799,4644,282,3443149.03,1
4800,4714,24,5984023.27,1
4801,3989,96,4745018.23,1
4802,3867,254,2594334.11,0
4803,2833,191,2236699.5,1
4804,3307,113,2490148.06,0
4805,1766,19,1226197.93,1
4806,3085,205,2642714.5,1
4807,723,33,5405244.54,1
4808,2717,36,2624287.01,0
4809,344,109,949859.95,1
4810,1075,113,2045231.58,1
4811,1800,149,1084856.74,0
4812,3143,139,1978919.03,1
4813,2051,291,2830025.15,1
4814,2082,124,1527111.4,1
4815,3788,209,2241939.33,1
4816,3698,4,3033763.1,1
4817,1278,209,974457.73,1
4818,1051,260,1879723.7,1
4819,1396,240,5155955.15,0
4820,743,216,3025278.09,1
4821,923,54,3738330.73,1
4822,4653,199,2363137.82,1
4823,4757,97,1648481.95,0
4824,2639,31,1415904.63,0
4825,747,20,2801297.8,1
4826,4912,113,4021911.51,1
4827,2626,96,4283753.54,1
4828,1210,21,2662706.02,0
4829,1795,61,2590547.04,1
4830,1898,235,3207169.14,1
4831,2840,196,3422398.37,1
4832,1771,281,2892186.51,1
4833,46,89,3452103.58,1
4834,1388,241,5028170.76,0
4835,4304,136,7303782.47,1
4836,4389,177,5905585.05,1
4837,2016,189,1844329.84,0
4838,3959,56,4150791.56,0
4839,1305,199,1740222.17,1
4840,1455,103,3019919.59,1
4841,1565,32,1450562.64,1
4842,4184,110,2623860.23,0
4843,4839,17,3869848.44,1
4844,4749,40,1859771.99,1
4845,1844,267,3406359.04,1
4846,3565,7,3208827.71,1
4847,2352,107,3100823.47,1
4848,4228,69,4832027.85,0
4849,4320,113,2870329.67,0
4850,4293,51,6895731.97,1
4851,4978,201,1499844.06,1
4852,1210,256,1220358.82,1
4853,4866,78,3021341.03,1
4854,1084,31,1620867.24,1
4855,673,285,634811.85,1
4856,3835,47,1982928.82,0
4857,2790,304,2421700.0,1
4858,3831,256,3187305.61,0
4859,2994,150,1290620.43,1
4860,2091,30,3081165.7,0
4861,3915,33,641313.26,0
4862,3155,220,2532250.0,1
4863,2424,230,2792164.47,1
4864,2605,192,1155626.64,1
4865,2357,236,4608624.38,1
4866,917,269,1386999.86,1
4867,1797,283,1974353.58,1
4868,594,285,6634612.95,0
4869,3654,250,3689201.07,0
4870,3490,145,1711886.58,1
4871,3271,21,2217169.31,0
4872,1476,162,1341505.56,1
4873,4921,202,1644849.36,1
4874,3733,80,1429787.45,1
4875,2935,254,1347071.81,1
4876,3120,83,1002359.09,0
4877,4595,210,1500517.5,1
4878,45,168,959480.42,1
4879,4837,240,3024817.06,1
4880,2360,191,2374115.11,0
4881,187,8,2828049.7,0
4882,1742,81,2562065.47,1
4883,189,286,2408426.43,1
4884,3030,18,3015167.2,1
4885,4910,210,1794215.93,1
4886,3167,301,2511356.74,1
4887,2998,67,2766541.0,1
4888,307,181,8932554.36,1
4889,1416,15,1526022.37,1
4890,1352,235,2743782.59,1
4891,2208,11,2415093.04,1
4892,4078,290,2998267.26,1
4893,2218,32,2146935.82,1
4894,796,112,1371629.71,1
4895,521,164,1841711.76,1
4896,554,65,2563672.94,1
4897,4554,264,3347849.06,1
4898,1124,1,5838688.45,1
4899,1607,298,938895.64,1
4900,2542,251,6149506.48,0
4901,2745,231,2015995.05,1
4902,4100,292,2330688.59,0
4903,4348,2,4731911.74,1
4904,1078,151,3116214.97,1
4905,4448,202,4129587.39,0
4906,2043,157,2285753.91,1
4907,935,295,2650714.88,1
4908,2623,102,2355412.13,1
4909,847,222,2236806.96,1
4910,1781,114,2739372.7,1
4911,691,265,4536235.8,0
4912,3758,189,2330813.56,0
4913,1170,293,2817546.24,0
4914,4693,275,4820721.5,0
4915,1599,144,3103144.94,1
4916,782,167,1820287.58,1
4917,3639,95,3148337.6,1
4918,2466,59,1528573.23,1
4919,760,228,13103118.84,1
4920,1928,234,1229782.59,1
4921,1086,190,1246500.17,1
4922,3412,63,2763390.65,0
4923,1889,148,7141425.67,1
4924,495,254,2064123.06,0
4925,117,135,5779379.17,0
4926,4809,184,1930731.12,1
4927,1260,214,1077269.5,1
4928,4094,103,1554527.27,1
4929,2323,225,2866655.4,1
4930,3409,246,762679.59,0
4931,2784,239,2220915.57,0
4932,2090,266,1192545.58,1
4933,3172,271,6092861.46,1
4934,527,266,599304.88,1
4935,1963,26,2058177.36,1
4936,606,77,1609938.89,1
4937,2813,233,5775919.66,1
4938,2719,86,1020167.19,0
4939,4298,41,2101565.63,1
4940,74,76,884072.6,1
4941,3628,182,3568651.72,0
4942,3328,205,3734482.04,0
4943,2874,235,2333504.75,1
4944,4467,153,1967788.38,1
4945,3883,16,1886636.15,1
4946,1672,283,607972.34,0
4947,1467,142,1358851.83,1
4948,3660,26,1945570.14,0
4949,4785,138,4112511.39,1
4950,1632,161,4765103.61,1
4951,3449,216,1046607.93,1
4952,994,132,1983973.32,1
4953,3359,237,1154793.77,0
4954,1422,269,4685931.68,0
4955,3927,130,1793090.29,1
4956,3555,134,5660020.86,0
4957,20,267,2124014.99,1
4958,3716,142,2089618.32,1
4959,707,158,2015812.7,1
4960,1184,188,3147808.74,1
4961,2866,106,9650914.55,1
4962,2939,23,5962291.76,1
4963,3040,232,1666291.6,0
4964,1664,239,1146796.89,0
4965,4486,7,1765144.99,1
4966,3151,286,2632632.33,1
4967,2662,193,7408621.58,1
4968,3690,283,4790509.94,1
4969,1342,136,5417419.34,0
4970,2136,286,6698510.95,0
4971,2447,156,4260960.03,1
4972,594,180,1741573.6,0
4973,1578,52,1343395.63,1
4974,4049,156,3110663.05,1
4975,3402,268,2341346.94,1
4976,4584,112,3634586.1,0
4977,3061,263,2270009.29,1
4978,278,60,877647.5,0
4979,948,201,3669746.86,0
4980,1636,52,4725856.58,1
4981,1857,157,5087909.26,0
4982,4907,291,1151955.94,1
4983,3384,193,2115898.82,1
4984,4348,47,2485105.87,1
4985,4722,76,2210946.21,0
4986,2950,188,1008211.67,0
4987,1979,94,1667899.82,1
4988,2585,142,1671253.63,1
4989,3611,189,1412824.5,0
4990,3693,172,3450733.74,1
4991,2110,247,2285931.79,1
4992,502,110,2491046.56,1
4993,1904,222,1801157.54,0
4994,2224,199,2005622.84,0
4995,3166,57,6462296.26,1
4996,2937,21,1203741.41,0
4997,4802,81,1803899.89,1
4998,3411,138,8824603.82,1
4999,1610,232,2881270.65,0
5000,3967,35,2333209.37,0
5001,2220,79,10003579.15,1
5002,1699,297,2911405.19,1
5003,270,180,7156705.54,1
5004,3858,156,2299566.28,0
5005,3148,208,3623422.96,1
5006,354,304,1062111.4,1
5007,1878,1,2376009.65,0
5008,2093,103,1898123.67,1
5009,599,71,1964554.1,1
5010,3843,16,2807328.6,1
5011,3099,193,2228697.97,1
5012,1105,81,5024375.71,0
5013,3401,124,4464951.83,1
5014,2829,177,4513449.01,1
5015,618,130,4510351.26,1
5016,2907,13,9622447.59,1
5017,2998,266,7493723.01,1
5018,934,2,2612490.47,0
5019,4221,210,8311566.79,1
5020,3738,120,3312007.77,1
5021,2708,203,3404749.68,1
5022,3582,261,2226822.55,1
5023,3983,151,3080794.8,1
5024,2531,88,6868318.37,1
5025,2462,258,2423774.2,1
5026,2072,269,2675503.53,1
5027,1162,78,4198839.91,1
5028,2761,235,1851040.77,1
5029,773,252,1140345.34,1
5030,163,226,669393.92,1
5031,1152,230,3098294.6,1
5032,513,299,5149961.5,0
5033,3208,266,1958068.82,1
5034,826,281,1847528.13,0
5035,1460,96,5404505.34,1
5036,2139,33,2296016.82,1
5037,2735,65,2089605.71,0
5038,803,99,2762714.28,1
5039,4019,188,2198229.15,1
5040,610,15,1155979.04,1
5041,494,59,1841228.13,1
5042,780,239,4933914.19,1
5043,587,251,1992216.75,0
5044,714,285,3989934.79,0
5045,3683,116,1731525.72,1
5046,3051,255,1299848.37,1
5047,151,169,2428358.83,1
5048,2942,63,1912419.93,0
5049,1035,50,2123767.79,0
5050,398,288,2464190.73,1
5051,2161,263,2283057.11,1
5052,4090,233,1507469.34,1
5053,4838,196,3539289.45,1
5054,386,135,1399324.76,1
5055,2620,19,2070967.83,1
5056,2480,43,1295719.6,0
5057,713,260,3842816.64,1
5058,2982,105,3241290.97,1
5059,2918,82,2258330.81,1
5060,160,115,3548806.12,1
5061,1883,282,2439985.63,1
5062,4599,35,3753480.89,1
5063,291,73,2402554.24,0
5064,452,211,1651485.73,1
5065,2520,48,2083955.01,1
5066,4885,295,4505698.14,1
5067,3179,67,1560982.44,1
5068,3340,259,1130971.96,1
5069,4803,1,3099549.87,1
5070,294,267,2058161.43,0
5071,3628,276,5356854.65,1
5072,4571,181,9555812.33,0
5073,3903,246,2317285.34,0
5074,1072,270,1552350.22,0
5075,4560,33,3631032.26,1
5076,2292,79,1994430.44,1
5077,1618,295,1306931.06,1
5078,1038,292,6717204.2,1
5079,2828,286,2401669.9,1
5080,793,76,3186526.78,0
5081,4857,261,4374813.99,0
5082,1230,238,3502264.72,0
5083,2765,87,2731358.89,1
5084,207,295,6071204.25,1
5085,654,6,2908590.4,0
5086,4279,59,2712197.38,1
5087,4791,153,3565185.28,1
5088,2063,192,1952777.96,1
5089,1765,179,1862804.01,1
5090,3251,53,2651358.91,1
5091,1261,264,2457663.54,1
5092,1426,285,1735825.62,1
5093,3153,122,7482289.35,0
5094,2434,184,1183197.24,1
5095,1763,36,1246906.54,1
5096,1386,166,4287862.73,1
5097,2057,185,2972501.03,1
5098,4245,157,3094348.86,1
5099,1079,12,3942393.89,1
5100,1193,27,5270446.53,0
5101,190,114,2275949.0,1
5102,949,168,1414811.64,0
5103,365,248,2553719.58,1
5104,3124,160,2827312.94,1
5105,1385,246,1579786.29,0
5106,3395,241,2738945.53,1
5107,2115,134,1937189.17,1
5108,3703,176,3011089.05,1
5109,4133,242,2632896.78,1
5110,122,140,7524468.45,1
5111,1072,159,4036343.05,1
5112,4201,2,3863222.89,0
5113,3272,210,1598822.99,1
5114,150,227,4548799.92,1
5115,4631,300,3183272.23,1
5116,4218,73,2782449.52,1
5117,2033,123,4745956.79,0
5118,2501,206,2146314.84,0
5119,4895,24,3902940.7,1
5120,4953,260,1729055.73,1
5121,3188,297,4349594.78,0
5122,2881,111,2593994.51,0
5123,4786,263,2837119.29,1
5124,1150,154,1666407.75,1
5125,1475,54,1074565.14,1
5126,3017,122,2895755.98,1
5127,3276,39,2235216.76,1
5128,1603,184,4342850.76,0
5129,795,24,4100932.69,1
5130,2901,250,2680842.56,0
5131,4568,15,1843839.74,0
5132,173,257,2088517.96,0
5133,1689,206,3038200.72,1
5134,4071,248,2195156.69,1
5135,794,91,3612189.68,1
5136,4183,203,3436980.05,1
5137,2647,154,1093432.99,1
5138,287,98,1820212.17,0
5139,837,273,1555167.37,0
5140,377,291,2583322.47,1
5141,1401,259,2561145.2,0
5142,1228,123,2791090.15,1
5143,1908,72,1645408.9,0
5144,2777,194,4092056.03,0
5145,735,195,1593710.91,0
5146,4952,214,1701264.51,1
5147,202,83,3251743.15,1
5148,3572,242,3302696.82,1
5149,1875,72,6043669.24,0
5150,1056,157,2913674.19,0
5151,1037,269,2456483.24,1
5152,3892,49,2923857.83,1
5153,3357,81,1489727.97,0
5154,3596,182,1760601.42,0
5155,2,10,6097195.0,1
5156,4372,85,6423240.33,1
5157,3239,132,1200608.96,1
5158,512,269,6949121.61,1
5159,2717,198,4093838.03,1
5160,3874,84,1864030.04,1
5161,2617,120,1521426.83,1
5162,3369,71,3090165.83,1
5163,2539,44,1786315.12,0
5164,295,231,2857255.72,1
5165,2712,269,1497948.54,1
5166,3724,275,3215184.57,0
5167,2533,36,2036599.35,0
5168,4926,73,7514567.79,1
5169,2232,183,1190130.02,1
5170,3391,74,3684895.62,1
5171,1700,53,4422372.24,1
5172,15,182,1375712.97,1
5173,1816,138,4007678.98,1
5174,3610,143,1485725.22,1
5175,486,21,1352206.99,1
5176,910,101,2427009.53,1
5177,1972,83,538075.39,1
5178,4317,34,1270332.73,1
5179,2452,107,2050717.96,1
5180,309,165,2161735.79,1
5181,3817,185,2977038.79,1
5182,2789,66,2081918.32,0
5183,2192,65,1626164.37,1
5184,1319,236,2827083.93,0
5185,3850,89,5696509.25,0
5186,4569,13,5812447.88,1
5187,3897,261,1247223.66,0
5188,376,169,2229826.73,1
5189,1634,232,4076308.38,0
5190,4219,248,4509682.57,1
5191,2481,34,3558511.69,1
5192,3075,34,2181070.71,1
5193,1630,16,4254389.94,1
5194,2314,204,1168119.86,1
5195,363,2,5661277.74,1
5196,1769,219,6895382.99,0
5197,4274,186,1404990.07,0
5198,4297,114,4484613.37,1
5199,4103,108,2401021.32,1
5200,3594,10,10175554.67,0
5201,425,158,5556878.01,1
5202,1096,10,2434978.69,1
5203,3273,108,4314184.56,1
5204,904,125,2012845.42,1
5205,4226,58,2052497.35,0
5206,3019,259,2416149.0,1
5207,200,225,5006630.27,0
5208,2715,69,2150468.69,1
5209,1954,240,2928515.37,0
5210,4467,50,1651768.07,1
5211,1221,136,3238368.29,1
5212,4961,273,3000706.59,1
5213,2376,132,900367.35,1
5214,938,121,1420992.86,1
5215,770,235,1659721.78,1
5216,1101,6,1306321.36,1
5217,170,37,1263624.19,0
5218,254,202,7257760.58,0
5219,105,80,1679236.78,0
5220,4702,88,1965454.11,1
5221,4744,194,6955633.04,1
5222,4115,61,2102399.95,1
5223,336,265,4009401.7,0
5224,519,230,2229254.25,1
5225,1091,157,1762797.63,1
5226,3566,265,3472347.92,0
5227,3131,137,1627650.22,1
5228,2180,2,1737552.87,1
5229,3193,140,2523497.3,1
5230,4675,252,2541039.05,1
5231,480,15,3151070.84,1
5232,1323,164,3402145.39,0
5233,2728,285,1319508.04,1
5234,1869,96,3819166.71,0
5235,2293,46,869855.59,0
5236,165,273,6043756.34,1
5237,1119,77,967211.64,1
5238,982,145,2956177.88,1
5239,4027,162,1662596.38,1
5240,3723,170,5171326.04,1
5241,4829,23,1735900.5,0
5242,4595,20,1342267.47,1
5243,1473,278,2312458.2,1
5244,3127,129,1596003.67,1
5245,1030,204,2609444.22,0
5246,3769,303,1940455.84,0
5247,1821,74,5335711.91,1
5248,2598,92,1896779.43,1
5249,4415,182,1910270.41,1
5250,2909,127,3668231.77,0
5251,3830,212,2639680.37,1
5252,714,203,1574459.18,1
5253,3757,200,2103795.3,1
5254,2254,188,1464506.92,1
5255,4515,247,1598254.13,1
5256,1475,96,1823808.78,1
5257,1162,161,956055.5,1
5258,3148,97,1509944.12,1
5259,4318,34,2083652.33,1
5260,568,9,1782171.22,0
5261,4587,229,1575982.67,1
5262,2868,283,3253475.61,0
5263,3482,27,3057388.82,1
5264,4264,186,1696711.93,0
5265,2035,137,564733.24,1
5266,4420,120,2608272.44,1
5267,4540,267,4596954.26,1
5268,3673,240,3333123.26,1
5269,179,120,1561378.68,1
5270,2896,86,1079730.04,1
5271,1420,14,2130540.24,1
5272,458,80,4913537.78,1
5273,480,99,1885802.63,1
5274,4493,153,3665865.05,1
5275,1919,75,4226444.43,1
5276,502,22,2616961.99,1
5277,3706,107,3006995.96,1
5278,3168,263,457234.81,0
5279,2009,234,4487658.48,1
5280,2638,6,1016746.16,0
5281,2793,292,1889854.87,1
5282,4647,90,1163224.29,0
5283,2067,224,1361284.15,1
5284,162,91,4226587.6,1
5285,166,211,1765928.95,1
5286,3493,127,5313818.8,0
5287,319,145,3587835.16,1
5288,4722,105,1651412.24,1
5289,225,137,4638776.39,1
5290,3252,186,2057032.65,1
5291,4049,180,2861312.71,1
5292,709,183,2168392.96,1
5293,417,274,1408273.38,1
5294,4970,200,1553180.75,0
5295,1662,74,3949659.63,0
5296,1274,212,1673804.49,0
5297,2783,238,2671631.01,0
5298,1268,27,1679740.3,1
5299,2678,80,3631060.24,0
5300,1556,238,3657628.08,0
5301,3077,88,684743.2,0
5302,447,202,3355557.59,1
5303,2629,228,2003661.13,1
5304,2815,196,1388966.95,1
5305,2467,289,3035424.06,1
5306,1374,144,2115989.67,1
5307,3352,35,3366682.31,1
5308,1693,59,2955677.44,1
5309,1460,236,2252827.9,1
5310,934,177,2120104.18,1
5311,2282,86,1757800.75,1
5312,2339,275,1887868.92,0
5313,2160,192,1297486.2,1
5314,1626,32,2359757.61,0
5315,1774,119,5010526.8,1
5316,3326,152,1076591.43,1
5317,4985,107,4034223.43,1
5318,3393,9,1109723.86,1
5319,4515,242,3047180.58,0
5320,2635,6,2195813.02,1
5321,3377,276,2663247.36,1
5322,1815,22,4552494.23,1
5323,3699,145,647052.71,1
5324,2709,193,3889060.95,1
5325,4363,83,2407485.74,0
5326,2098,153,1909728.41,0
5327,1794,138,1745349.53,1
5328,2145,25,1336566.36,1
5329,2649,152,1632552.76,1
5330,466,59,2141999.09,1
5331,1769,202,810718.44,1
5332,2497,203,4981365.21,0
5333,4460,127,1265787.85,1
5334,2959,18,1519117.25,1
5335,3039,167,2629264.92,0
5336,1633,265,2159821.59,1
5337,2807,147,1410846.3,1
5338,4478,115,2429062.52,1
5339,2258,125,1291912.66,0
5340,3792,182,4427973.21,1
5341,2863,27,2434265.52,1
5342,4050,264,1781066.08,1
5343,1451,181,4882542.5,0
5344,2155,254,2036991.74,1
5345,2574,192,1701591.64,1
5346,1077,181,3507888.22,1
5347,1031,159,1341449.31,1
5348,2970,98,2031325.18,0
5349,1208,145,4032856.33,0
5350,1202,249,1002611.61,1
5351,904,71,3195571.29,0
5352,3727,138,3018304.57,1
5353,980,185,5978679.6,1
5354,2581,172,2519097.59,1
5355,2387,119,1416109.43,0
5356,642,213,5971273.16,0
5357,294,196,4308848.62,0
5358,3693,123,1984320.59,1
5359,1659,263,4436204.39,1
5360,4506,178,2365058.34,1
5361,2396,115,1422383.52,1
5362,1729,126,3264191.46,1
5363,748,96,2869041.59,1
5364,620,172,2078153.37,0
5365,1778,261,3587844.47,0
5366,1151,24,3316830.67,0
5367,2729,292,1864683.93,1
5368,56,131,2379174.09,0
5369,4529,174,2453366.54,1
5370,2267,68,2779583.68,0
5371,1613,303,3704447.82,1
5372,204,77,1867384.69,1
5373,26,144,1465899.69,0
5374,953,295,4627351.0,1
5375,3372,207,5124803.5,1
5376,200,292,4241012.22,0
5377,4795,251,6643595.78,1
5378,509,50,5364270.22,1
5379,4943,2,4287216.62,1
5380,1699,71,2934212.85,1
5381,2315,33,1680607.03,1
5382,3666,2,4026100.73,1
5383,880,130,1426930.06,1
5384,765,72,3739911.49,1
5385,3369,161,4199055.34,0
5386,2536,233,2898264.37,1
5387,4037,68,3414113.41,0
5388,2340,223,2090791.99,1
5389,2782,264,3832609.15,1
5390,1621,82,2039765.1,1
5391,1758,115,3969917.7,1
5392,4908,133,5627221.67,1
5393,1670,20,4149135.26,1
5394,4442,77,1602303.91,1
5395,2208,21,4126764.71,0
5396,3103,142,4961334.45,1
5397,1021,133,4874106.68,1
5398,1642,216,2722482.42,1
5399,2125,45,1719124.62,1
5400,3793,234,3594585.12,1
5401,4117,184,1606124.76,1
5402,2743,130,2978409.75,0
5403,2777,116,1295612.16,1
5404,207,259,6752112.27,1
5405,1276,44,1575824.77,1
5406,4447,119,6146668.08,0
5407,3500,91,1259987.97,1
5408,4262,9,2213805.35,1
5409,1749,83,534241.57,1
5410,3356,231,2390003.44,1
5411,936,193,2516334.66,1
5412,3587,169,4315731.06,0
5413,251,21,817083.42,1
5414,4962,179,2357370.41,1
5415,4334,179,3992698.75,1
5416,3269,255,2556819.98,1
5417,2811,66,1342015.23,0
5418,3943,90,3381755.49,1
5419,149,97,3998078.01,0
5420,967,214,2599928.84,1
5421,2474,273,2677452.08,0
5422,555,222,5857762.28,1
5423,1426,34,2841360.0,1
5424,2780,266,3484662.08,1
5425,1306,296,3896440.16,0
5426,1967,32,1839321.68,0
5427,4620,263,4112765.15,0
5428,3514,250,1576652.33,1
5429,4784,181,3279633.26,1
5430,1171,179,5703211.27,1
5431,3695,23,3200706.89,0
5432,4585,85,2085027.02,0
5433,1242,252,4633706.7,1
5434,545,94,1094898.83,1
5435,496,249,4443629.44,0
5436,4851,232,2576089.83,1
5437,273,132,2918034.71,0
5438,2185,269,4030009.49,1
5439,242,33,3341524.46,1
5440,1438,39,2035914.9,1
5441,4864,108,1147712.97,1
5442,813,123,1983480.26,1
5443,873,3,3754720.06,0
5444,142,58,4684659.42,1
5445,3656,248,511861.45,0
5446,1041,42,2449316.15,1
5447,1569,191,5007500.33,1
5448,3760,221,553663.3,1
5449,3824,47,1373564.35,0
5450,2439,132,3881877.13,1
5451,4083,207,2400894.82,1
5452,2914,40,1961455.99,0
5453,1316,136,2558762.32,1
5454,1111,240,2504208.07,1
5455,1691,179,2332985.68,0
5456,85,72,1851209.01,1
5457,2477,226,2768257.48,0
5458,578,194,3192636.63,0
5459,260,93,1040948.35,1
5460,955,107,2772010.97,1
5461,121,153,1839058.53,0
5462,739,8,3414813.81,0
5463,4078,302,5766186.26,1
5464,4566,139,5094887.84,1
5465,2280,26,2925380.31,0
5466,2614,152,1638136.72,1
5467,2492,297,2792330.11,0
5468,3049,32,1726047.71,1
5469,3038,212,1969826.32,1
5470,1529,231,3425776.56,1
5471,1645,264,1235492.12,0
5472,3487,81,3358321.72,1
5473,3812,20,2201766.57,1
5474,1093,159,4137878.27,1
5475,114,74,2676398.03,0
5476,44,266,5971986.54,1
5477,638,78,1204319.09,1
5478,1904,67,845372.65,1
5479,4640,49,6486983.7,1
5480,2957,51,900521.38,1
5481,4382,251,2477203.84,0
5482,4490,253,1369457.07,1
5483,384,50,2716519.64,1
5484,741,301,2714338.11,0
5485,2772,72,5052546.71,1
5486,4565,160,905259.69,1
5487,3666,219,2249943.37,1
5488,2181,14,1487128.95,0
5489,1286,75,1441163.56,1
5490,1375,266,14833162.68,1
5491,80,32,1851137.66,1
5492,3102,3,1428864.25,1
5493,3299,188,1420213.2,0
5494,2573,184,4439327.85,1
5495,3874,223,3114658.45,1
5496,3638,21,4280005.51,1
5497,3662,92,1212797.52,1
5498,290,145,649341.25,1
5499,848,229,3267564.2,0
5500,4368,111,5072459.94,1
5501,2835,251,1665965.6,1
5502,665,292,1850354.24,1
5503,1139,11,4422423.83,1
5504,4707,297,4559242.39,1
5505,3073,55,2852795.98,1
5506,2270,208,2559993.9,1
5507,2411,125,1810291.52,1
5508,2943,35,758755.09,0
5509,2851,2,1829187.18,1
5510,2918,263,1080970.67,1
5511,1574,144,1729848.17,0
5512,325,120,5098538.3,1
5513,2635,55,3147014.97,1
5514,2876,218,1838914.09,1
5515,2577,67,1033633.37,0
5516,4877,107,5393930.99,1
5517,859,19,1706523.79,1
5518,3728,15,928599.84,1
5519,96,13,1848722.25,1
5520,1624,77,1966405.07,0
5521,3296,23,2927442.27,0
5522,2468,65,4269969.66,1
5523,1219,275,2473015.32,1
5524,2399,79,2569497.72,1
5525,2655,151,5729612.23,1
5526,541,21,4632625.11,1
5527,90,290,2558033.99,1
5528,1149,3,369898.44,1
5529,1337,77,2402186.43,1
5530,2648,262,1202298.79,1
5531,203,3,6190389.43,0
5532,1925,198,2887105.1,1
5533,1473,59,1903488.73,1
5534,3065,112,7992900.43,1
5535,3650,86,2228118.58,1
5536,3679,289,4307134.19,1
5537,3136,178,1195214.4,1
5538,2511,156,3178748.97,1
5539,823,104,2938420.89,1
5540,3067,222,3455690.16,1
5541,607,79,2613741.52,1
5542,2119,203,1995304.31,1
5543,591,175,3617922.74,1
5544,1359,226,2684322.99,0
5545,4248,33,3616133.21,1
5546,48,220,3698531.0,1
5547,1424,249,910530.35,1
5548,436,149,8510864.09,0
5549,4977,110,2657547.09,0
5550,4365,16,1637172.03,1
5551,2774,33,1123039.52,0
5552,857,2,2363338.41,1
5553,4995,153,3497300.62,1
5554,406,177,2587633.91,1
5555,1204,206,2504696.08,1
5556,2789,40,4420188.06,1
5557,4745,139,1337574.89,0
5558,747,253,1925258.55,1
5559,4614,224,3377645.27,0
5560,1086,174,5126124.13,1
5561,854,137,7149281.36,1
5562,4848,290,4704750.54,0
5563,4931,256,1267583.46,1
5564,653,130,4463705.04,1
5565,1751,274,2324507.28,1
5566,1974,139,2082614.01,1
5567,738,218,5730150.21,1
5568,4628,85,1882272.09,1
5569,1824,155,2356348.58,1
5570,4030,49,1842034.01,1
5571,409,290,4567338.4,1
5572,1941,152,3807934.1,1
5573,2987,237,1375717.83,1
5574,951,76,2922619.57,1
5575,2999,172,744259.23,1
5576,2147,140,1300992.5,0
5577,1661,46,2664303.3,1
5578,1983,252,2434256.02,0
5579,1571,3,2061582.38,1
5580,1399,274,4640692.7,1
5581,180,252,1542863.91,1
5582,2732,285,2257485.84,1
5583,3330,224,5633506.83,1
5584,4672,200,2438466.23,1
5585,1253,280,756831.14,1
5586,2183,201,10605456.68,1
5587,2367,53,2220383.84,1
5588,3232,156,1590253.24,1
5589,2532,108,2547094.76,0
5590,2281,120,3133756.55,1
5591,3939,280,3066549.42,0
5592,697,149,1249513.14,1
5593,3166,260,4774936.83,0
5594,956,47,4317038.19,1
5595,4854,251,3605485.78,1
5596,3414,7,1475493.03,0
5597,3161,72,3282956.92,1
5598,4359,203,2203108.54,1
5599,1787,78,1482911.06,0
5600,495,30,3459819.1,1
5601,4349,262,1785775.94,1
5602,4634,225,2446814.79,1
5603,2580,19,1784365.64,1
5604,2234,236,4543090.56,1
5605,939,3,3338701.3,0
5606,1190,89,4042394.4,1
5607,2826,140,1948375.1,1
5608,837,273,2729313.16,1
5609,614,225,1084512.42,1
5610,1377,36,1556084.9,1
5611,1727,126,3132550.71,1
5612,1213,98,627229.89,1
5613,153,285,1741632.32,0
5614,1627,76,2959652.98,1
5615,392,217,2085068.82,0
5616,3754,260,3753068.01,1
5617,1093,229,1926061.89,1
5618,131,143,3223174.86,1
5619,3110,198,1918862.23,1
5620,1922,183,1494601.51,1
5621,2467,237,2573978.26,1
5622,3102,45,1160142.91,1
5623,2165,272,4018853.36,0
5624,507,146,4776618.94,0
5625,2857,110,1492879.13,1
5626,2805,142,3172410.18,0
5627,978,22,1450380.44,1
5628,3740,58,1933577.1,1
5629,3412,113,5467845.84,1
5630,3378,55,2333714.94,0
5631,2721,101,3245127.44,0
5632,3178,75,1403696.47,1
5633,698,32,2553127.12,1
5634,595,76,3270449.52,1
5635,2771,69,3369455.1,1
5636,3784,85,2109391.03,1
5637,564,277,2121160.1,1
5638,3098,282,3867687.66,1
5639,3372,141,2313431.83,1
5640,4996,220,651587.04,1
5641,1130,234,1702820.47,1
5642,3926,268,1901885.7,0
5643,245,167,2968607.32,0
5644,3879,91,7281535.22,0
5645,938,218,3523456.94,0
5646,2297,274,1809193.73,0
5647,2415,11,4933929.61,1
5648,4723,251,5767023.51,1
5649,3559,121,3310344.9,0
5650,2457,87,2060257.02,1
5651,1854,269,3003730.1,1
5652,4900,182,3743472.38,1
5653,1828,35,2115685.24,1
5654,4213,79,1913393.41,0
5655,2197,187,2001361.55,1
5656,990,293,2800752.56,1
5657,4333,182,4080014.22,1
5658,472,179,1980934.49,0
5659,4003,249,2173236.14,1
5660,3983,152,1777806.2,0
5661,4634,122,5033407.11,0
5662,4980,249,4489053.53,1
5663,3928,271,2808915.78,1
5664,171,221,3424524.64,0
5665,2227,290,3067480.86,1
5666,4124,276,1072770.21,1
5667,2860,134,4476413.88,0
5668,2522,145,1789874.83,1
5669,2759,288,2486136.75,1
5670,1136,196,2896254.86,1
5671,4943,2,4760462.25,1
5672,861,28,1548976.77,1
5673,3688,284,1019179.64,1
5674,349,57,1169154.42,1
5675,2668,207,1180473.78,1
5676,4928,133,2076422.04,1
5677,3229,219,1428775.34,1
5678,4069,37,2644849.39,0
5679,4791,53,1635137.98,0
5680,2926,1,3148011.72,1
5681,955,197,1178987.7,0
5682,3440,26,2867074.74,0
5683,4714,42,1449224.2,1
5684,3534,189,3522248.65,1
5685,1764,232,5984997.95,1
5686,995,270,6626679.87,1
5687,1743,91,3271833.31,0
5688,3747,121,7315311.24,1
5689,1124,174,2085072.23,1
5690,1267,270,1718844.82,0
5691,1771,23,2150006.72,1
5692,1359,235,4622264.31,1
5693,2531,33,1841909.23,1
5694,3350,278,1758872.59,1
5695,855,82,1603037.85,1
5696,4089,256,1929121.73,1
5697,844,46,4126209.28,1
5698,3586,19,3763385.36,1
5699,1440,106,2404461.49,1
5700,2971,232,2836321.54,0
5701,39,104,4158610.32,1
5702,875,209,1284182.12,1
5703,3232,27,4709482.47,1
5704,668,36,3236270.88,1
5705,1007,161,1914856.74,1
5706,3780,132,2060002.63,0
5707,4366,128,2344222.18,0
5708,4042,270,2509278.32,0
5709,1893,227,6415114.37,1
5710,2872,114,2993600.09,0
5711,2275,121,1651055.76,1
5712,630,249,6305446.95,1
5713,4641,164,1769833.77,1
5714,3883,276,3006354.54,0
5715,127,186,2167674.07,1
5716,52,209,2348379.43,1
5717,3537,173,2251590.91,1
5718,1657,209,997006.47,1
5719,2530,214,5246833.69,1
5720,2286,196,4434623.18,1
5721,3183,293,2742086.88,1
5722,4142,225,2701794.87,0
5723,4851,57,1730829.22,1
5724,1170,71,5751112.85,0
5725,648,136,2362245.48,1
5726,1433,206,12902118.96,0
5727,3377,60,3703156.21,1
5728,1465,130,2948665.91,1
5729,3523,254,1750016.68,1
5730,1050,98,3347605.89,1
5731,2267,68,1757272.98,0
5732,505,69,2404278.91,1
5733,898,183,3001670.53,0
5734,4839,90,5139225.24,1
5735,861,73,1238397.35,1
5736,2121,64,3237267.5,1
5737,2102,284,751568.12,0
5738,3452,233,4512654.36,1
5739,3376,56,4672285.92,0
5740,2517,37,3978138.36,1
5741,2750,111,2573480.14,1
5742,3916,9,2809124.39,1
5743,515,234,3614366.44,1
5744,1037,171,2603588.48,1
5745,266,172,1237196.19,1
5746,1516,283,2361990.62,1
5747,1854,230,3386857.36,1
5748,604,236,4121249.23,0
5749,561,108,6171998.64,0
5750,2345,149,1602239.8,1
5751,701,174,4659364.07,1
5752,3648,253,1566797.34,1
5753,3398,242,1582485.6,0
5754,2886,106,1842317.48,1
5755,2378,152,1835292.43,1
5756,4393,126,6090534.52,1
5757,3241,289,4820749.34,1
5758,4474,286,5092954.11,0
5759,1737,24,3371441.88,1
5760,2652,209,4289193.78,1
5761,472,276,2009543.65,1
5762,2440,155,4383258.87,1
5763,323,201,990342.48,1
5764,1853,137,1077913.55,1
5765,84,74,2326979.39,1
5766,1216,152,2040504.59,1
5767,4316,208,1078050.8,0
5768,3594,226,1665469.27,0
5769,4823,53,2757951.97,0
5770,4783,109,3902882.86,1
5771,750,295,5076812.0,1
5772,903,278,2449081.0,1
5773,4731,270,3391072.13,1
5774,4035,73,1143893.71,0
5775,1318,179,7981353.65,1
5776,1556,66,3209145.7,1
5777,3225,209,2020040.98,1
5778,2739,136,980704.14,0
5779,1899,77,2335173.03,1
5780,1690,71,2826888.79,1
5781,3094,207,2374028.2,1
5782,4598,269,2600108.49,1
5783,4215,216,2691299.25,0
5784,3740,146,5131374.29,1
5785,4304,258,1139329.2,1
5786,295,141,1017162.09,1
5787,4345,172,1815634.8,1
5788,1971,290,2133685.87,1
5789,1324,152,3754042.46,1
5790,4328,93,2529634.97,1
5791,3885,114,2378852.07,0
5792,406,56,2341265.42,1
5793,1747,283,3579850.27,0
5794,3347,246,4741557.29,0
5795,902,216,1575487.76,1
5796,846,298,2799472.18,0
5797,1543,36,1153816.67,1
5798,1573,106,2304211.5,1
5799,1741,123,4346417.61,1
5800,3969,178,2236813.63,0
5801,2818,131,2138253.36,0
5802,2230,272,2072239.68,0
5803,3087,153,1229891.84,1
5804,4880,243,4369106.25,1
5805,1995,290,2573603.01,1
5806,2336,131,2426845.18,1
5807,4137,126,1207519.84,0
5808,1012,171,3496591.21,1
5809,267,191,2175537.74,1
5810,3038,54,4514126.11,1
5811,4337,210,4351921.44,1
5812,3099,163,4224130.66,0
5813,3651,203,1638770.27,1
5814,841,295,1437804.46,1
5815,1821,250,2735734.06,1
5816,1576,28,2963212.71,1
5817,3080,277,4492913.51,1
5818,1282,168,1718119.06,1
5819,2154,82,1304869.53,1
5820,678,76,2266517.03,0
5821,542,142,1609162.22,1
5822,1516,115,1319548.25,1
5823,4820,9,1533857.69,1
5824,463,173,1661768.3,1
5825,1766,304,1018089.24,1
5826,2683,195,2599231.97,0
5827,4211,174,1807876.82,0
5828,208,222,1107631.9,0
5829,3894,168,1518759.36,1
5830,3646,250,1727471.29,1
5831,3798,179,2651368.77,1
5832,3024,129,2159751.27,1
5833,177,7,3773493.75,0
5834,107,102,3823872.55,1
5835,4169,11,1577459.91,1
5836,4249,150,1861974.65,1
5837,2390,235,8240843.16,0
5838,1873,143,6436225.01,0
5839,4372,173,2132275.2,1
5840,4161,117,2579104.82,1
5841,1957,274,3983579.61,1
5842,835,240,2160269.24,0
5843,3244,241,3579818.4,0
5844,4374,222,1889885.83,0
5845,1503,5,1990774.28,0
5846,761,226,1124429.93,1
5847,3614,155,9051454.31,1
5848,300,74,4085995.5,0
5849,4960,89,676961.48,1
5850,1934,162,1140408.42,1
5851,1604,176,3880964.39,1
5852,4918,236,2194050.12,1
5853,1662,174,945477.21,1
5854,996,108,3145049.37,1
5855,3726,18,1205469.46,1
5856,2908,85,3065135.44,0
5857,2412,298,3613247.13,1
5858,98,112,5809912.03,0
5859,1400,187,2699515.28,0
5860,3489,106,2622936.09,1
5861,4851,304,3402700.33,1
5862,179,229,2784378.1,0
5863,333,285,4074380.57,1
5864,238,268,1427180.17,1
5865,4372,9,912548.38,1
5866,2778,44,2317172.09,0
5867,259,90,4572481.38,1
5868,3267,277,1769907.28,0
5869,3224,39,1819572.08,0
5870,725,266,2413946.89,1
5871,1771,121,2557362.71,1
5872,1595,249,2843626.65,0
5873,3396,89,3071699.24,1
5874,2494,34,2780101.92,0
5875,3312,36,2368435.91,1
5876,2975,280,9222498.9,0
5877,1442,160,6489309.42,1
5878,141,144,1243810.93,1
5879,1757,55,2288251.44,1
5880,2382,34,1351780.28,1
5881,3726,180,1587157.63,1
5882,4004,277,1302705.87,1
5883,58,253,3007772.23,1
5884,4615,46,2456266.32,0
5885,1865,288,1487281.08,0
5886,4089,39,1601747.8,1
5887,975,40,3115263.04,0
5888,4336,256,2333821.5,1
5889,2485,207,801760.65,0
5890,3284,286,973069.27,1
5891,1057,291,2866036.51,1
5892,4559,51,4653706.35,0
5893,3476,200,1277806.47,1
5894,1386,19,5247742.44,1
5895,3952,34,8264254.13,1
5896,970,275,3413925.0,1
5897,1494,46,7230298.87,1
5898,942,238,1796606.07,1
5899,2803,155,3610499.43,1
5900,3823,96,3605185.35,1
5901,2414,172,1870167.92,1
5902,3283,264,1849284.68,1
5903,1181,214,5603574.39,1
5904,3909,283,3677817.79,1
5905,3738,221,1585784.32,1
5906,4548,235,1628046.54,1
5907,1450,233,6676258.1,0
5908,1272,23,2404893.81,1
5909,2971,6,2102133.56,1
5910,357,176,975007.06,1
5911,4306,215,5776364.77,0
5912,2012,244,4483346.21,1
5913,3283,132,1184818.0,1
5914,1242,28,1215952.18,0
5915,1937,47,2635677.26,0
5916,2519,118,3232495.44,1
5917,2662,75,1490956.1,0
5918,3469,41,1110875.1,1
5919,4433,66,2138907.86,0
5920,3955,280,4965820.77,1
5921,3171,84,1899309.05,0
5922,219,271,4297573.6,1
5923,2746,261,2793483.06,0
5924,535,87,2287452.28,1
5925,2046,134,2669244.76,0
5926,4807,58,4298785.17,1
5927,3776,14,2586457.18,1
5928,1010,96,659170.79,1
5929,861,129,1615331.07,1
5930,1386,72,2940563.96,1
5931,3578,64,8076875.99,1
5932,1560,26,3708174.91,1
5933,2799,296,9974846.85,1
5934,2552,72,4627949.95,1
5935,451,10,2849413.53,1
5936,3252,286,4950217.38,0
5937,4182,264,2842064.69,1
5938,2329,297,3535143.97,1
5939,2882,8,2808012.41,1
5940,3582,163,4398323.2,1
5941,3061,134,2629569.01,0
5942,1594,114,3351727.53,1
5943,2891,285,1932388.14,0
5944,2738,174,4900287.44,0
5945,4571,166,1038963.3,1
5946,4650,192,3703825.84,1
5947,2733,197,792508.57,0
5948,4515,152,2635057.24,1
5949,3827,217,1586103.23,1
5950,2087,128,2659937.23,1
5951,2686,170,2013107.37,0
5952,3005,114,2057652.81,1
5953,4001,120,3843852.04,1
5954,834,115,1656272.12,0
5955,3930,113,4750556.01,1
5956,4698,99,3379688.61,1
5957,4959,11,2611755.21,1
5958,159,125,749698.13,1
5959,2980,269,1054303.02,1
5960,2455,171,1314855.03,1
5961,1802,219,1676927.59,1
5962,2893,127,1731499.57,1
5963,4528,87,2529055.22,1
5964,44,281,2002462.73,0
5965,3261,129,1169375.19,1
5966,1202,203,2050695.22,1
5967,3068,164,1299635.18,0
5968,3794,100,3329309.16,0
5969,3716,176,2175673.23,1
5970,597,33,746038.87,0
5971,2524,119,11619941.2,0
5972,3549,278,4393894.97,0
5973,3561,79,1482929.4,1
5974,1958,297,1116612.25,0
5975,4918,229,2823211.81,1
5976,1123,66,3856169.82,0
5977,3583,303,2543488.39,1
5978,1131,293,1050648.37,1
5979,3809,159,2877066.39,1
5980,1820,228,4150990.62,1
5981,3502,203,4806160.93,1
5982,494,44,6736524.2,1
5983,3192,252,3094365.77,1
5984,2897,279,5547666.8,0
5985,3194,90,3969330.64,1
5986,4812,101,1121422.72,1
5987,4932,215,890885.61,1
5988,2589,108,2562404.97,0
5989,3295,27,1278393.59,0
5990,553,12,2181984.02,1
5991,234,78,1726658.04,0
5992,1881,225,5420316.78,1
5993,1061,99,1790001.84,1
5994,2621,222,1498841.89,1
5995,1378,178,2678254.24,1
5996,2009,120,1944365.71,1
5997,3398,270,1528444.55,0
5998,2085,180,1680547.11,1
5999,815,80,1723572.97,1
6000,2444,22,3448288.3,0
