order_id,customer_id,model_id,date_id,order_value_inr,mw_capacity
1,1123,15,260,960463995.76,17.5
2,2896,3,152,1885487270.31,26.4
3,2356,7,218,103507620.11,1.5
4,4980,10,190,303694770.77,4.5
5,1051,8,143,453812810.73,7.0
6,3758,4,151,315699807.25,5.0
7,3491,8,39,232371188.11,3.5
8,1228,10,128,224858903.81,3.0
9,2593,9,183,106035405.36,1.8
10,3541,1,343,103221038.69,1.5
11,2118,5,61,1171997949.18,20.0
12,4627,13,132,194709393.42,3.5
13,3284,6,131,1185169872.55,21.0
14,2620,3,103,219209877.29,3.3
15,1768,6,83,1612585834.36,33.6
16,2831,12,281,2874760931.86,36.0
17,196,12,184,285162973.27,4.5
18,1718,9,341,309704095.11,5.4
19,4126,7,253,946631681.31,12.0
20,1731,4,218,416812219.33,5.0
21,3563,1,259,304984919.01,4.5
22,2533,5,306,175361933.81,2.5
23,4295,15,325,253087110.07,3.5
24,2292,5,144,261124770.29,5.0
25,2822,12,326,338830865.7,4.5
26,2757,9,263,105247012.02,1.8
27,204,11,243,203222422.86,3.0
28,2314,8,274,665684074.01,10.5
29,376,2,75,1827130312.76,28.0
30,659,5,4,830737991.22,12.5
31,1364,10,330,115664165.24,1.5
32,1529,9,147,108598936.09,1.8
33,1544,10,88,335125072.92,4.5
34,4852,1,211,335513834.23,7.5
35,4972,5,249,231519403.87,5.0
36,1057,3,25,451534895.8,6.6
37,2232,12,165,282995938.43,4.5
38,3100,1,207,248708129.71,3.0
39,51,12,66,915491906.23,13.5
40,3347,2,321,442984178.4,7.0
41,4923,14,41,547983147.27,10.5
42,324,2,289,486496857.69,7.0
43,630,6,360,829941191.41,12.6
44,3775,15,226,1330814053.24,17.5
45,4161,9,123,282315205.35,3.6
46,3131,6,180,567395317.52,8.4
47,701,1,113,80698617.02,1.5
48,1784,8,13,1209186110.38,17.5
49,3604,8,14,424881853.59,7.0
50,1825,6,83,219042132.2,4.2
51,4897,7,265,163977858.87,3.0
52,463,3,128,207779978.79,3.3
53,4677,9,290,122431426.58,1.8
54,3414,3,343,336945260.37,6.6
55,1424,9,79,114938378.17,1.8
56,886,3,306,566802223.04,9.9
57,4397,5,275,804014345.08,12.5
58,3286,15,196,1489208104.01,28.0
59,4710,11,191,570278519.38,9.0
60,1026,8,124,556413152.89,10.5
61,3119,11,173,588256110.55,9.0
62,4824,15,13,221821745.68,3.5
63,3528,5,252,270359548.44,5.0
64,2238,3,241,610147714.85,6.6
65,70,8,355,1496813005.32,28.0
66,4760,13,166,622671008.03,10.5
67,352,2,145,1875779133.75,35.0
68,1490,2,235,1829903144.25,28.0
69,2624,6,293,217035508.41,4.2
70,1250,9,206,723450920.76,9.0
71,876,6,189,298976074.19,4.2
72,329,15,48,1201379426.23,17.5
73,3280,14,303,182264610.53,3.5
74,3295,11,288,217028954.7,3.0
75,517,2,318,785927881.46,10.5
76,4325,15,350,256009637.42,3.5
77,698,12,282,2577303979.16,45.0
78,4073,10,35,200859457.33,3.0
79,1423,8,315,399391218.32,7.0
80,2188,5,298,1268150856.19,20.0
81,1631,1,160,1021230619.68,15.0
82,1445,7,162,83588609.38,1.5
83,1562,5,34,159247133.89,2.5
84,1158,5,107,1659795996.21,25.0
85,56,5,140,1423294281.52,20.0
86,2453,8,233,718799026.58,10.5
87,4224,5,269,619010849.95,7.5
88,4776,1,328,470884441.03,7.5
89,40,14,51,465400869.24,7.0
90,3828,1,32,151575681.83,3.0
91,281,1,174,707573829.01,12.0
92,765,6,162,544431172.18,8.4
93,1757,2,289,535728509.48,7.0
94,685,3,1,476413952.93,6.6
95,2804,1,40,1042547387.65,15.0
96,2318,13,323,248446017.22,3.5
97,4464,15,117,1342374150.18,28.0
98,1210,4,269,160616302.49,2.5
99,3434,8,98,594137114.5,10.5
100,1570,10,313,91510711.02,1.5
101,1064,12,33,1057726113.81,13.5
102,1724,4,197,2207104681.42,25.0
103,1097,10,112,186129932.22,3.0
104,1776,14,144,742325539.2,10.5
105,496,1,296,272079126.03,4.5
106,1162,7,186,354507151.87,4.5
107,2444,1,187,91666145.22,1.5
108,282,6,277,545742446.85,8.4
109,47,1,207,358814570.53,4.5
110,189,11,190,212580347.99,3.0
111,1,7,294,497580148.88,7.5
112,4141,11,273,882432011.45,15.0
113,3698,10,28,107580955.26,1.5
114,2321,8,329,426320304.31,7.0
115,3814,14,286,195677051.21,3.5
116,360,3,189,442034470.5,6.6
117,1798,6,2,231721067.94,4.2
118,1018,5,206,159706312.39,2.5
119,3928,13,14,2298952035.79,35.0
120,572,15,272,385029809.09,7.0
121,4551,3,112,1532704250.01,26.4
122,2263,6,284,1295756235.18,21.0
123,4571,2,25,202013856.59,3.5
124,3955,7,38,205713565.2,3.0
125,2366,9,82,296447204.25,5.4
126,4217,10,109,107919389.77,1.5
127,1771,3,272,429170616.67,6.6
128,4157,15,234,1195583697.13,17.5
129,3357,11,349,195362020.18,3.0
130,1658,14,70,390191669.68,7.0
131,4459,3,112,940807637.92,16.5
132,4316,6,299,847535147.59,12.6
133,307,5,213,1451701723.1,25.0
134,2011,10,338,773801842.44,12.0
135,2746,3,186,219430793.82,3.3
136,903,2,22,386861704.43,7.0
137,133,9,365,640478845.57,9.0
138,1814,6,50,2548736410.02,42.0
139,2545,14,295,430799090.84,7.0
140,4049,9,128,92627274.38,1.8
141,1091,6,71,514160126.3,8.4
142,3797,6,22,787157449.38,12.6
143,4226,8,69,3230946130.47,35.0
144,3338,14,14,1115993784.9,17.5
145,1551,8,357,176988620.84,3.5
146,218,6,355,868248416.88,12.6
147,4190,10,132,412412143.3,7.5
148,1875,8,95,1054374281.95,17.5
149,2801,9,249,267012924.72,3.6
150,629,11,328,1031546013.65,15.0
151,3548,13,71,629920413.88,10.5
152,3829,4,327,346991808.24,5.0
153,3961,1,361,92253994.17,1.5
154,2747,2,20,1300473987.51,17.5
155,1223,12,207,324564418.84,4.5
156,2822,1,168,326904752.09,4.5
157,3410,14,299,1022397906.25,17.5
158,539,10,313,101904815.41,1.5
159,3008,8,250,2446140069.2,35.0
160,2086,9,247,263201820.26,3.6
161,3234,7,145,929670477.98,12.0
162,2891,14,343,360863003.13,7.0
163,765,1,77,101813685.75,1.5
164,2471,11,365,196042520.93,3.0
165,3236,12,9,318998562.01,4.5
166,1585,5,222,246867828.93,5.0
167,4829,15,7,1298319072.02,17.5
168,3306,3,19,225787457.49,3.3
169,2120,7,178,93043345.01,1.5
170,2107,7,333,92917915.93,1.5
171,3055,10,104,187499375.42,3.0
172,2636,15,81,1824661662.66,28.0
173,1155,15,154,453287649.95,7.0
174,12,15,111,646902837.43,10.5
175,3094,11,310,171562284.18,3.0
176,4590,5,194,1220399607.74,20.0
177,2379,5,73,305008412.06,5.0
178,4242,8,150,456593368.95,7.0
179,873,14,356,760343853.45,10.5
180,2731,11,273,1480695868.69,24.0
181,1255,15,73,500398886.58,7.0
182,3962,4,135,1010543629.17,12.5
183,2867,5,146,170192137.31,2.5
184,2238,7,273,955545635.09,12.0
185,985,4,19,851355386.65,12.5
186,4056,4,321,172519374.74,2.5
187,3176,5,363,530636062.56,7.5
188,3481,7,105,179573412.31,3.0
189,4751,12,318,677375638.92,9.0
190,4016,10,219,200439017.37,3.0
191,3857,14,63,686710794.13,10.5
192,2580,12,127,271736266.67,4.5
193,2919,9,286,283583021.13,5.4
194,1101,3,35,1552488209.19,26.4
195,2038,11,23,663717528.34,9.0
196,2267,15,105,1059965004.56,17.5
197,4533,11,176,1567759529.99,24.0
198,3621,15,329,198322322.42,3.5
199,3263,2,254,210506154.8,3.5
200,1989,11,91,428278763.52,6.0
201,786,4,284,343897272.89,5.0
202,2607,14,91,243728994.06,3.5
203,2368,11,89,929149113.9,15.0
204,304,6,55,667147359.17,12.6
205,2782,3,79,1799040304.79,26.4
206,803,12,212,649800644.96,9.0
207,4599,14,294,1277310832.33,17.5
208,4731,8,83,216257974.4,3.5
209,4048,5,158,172435048.52,2.5
210,4684,5,98,448892913.56,7.5
211,4673,10,155,200960311.83,3.0
212,2776,11,151,339331482.82,6.0
213,3869,12,32,1667938959.6,22.5
214,2035,8,282,413828448.8,7.0
215,2347,3,223,2010219697.91,33.0
216,4795,9,222,751652248.52,9.0
217,317,15,157,1026943119.45,17.5
218,4274,4,111,151639239.41,2.5
219,2363,4,267,979891693.11,12.5
220,3335,2,182,2289202522.57,35.0
221,1867,15,281,264943904.63,3.5
222,927,14,42,584990099.71,10.5
223,710,4,111,463826518.13,7.5
224,42,12,333,658748613.38,9.0
225,2431,8,212,376976882.48,7.0
226,3465,4,266,1467747307.89,20.0
227,319,10,61,179944505.76,3.0
228,1205,10,16,106256186.0,1.5
229,3181,2,326,606859751.33,10.5
230,3601,11,212,964065119.28,15.0
231,4167,9,233,189279380.06,3.6
232,2557,13,120,239724221.97,3.5
233,1327,5,163,785690027.67,12.5
234,3048,6,316,910005339.27,12.6
235,1341,11,167,422322363.39,6.0
236,1706,11,202,719588864.9,15.0
237,4962,15,228,468397283.44,7.0
238,576,3,239,193661065.58,3.3
239,513,14,107,1322711290.78,17.5
240,941,9,44,643763595.91,9.0
241,2428,8,157,405812494.99,7.0
242,2596,13,324,621950096.61,10.5
243,4242,4,303,1084606344.24,20.0
244,1477,15,268,460873145.7,7.0
245,4375,11,82,908071678.42,15.0
246,2500,8,2,1598875169.93,28.0
247,3025,1,279,181661761.61,3.0
248,1700,11,265,613927847.62,9.0
249,907,12,201,795975353.69,13.5
250,978,13,315,514077969.51,7.0
251,2175,6,225,515805430.97,8.4
252,3193,12,2,930505419.87,13.5
253,88,7,102,94561229.73,1.5
254,2204,15,242,1364568435.56,17.5
255,4993,5,284,1225906254.97,20.0
256,2856,1,114,940256497.1,15.0
257,3547,8,170,375069986.04,7.0
258,147,11,243,2100605644.99,30.0
259,1893,9,11,540458467.45,9.0
260,4933,8,41,1023905291.76,17.5
261,2485,6,59,506795064.36,8.4
262,4993,11,202,617008031.09,9.0
263,895,9,307,211402243.06,3.6
264,1632,14,222,634944152.13,10.5
265,927,14,301,602798851.83,10.5
266,2841,4,188,920019393.42,12.5
267,2148,4,13,372310701.86,5.0
268,4345,9,266,225366394.99,3.6
269,748,2,174,1198583415.84,17.5
270,4250,7,286,111157760.45,1.5
271,3110,11,270,178745357.14,3.0
272,4180,3,3,1012014090.65,16.5
273,4689,14,354,225395068.57,3.5
274,3931,3,71,1879255037.23,33.0
275,1533,1,38,93224759.91,1.5
276,737,1,149,310723035.73,4.5
277,2751,6,107,283421062.08,4.2
278,3304,6,159,657424610.76,8.4
279,2927,10,38,75621863.87,1.5
280,78,11,44,379400796.77,6.0
281,1326,15,39,211941153.28,3.5
282,3730,5,73,444520355.47,7.5
283,3246,14,224,491528912.72,7.0
284,2303,1,51,277175658.92,4.5
285,1565,2,29,531811543.55,7.0
286,4350,2,345,982242301.73,17.5
287,3624,2,90,1281192714.59,17.5
288,3038,14,247,234461744.19,3.5
289,3534,7,185,196830984.71,3.0
290,671,10,91,646046819.74,12.0
291,3623,4,231,534230197.5,7.5
292,674,8,195,1111370148.74,17.5
293,1956,5,76,405463114.24,7.5
294,1082,1,35,292180094.51,4.5
295,258,9,166,121129126.05,1.8
296,2513,4,227,418977636.73,7.5
297,4979,12,182,632231287.02,9.0
298,4715,2,87,1076103816.49,17.5
299,4286,6,327,254551632.5,4.2
300,3792,13,52,205612649.41,3.5
301,1887,1,89,845335616.2,12.0
302,1006,11,285,377853275.31,6.0
303,4811,7,9,95869587.36,1.5
304,2691,5,251,216333844.2,5.0
305,2015,4,25,453236221.55,7.5
306,3953,13,345,1287447647.17,17.5
307,4646,5,240,475817497.01,7.5
308,595,15,299,706175980.49,10.5
309,2134,2,1,415026251.23,7.0
310,680,11,171,319586045.04,6.0
311,1844,6,204,2134494518.1,33.6
312,4084,6,52,1494523550.75,21.0
313,1290,2,185,595036584.07,7.0
314,4682,6,61,875025028.15,12.6
315,4594,15,174,383252481.94,7.0
316,1436,15,238,1334479427.15,17.5
317,4804,4,77,390784965.12,5.0
318,3452,6,190,2454131518.94,33.6
319,3784,2,346,586871383.62,10.5
320,1817,15,124,197965272.78,3.5
321,1091,5,252,461997458.75,7.5
322,2581,8,207,672621083.51,10.5
323,4722,1,202,781754507.78,12.0
324,4980,7,157,115142109.58,1.5
325,3041,15,81,678717599.92,10.5
326,346,6,324,257319650.25,4.2
327,1361,6,260,207517251.27,4.2
328,2190,15,112,2232088638.18,28.0
329,1300,12,262,976513492.15,13.5
330,2072,13,15,488208413.54,7.0
331,4140,1,199,910514317.07,12.0
332,2871,1,263,849445031.21,15.0
333,4397,6,44,1259423611.14,21.0
334,3906,6,14,906724638.71,12.6
335,4421,12,245,647644203.65,9.0
336,1175,9,249,236980587.19,3.6
337,2584,13,251,480132997.29,7.0
338,3402,15,293,242597227.59,3.5
339,3839,8,8,1330875634.76,17.5
340,617,15,85,272059413.44,3.5
341,1889,13,194,1909805802.8,28.0
342,1978,8,160,667045241.95,10.5
343,2279,8,353,376559638.99,7.0
344,368,5,333,899007186.64,12.5
345,3055,10,164,196662591.74,3.0
346,3355,3,23,1655182380.89,26.4
347,1825,7,116,515733122.72,7.5
348,406,4,240,153879173.54,2.5
349,4680,4,211,173786915.39,2.5
350,1824,4,19,1268786737.61,20.0
351,1726,5,153,337282840.63,5.0
352,2017,2,45,389505062.37,7.0
353,4360,7,116,95157068.19,1.5
354,101,4,248,512839880.4,7.5
355,3765,11,71,512116156.31,9.0
356,4413,15,64,669789057.18,10.5
357,3659,7,216,213353588.94,4.5
358,4741,11,351,200220199.78,3.0
359,1874,5,19,511019998.2,7.5
360,4592,7,265,86522154.02,1.5
361,4296,14,224,1787576608.77,28.0
362,802,12,88,790560947.97,9.0
363,2251,2,141,436299067.53,7.0
364,3751,7,105,190404036.33,3.0
365,3260,15,133,442618383.95,7.0
366,3184,14,31,702152439.73,10.5
367,2752,3,349,339522704.11,6.6
368,25,4,67,710349307.89,12.5
369,424,5,104,127140301.04,2.5
370,1761,12,84,2674049434.35,36.0
371,4650,6,175,269652444.13,4.2
372,511,5,129,159047030.91,2.5
373,3586,7,250,91246474.79,1.5
374,1162,2,188,252943694.37,3.5
375,3454,6,85,1655812681.73,21.0
376,68,1,308,688262428.19,12.0
377,4530,5,97,164443711.32,2.5
378,1512,4,295,900013836.17,12.5
379,4658,13,4,1608425843.92,28.0
380,2101,12,243,794699119.33,13.5
381,360,14,350,643010182.77,10.5
382,3979,7,304,796798886.25,12.0
383,3507,3,83,194324923.74,3.3
384,1163,13,191,416660310.58,7.0
385,330,6,184,309993572.43,4.2
386,52,7,214,239401881.93,4.5
387,587,5,237,450435255.23,7.5
388,1272,3,180,166097105.65,3.3
389,828,4,44,504683960.23,7.5
390,1794,2,155,431418368.73,7.0
391,813,12,297,347112969.45,4.5
392,4106,12,266,300943988.37,4.5
393,1563,15,34,1831575062.24,28.0
394,2328,8,301,426208731.28,7.0
395,3844,13,28,500615485.65,7.0
396,1686,4,39,834533638.64,12.5
397,1467,7,273,82569588.08,1.5
398,2780,1,357,588484509.22,7.5
399,4129,14,161,997037303.46,17.5
400,3243,3,42,204338065.04,3.3
401,3964,6,236,1352148056.1,21.0
402,4679,4,312,183106282.19,2.5
403,2454,9,169,587718949.74,9.0
404,3911,3,250,215046608.99,3.3
405,2371,14,130,424193685.53,7.0
406,3584,9,259,360753097.62,5.4
407,4393,11,23,170138738.23,3.0
408,3223,11,82,220390269.34,3.0
409,249,12,117,2942208260.9,45.0
410,1737,1,329,107261856.15,1.5
411,1766,4,149,310638834.38,5.0
412,1258,10,171,110326917.7,1.5
413,2509,12,104,2856987979.81,45.0
414,4568,7,48,423533275.27,7.5
415,1143,13,60,815739279.57,10.5
416,2607,13,362,1756568439.73,28.0
417,3647,5,235,319968288.34,5.0
418,2772,15,295,1182322326.21,17.5
419,4245,8,95,1772510033.42,28.0
420,917,4,355,505649884.52,7.5
421,2019,7,65,109914648.87,1.5
422,691,6,2,771929114.2,12.6
423,71,10,129,212605438.65,3.0
424,2532,13,240,451127138.25,7.0
425,747,8,17,1501704098.66,17.5
426,4613,10,339,180405789.31,3.0
427,4783,3,39,165094526.9,3.3
428,2650,8,187,275793679.74,3.5
429,2539,5,67,297288295.98,5.0
430,1357,11,303,1002452435.21,15.0
431,2583,9,156,959955766.06,18.0
432,2938,7,293,78837257.14,1.5
433,202,12,58,570054848.55,9.0
434,1646,4,287,843598928.81,12.5
435,536,10,323,186321811.79,3.0
436,3396,14,179,1233118061.83,17.5
437,859,9,297,121105732.15,1.8
438,4079,2,100,202694429.9,3.5
439,4801,2,328,374589642.65,7.0
440,286,5,120,161508562.3,2.5
441,3244,6,195,602003786.86,8.4
442,1646,3,255,213860031.87,3.3
443,3531,12,123,475025012.33,9.0
444,4100,7,300,372546475.53,4.5
445,4356,5,262,196333796.73,2.5
446,4790,12,362,290592787.73,4.5
447,2864,15,225,361962331.31,7.0
448,2840,6,116,286019579.53,4.2
449,2565,3,28,1118569071.3,16.5
450,493,15,88,1098808230.22,17.5
451,3748,12,298,3387024695.05,45.0
452,4645,2,198,227448531.23,3.5
453,3256,6,253,1271265732.54,21.0
454,1291,2,260,210539039.22,3.5
455,4433,8,264,1287217348.55,17.5
456,3339,9,175,112181698.45,1.8
457,1685,14,310,382439743.61,7.0
458,2928,5,268,301086472.79,5.0
459,253,7,288,102862885.19,1.5
460,2319,9,125,828682796.13,18.0
461,4188,5,33,756750362.79,12.5
462,4128,4,213,1419290097.04,20.0
463,267,2,180,459982569.1,7.0
464,3072,5,249,742808691.08,12.5
465,4369,12,131,1613663878.35,22.5
466,1577,6,251,279654000.52,4.2
467,1707,4,20,164556231.5,2.5
468,4861,13,254,831531341.04,17.5
469,3991,8,228,177825064.88,3.5
470,3525,5,282,1424749903.74,25.0
471,2597,8,86,1173689154.88,17.5
472,3422,1,284,83340754.4,1.5
473,141,13,133,152380162.12,3.5
474,1371,9,163,211296632.95,3.6
475,1970,15,172,594107157.57,10.5
476,1133,5,111,150575747.07,2.5
477,2435,13,100,2313381177.58,35.0
478,847,2,352,417673486.26,7.0
479,1328,9,158,129994652.99,1.8
480,476,7,236,829308930.51,12.0
481,275,8,328,928661328.51,17.5
482,1152,11,333,578316710.53,9.0
483,3855,4,22,752040823.91,12.5
484,1325,4,190,189870754.68,2.5
485,2495,10,295,439640355.41,7.5
486,1673,7,261,200288552.82,3.0
487,4235,12,216,625812183.41,9.0
488,1285,10,141,767969292.05,12.0
489,669,14,41,788040151.48,10.5
490,3532,4,111,657064343.97,12.5
491,4806,5,310,523847431.14,7.5
492,2159,3,147,407919913.24,6.6
493,767,11,268,420688213.58,6.0
494,1109,13,73,453524594.85,7.0
495,4967,8,295,203523849.83,3.5
496,4539,4,13,436487898.8,7.5
497,3322,15,279,428547224.8,7.0
498,4679,13,61,1534545516.16,17.5
499,4862,15,42,254785111.34,3.5
500,1183,4,117,472298222.78,7.5
501,4506,14,100,467304622.43,7.0
502,3743,11,280,933538171.11,15.0
503,447,14,96,2258881035.71,35.0
504,3942,2,122,397059655.44,7.0
505,3193,6,2,262917032.81,4.2
506,1073,4,305,1198953881.91,20.0
507,3888,14,124,242611575.02,3.5
508,2962,4,327,275359580.09,5.0
509,3935,15,246,1031411658.72,17.5
510,2181,4,344,325786559.44,5.0
511,4893,9,248,191309116.37,3.6
512,3874,3,12,389357253.0,6.6
513,2436,6,260,1894873976.57,33.6
514,1887,11,184,292719883.83,6.0
515,383,3,216,217953863.92,3.3
516,1998,6,125,1504247284.74,21.0
517,1695,12,193,760660045.27,13.5
518,3868,4,74,297091458.35,5.0
519,2998,10,54,1006544306.02,15.0
520,122,7,19,194327698.13,3.0
521,1507,12,240,979571214.32,13.5
522,1621,7,206,217515424.48,3.0
523,3348,2,174,1238528986.69,17.5
524,2531,4,139,1562582652.18,25.0
525,1483,13,133,472087799.0,7.0
526,73,14,316,922553804.49,17.5
527,4812,15,73,287667468.11,3.5
528,2063,10,247,404019447.01,7.5
529,1014,10,96,195660907.43,3.0
530,4944,11,329,764436405.67,15.0
531,2654,15,143,1386576731.79,17.5
532,4814,8,16,428644644.72,7.0
533,592,9,30,245062918.9,3.6
534,436,10,330,81696487.3,1.5
535,272,11,308,1383491659.93,24.0
536,2327,11,62,1789840591.77,30.0
537,2887,1,200,311799180.87,4.5
538,2085,1,275,206252438.26,3.0
539,261,8,256,277519804.65,3.5
540,4101,6,104,232275824.38,4.2
541,4822,2,296,407211741.89,7.0
542,343,9,122,1087180926.61,18.0
543,2123,13,151,1696130564.06,28.0
544,790,3,219,1296880142.36,16.5
545,1550,1,42,288995999.03,4.5
546,2086,11,279,1743629684.31,30.0
547,3356,5,110,487618995.69,7.5
548,4615,8,171,185780197.12,3.5
549,347,8,25,582321340.3,10.5
550,3343,1,226,196730462.95,3.0
551,1114,7,125,295378432.98,4.5
552,2844,1,323,210201677.6,3.0
553,8,1,347,100559332.14,1.5
554,4783,9,4,381327770.63,5.4
555,3497,1,231,196366410.02,3.0
556,757,3,166,618803569.87,9.9
557,3582,13,65,755321727.0,10.5
558,1716,8,41,206783575.97,3.5
559,1702,8,279,410474050.9,7.0
560,4610,12,202,1038988406.18,13.5
561,3371,2,190,199564663.42,3.5
562,2694,15,314,2447054816.2,35.0
563,2333,1,178,551777912.52,7.5
564,1074,4,333,381752576.16,5.0
565,236,1,119,405813464.69,7.5
566,361,11,260,433983779.72,6.0
567,1429,14,91,249995533.18,3.5
568,4714,4,322,272500032.39,5.0
569,2902,10,315,206075886.03,3.0
570,441,10,283,798633328.67,12.0
571,79,15,232,677147703.4,10.5
572,2612,8,302,457791552.04,7.0
573,3847,6,22,299334669.46,4.2
574,1035,6,263,319796665.39,4.2
575,4463,12,82,800781787.23,13.5
576,3998,8,167,2326508194.38,35.0
577,4760,14,294,477551623.23,7.0
578,4158,6,272,244282053.86,4.2
579,3922,15,15,712470526.73,10.5
580,2018,1,226,165737102.26,3.0
581,2554,3,15,176775625.34,3.3
582,2315,9,296,409647781.84,5.4
583,4156,12,115,756961318.63,9.0
584,4045,2,76,251948170.65,3.5
585,3980,2,56,710527615.57,10.5
586,4904,1,252,196837891.94,3.0
587,819,14,140,2431048607.6,35.0
588,3508,7,124,163753612.16,3.0
589,2286,7,261,300028098.16,4.5
590,143,7,1,951884501.91,12.0
591,3034,6,336,224722706.51,4.2
592,3670,13,202,888920647.88,10.5
593,3975,9,162,526169125.44,9.0
594,4773,11,348,168467341.46,3.0
595,3758,12,144,1465285511.46,22.5
596,396,13,150,767713241.54,10.5
597,3943,8,232,1766261746.56,28.0
598,874,14,317,390608515.49,7.0
599,4996,4,198,427749235.71,5.0
600,2058,4,110,406215023.49,7.5
601,925,13,158,445356724.3,7.0
602,3779,13,330,192717241.59,3.5
603,2216,9,277,101868834.25,1.8
604,2161,4,17,162043515.03,2.5
605,2445,12,90,239277431.2,4.5
606,4732,11,329,439674600.9,6.0
607,1480,13,283,242076928.42,3.5
608,244,5,30,143043433.49,2.5
609,520,15,172,232708802.01,3.5
610,3356,8,77,387805833.22,7.0
611,1167,7,66,141819984.58,3.0
612,2517,3,231,532798303.24,9.9
613,4691,11,94,1822931287.21,24.0
614,843,3,138,191677978.92,3.3
615,4024,6,300,842379004.29,12.6
616,3071,6,326,2708863667.35,42.0
617,376,7,94,90160603.66,1.5
618,412,12,29,2366546614.92,45.0
619,2287,12,327,276797714.75,4.5
620,2258,1,116,822335551.22,12.0
621,4995,15,80,249975268.35,3.5
622,3008,5,290,402188048.48,7.5
623,107,12,331,493747239.1,9.0
624,4870,8,217,659721374.72,10.5
625,974,3,57,444787822.35,6.6
626,2360,8,108,1226216947.52,17.5
627,2660,6,26,1201541121.95,21.0
628,1585,1,232,241225176.4,4.5
629,607,12,140,773410718.03,13.5
630,1902,8,216,234780057.14,3.5
631,701,15,337,666237435.27,10.5
632,3832,14,352,487534928.56,7.0
633,1944,1,270,296491536.17,4.5
634,578,5,75,129104251.47,2.5
635,2181,1,32,255639660.89,4.5
636,3587,3,187,195041906.85,3.3
637,1827,15,364,487625481.97,7.0
638,917,2,186,1992605752.45,28.0
639,1963,4,119,474243398.68,7.5
640,838,12,52,214046680.01,4.5
641,3143,11,225,533482154.84,6.0
642,3029,5,96,315822748.89,5.0
643,1961,10,142,96078957.57,1.5
644,2310,10,271,209980739.36,3.0
645,731,7,220,285074446.38,4.5
646,351,11,13,441652741.88,6.0
647,517,12,166,505288932.31,9.0
648,1441,3,351,404880632.02,6.6
649,3158,5,263,134534129.39,2.5
650,3075,6,197,330585594.81,4.2
651,3579,7,365,583749655.87,7.5
652,740,10,318,763566277.31,12.0
653,416,2,65,364913999.23,7.0
654,1015,14,65,434359099.72,7.0
655,2599,1,302,541009910.84,7.5
656,2860,10,338,108605291.82,1.5
657,4287,9,21,218837909.56,3.6
658,4474,3,74,208361203.34,3.3
659,2710,3,300,545609500.27,6.6
660,3188,2,108,923382479.51,17.5
661,4227,2,358,228759142.78,3.5
662,4632,3,291,259615781.27,3.3
663,3597,2,171,2217485117.08,35.0
664,1642,10,64,449160534.94,7.5
665,2593,4,203,1726052907.61,25.0
666,2036,7,16,215342570.15,3.0
667,4445,4,112,985233590.06,12.5
668,33,10,205,211893785.61,3.0
669,3119,8,64,179299264.41,3.5
670,2430,10,106,92342683.29,1.5
671,682,7,91,109471218.52,1.5
672,3403,4,207,823624442.27,12.5
673,2685,4,275,424488750.99,7.5
674,1357,8,61,616036571.85,7.0
675,3167,8,122,190022472.76,3.5
676,2274,1,23,729319729.22,12.0
677,3374,3,26,370196236.77,6.6
678,1566,15,298,1160967023.55,17.5
679,3457,3,259,1074872516.22,16.5
680,2531,4,174,309656067.35,5.0
681,65,10,223,183047557.63,3.0
682,3022,3,248,1702352403.97,26.4
683,374,6,250,222907693.76,4.2
684,552,12,164,297367640.72,4.5
685,3370,13,301,1955308241.06,28.0
686,1622,8,194,484352600.46,7.0
687,3489,8,32,220342992.87,3.5
688,4739,1,80,863940628.0,12.0
689,262,13,2,492130710.74,7.0
690,3429,7,224,232908315.71,3.0
691,2344,6,264,262931573.62,4.2
692,3513,3,119,205851344.89,3.3
693,233,8,65,224644468.07,3.5
694,1766,12,145,2408498321.73,45.0
695,2228,7,194,316692467.65,4.5
696,4298,15,244,218264959.63,3.5
697,4783,3,74,718322761.51,9.9
698,548,15,247,641756782.39,10.5
699,1697,9,81,396002715.2,5.4
700,2057,12,180,260722102.98,4.5
701,5000,7,53,69203640.42,1.5
702,4966,14,220,747244413.08,10.5
703,2244,15,117,1189853636.39,17.5
704,3175,6,132,575394629.92,8.4
705,4571,1,177,303336681.73,4.5
706,834,13,279,363815129.48,7.0
707,2666,8,169,486327555.66,7.0
708,3782,6,311,274817427.82,4.2
709,1986,13,53,194762224.55,3.5
710,3272,5,106,509518364.79,7.5
711,3199,2,32,399420802.08,7.0
712,4387,8,262,417251544.79,10.5
713,3632,10,322,411115755.99,7.5
714,4728,3,164,1454882356.06,26.4
715,780,11,320,389089995.05,6.0
716,3881,10,142,202066326.15,3.0
717,1076,1,87,588842504.12,12.0
718,1058,1,113,130512185.83,1.5
719,2657,10,362,679818086.33,12.0
720,3916,4,77,148743892.97,2.5
721,2712,12,70,272706075.09,4.5
722,3247,3,87,198772108.02,3.3
723,949,5,285,132016778.4,2.5
724,115,7,13,180555267.36,3.0
725,3878,8,140,200701599.91,3.5
726,3672,12,189,567098934.92,9.0
727,3766,5,279,137196702.88,2.5
728,958,6,2,539225987.23,8.4
729,1118,11,217,582356844.83,9.0
730,1657,10,108,775787390.23,15.0
731,1982,9,193,120445917.23,1.8
732,3081,9,297,586593634.99,9.0
733,3417,15,347,760825277.62,10.5
734,2747,14,322,732862527.85,10.5
735,14,14,108,412759961.52,7.0
736,571,1,358,112996417.67,1.5
737,1179,4,325,1884339091.35,25.0
738,293,4,22,120621259.79,2.5
739,4266,15,261,355643050.18,7.0
740,3968,1,294,198629076.74,3.0
741,2723,5,235,267014257.34,5.0
742,599,8,300,666895704.2,10.5
743,815,8,296,439627466.68,7.0
744,2219,13,184,611919875.75,10.5
745,3455,15,320,262409156.64,3.5
746,1552,12,220,1346126916.53,22.5
747,665,13,46,224127677.24,3.5
748,3097,12,126,314755646.19,4.5
749,1441,12,78,1195952202.72,22.5
750,3530,4,287,566645408.62,7.5
751,162,6,239,941105819.24,12.6
752,1802,8,174,688891024.71,10.5
753,4301,12,296,942278967.15,13.5
754,4232,3,243,1398054045.69,26.4
755,2188,8,1,254778953.31,3.5
756,4524,13,284,1780151508.14,28.0
757,3217,6,143,272433096.08,4.2
758,4558,12,152,282187048.51,4.5
759,402,2,211,238629239.76,3.5
760,4798,8,119,590762957.37,10.5
761,4273,14,76,234822836.42,3.5
762,2411,8,177,438044372.32,7.0
763,3738,8,38,239642836.79,3.5
764,4396,9,185,106004764.37,1.8
765,4694,1,56,471547794.87,7.5
766,3709,10,263,105274979.17,1.5
767,817,4,138,303110792.69,5.0
768,2689,15,86,703343697.31,10.5
769,1454,5,243,326347946.66,5.0
770,139,2,184,452549374.99,7.0
771,2729,7,310,109990184.2,1.5
772,3356,6,134,522012508.23,8.4
773,2671,9,185,1152195114.52,18.0
774,4624,2,117,755823247.16,10.5
775,1510,8,99,410417261.83,7.0
776,877,15,241,204650661.16,3.5
777,1752,12,129,3784855244.18,45.0
778,221,11,261,651447369.22,9.0
779,4569,11,222,345823452.69,6.0
780,774,15,128,467412824.1,7.0
781,1393,4,66,464428643.88,7.5
782,2004,10,33,106221222.05,1.5
783,1647,7,185,470992091.09,7.5
784,4521,14,119,461587492.1,7.0
785,3915,12,273,2839856096.06,45.0
786,2811,10,313,482046432.24,7.5
787,1964,3,336,188307877.74,3.3
788,4648,12,210,2126182324.62,36.0
789,3156,4,310,529173515.5,7.5
790,4823,2,276,199690230.45,3.5
791,3514,2,204,466796100.36,7.0
792,2580,15,222,1104580265.36,17.5
793,3611,5,214,1347175391.44,25.0
794,2258,8,285,488430503.92,7.0
795,1369,11,123,901453014.26,15.0
796,4272,7,85,325778325.88,4.5
797,487,11,288,322161379.26,6.0
798,3224,9,210,229832342.79,3.6
799,2583,8,152,1585858396.99,28.0
800,3338,5,19,331295031.9,5.0
801,962,10,278,98818731.71,1.5
802,570,5,1,157776572.49,2.5
803,2361,8,347,187492552.62,3.5
804,2949,5,239,423222420.44,7.5
805,2790,11,163,208947145.54,3.0
806,1016,7,126,87167268.49,1.5
807,4459,6,52,748460194.83,12.6
808,293,3,151,648344126.16,9.9
809,470,8,210,2668082635.34,35.0
810,4879,1,352,84907107.77,1.5
811,715,10,272,178898073.11,3.0
812,3733,10,77,235201419.82,4.5
813,1506,3,107,405326073.29,6.6
814,1672,12,328,822229580.54,13.5
815,3863,7,263,288871978.34,4.5
816,2099,6,79,251719427.14,4.2
817,4143,14,126,220750118.98,3.5
818,2407,4,319,290052555.16,5.0
819,3283,13,95,447926733.06,7.0
820,1543,6,218,477073252.2,8.4
821,1165,11,10,1639262608.93,30.0
822,4673,2,149,608285089.11,10.5
823,4355,14,237,2153472761.4,35.0
824,1964,4,235,904849330.82,12.5
825,4302,10,115,855390641.91,15.0
826,3670,11,296,187575881.33,3.0
827,4414,10,213,525396352.68,7.5
828,3479,13,359,444369323.74,7.0
829,1716,4,333,141556601.78,2.5
830,2806,3,182,1288753284.07,16.5
831,4643,14,109,406071029.53,7.0
832,2220,13,203,476587321.86,7.0
833,2823,14,168,244933474.22,3.5
834,3166,5,106,161778240.45,2.5
835,3015,3,99,671159290.51,9.9
836,1334,8,281,447143536.13,7.0
837,262,5,172,971586778.43,12.5
838,1958,12,234,673199859.44,9.0
839,2921,9,123,600649677.61,9.0
840,3312,12,13,929220483.8,13.5
841,1348,3,181,255762359.15,3.3
842,1343,10,267,98222947.01,1.5
843,4372,4,233,1698619509.1,25.0
844,2652,2,221,759071529.16,10.5
845,734,5,339,1067275806.94,20.0
846,4157,5,205,489389287.88,7.5
847,3585,14,97,183457581.52,3.5
848,4465,15,282,485953513.06,7.0
849,4229,6,71,267040443.57,4.2
850,3175,10,192,554775584.7,7.5
851,3285,15,59,1258976434.55,17.5
852,2363,6,270,304712165.79,4.2
853,2578,14,99,225669986.88,3.5
854,3218,5,273,1891827548.86,25.0
855,2506,1,151,696217261.65,12.0
856,2551,3,173,439515969.67,6.6
857,2677,8,16,702696010.67,10.5
858,866,15,362,192814454.45,3.5
859,729,4,231,145106631.6,2.5
860,4239,12,68,842460231.83,13.5
861,2838,13,89,196068648.48,3.5
862,3293,14,33,766161978.06,10.5
863,1327,8,63,1534142910.89,28.0
864,3689,1,359,162994802.85,3.0
865,3875,13,292,244801441.08,3.5
866,3636,5,177,558473864.75,7.5
867,522,7,317,1031473624.14,12.0
868,219,5,156,1542537509.01,20.0
869,1183,12,259,1441598499.55,22.5
870,89,2,73,735729775.83,10.5
871,3125,2,214,1391982552.55,17.5
872,134,4,5,960157806.26,12.5
873,3626,12,54,2291612156.8,36.0
874,3143,11,98,215957632.33,3.0
875,1566,4,105,322671953.64,5.0
876,1029,15,1,1011938842.5,17.5
877,2520,8,232,619237385.66,10.5
878,2563,3,70,2385665087.46,33.0
879,1023,14,232,245025022.96,3.5
880,3053,9,188,454602080.22,5.4
881,2757,11,271,1929426447.47,30.0
882,1735,5,129,628354125.17,12.5
883,1616,4,248,291655970.05,5.0
884,392,13,99,420335974.73,7.0
885,2571,12,189,260073672.62,4.5
886,4807,6,145,265786165.81,4.2
887,646,4,335,348566230.53,5.0
888,1884,7,301,521747555.65,7.5
889,4839,14,225,1056086589.99,17.5
890,4416,8,240,910556423.04,10.5
891,3660,6,21,461173820.82,8.4
892,1610,6,32,1342146947.54,21.0
893,4145,13,26,706797853.08,10.5
894,2668,4,46,678893695.39,12.5
895,391,15,144,721516245.31,10.5
896,3901,1,69,90548116.76,1.5
897,3139,11,155,405295830.98,6.0
898,839,13,155,1645970382.86,28.0
899,1898,7,307,282508140.48,4.5
900,145,11,336,358656602.86,6.0
901,3934,13,211,742352505.66,10.5
902,3062,6,301,937522845.49,12.6
903,2265,5,96,152037127.65,2.5
904,4350,11,191,409710956.26,6.0
905,2246,3,326,429664183.53,6.6
906,2996,2,197,177608533.56,3.5
907,540,2,173,243038213.85,3.5
908,2020,1,110,106578025.12,1.5
909,1756,10,2,284881496.8,4.5
910,4170,10,307,1027590330.62,15.0
911,482,8,171,231911373.93,3.5
912,2002,15,68,768471974.11,10.5
913,3894,11,357,180030259.2,3.0
914,1498,13,72,482128198.24,7.0
915,726,8,89,266539978.14,3.5
916,4213,7,26,183770029.12,3.0
917,2758,4,216,1658123464.5,25.0
918,128,1,2,449170018.53,7.5
919,3907,3,229,665161420.33,9.9
920,3695,9,345,104589946.22,1.8
921,1216,1,180,638867137.53,7.5
922,4603,15,339,470411966.36,7.0
923,2190,12,229,649007111.68,9.0
924,2237,6,24,2311053668.95,33.6
925,655,9,129,401685742.98,5.4
926,1734,12,192,800331099.18,13.5
927,1951,10,64,483648798.9,7.5
928,4892,1,276,159742848.74,3.0
929,839,3,133,1227806129.55,16.5
930,2409,6,124,275830786.28,4.2
931,4002,6,36,308510854.13,4.2
932,2527,2,180,733104497.82,10.5
933,4179,6,197,852158650.35,12.6
934,2301,9,65,1056494744.55,18.0
935,1927,15,73,643770829.27,10.5
936,625,9,278,414255359.01,5.4
937,622,2,127,503140828.42,7.0
938,2966,14,18,201297527.32,3.5
939,548,10,302,291446530.2,4.5
940,4265,3,251,400347885.63,6.6
941,3751,7,352,94577566.88,1.5
942,2275,4,63,826488788.7,12.5
943,3688,4,241,1379824379.02,20.0
944,2350,7,166,780549606.56,12.0
945,2208,1,9,99492711.36,1.5
946,659,3,29,653947470.56,9.9
947,1427,8,111,332037867.75,7.0
948,3941,15,21,1183697794.78,17.5
949,818,9,48,128397987.68,1.8
950,4683,6,94,2314535571.79,42.0
951,1174,3,340,229907467.56,3.3
952,542,9,10,128326073.36,1.8
953,1350,10,28,558708490.48,7.5
954,1182,15,267,567527907.14,7.0
955,916,8,305,243072521.12,3.5
956,4883,13,54,677131449.47,10.5
957,1,13,151,426037301.37,7.0
958,2803,14,7,1864049029.29,28.0
959,2683,13,129,439692237.45,7.0
960,886,13,80,2076883938.36,35.0
961,938,6,224,500435924.81,8.4
962,4397,11,141,179059790.36,3.0
963,3276,1,130,256613121.82,4.5
964,214,3,34,518726772.1,6.6
965,3674,12,246,648123212.85,13.5
966,4569,4,244,406615243.59,7.5
967,552,6,42,241770460.21,4.2
968,4840,15,29,458858007.43,7.0
969,787,3,352,185171812.03,3.3
970,2770,3,91,191523126.02,3.3
971,3808,1,91,287909734.47,4.5
972,1730,7,166,102613636.53,1.5
973,3484,3,132,217078017.28,3.3
974,2663,6,244,513366685.94,8.4
975,992,12,159,612627687.98,9.0
976,3518,5,219,1149314624.9,20.0
977,3114,4,227,1612182253.55,25.0
978,4081,15,11,663357037.7,10.5
979,1551,1,2,791325095.85,15.0
980,1323,15,243,1820830790.06,28.0
981,3266,15,208,2456603173.41,35.0
982,2954,8,123,213119961.88,3.5
983,3275,15,94,481678227.42,7.0
984,4104,8,165,671595306.41,10.5
985,3290,14,353,1928223295.62,28.0
986,3290,4,3,151896087.58,2.5
987,4718,9,116,360474175.44,5.4
988,2379,1,218,100968397.98,1.5
989,3891,12,118,650031943.55,9.0
990,3070,1,28,95704594.29,1.5
991,983,10,360,245281894.41,4.5
992,531,14,152,251543680.03,3.5
993,1275,11,96,353202372.47,6.0
994,1482,5,52,316090352.0,5.0
995,2432,4,16,148862725.25,2.5
996,710,1,308,113712891.94,1.5
997,296,10,303,572815832.81,7.5
998,4597,11,99,2085650336.34,24.0
999,3693,12,269,1159013941.2,22.5
1000,1698,4,103,319303024.4,5.0
1001,423,10,62,104967955.14,1.5
1002,2040,15,192,242439879.67,3.5
1003,1895,5,110,475151181.3,7.5
1004,3260,1,321,85182469.13,1.5
1005,2557,6,342,2283547439.75,33.6
1006,4983,12,70,1996491803.09,36.0
1007,3966,6,165,285783513.93,4.2
1008,1656,10,97,78914845.97,1.5
1009,2158,15,181,2108489659.0,35.0
1010,914,14,193,221915453.09,3.5
1011,3867,8,143,583403979.21,10.5
1012,15,4,68,329054967.89,5.0
1013,2332,8,28,482029863.39,7.0
1014,1618,10,172,96276452.14,1.5
1015,582,5,86,851568957.79,12.5
1016,3199,4,335,1324052319.07,20.0
1017,1496,14,89,750720749.2,10.5
1018,3999,12,45,585216145.39,9.0
1019,4953,2,126,1987491654.51,35.0
1020,1081,3,143,2155670726.63,33.0
1021,4847,14,128,596767309.8,10.5
1022,815,8,243,451359718.19,7.0
1023,1655,11,44,1152374502.44,15.0
1024,1319,6,13,452163886.37,8.4
1025,4175,1,347,93468841.06,1.5
1026,2075,1,50,308562525.84,4.5
1027,2068,4,196,162155805.04,2.5
1028,2370,3,26,828199280.81,9.9
1029,3981,5,20,339415034.99,5.0
1030,3468,4,105,138473453.27,2.5
1031,3388,2,270,227817548.56,3.5
1032,3381,10,303,93169527.41,1.5
1033,3645,4,163,591714424.89,7.5
1034,1748,10,190,866527004.85,15.0
1035,3780,9,60,113823440.35,1.8
1036,4321,6,222,528104585.5,8.4
1037,4363,2,191,2382090666.93,35.0
1038,864,12,191,697815085.7,9.0
1039,4117,10,158,101060965.35,1.5
1040,2288,2,322,1027616974.76,17.5
1041,3535,10,207,92917866.06,1.5
1042,876,10,54,516915930.21,7.5
1043,671,5,299,310625198.07,5.0
1044,1784,12,120,245848046.48,4.5
1045,2552,5,125,163815098.31,2.5
1046,4842,9,212,537219000.85,9.0
1047,3050,9,82,128889755.96,1.8
1048,3009,12,185,767673402.45,13.5
1049,530,2,287,235076515.87,3.5
1050,4933,14,39,430706428.48,7.0
1051,2862,2,330,242178129.0,3.5
1052,480,2,312,209754430.39,3.5
1053,4889,11,36,879253082.51,15.0
1054,4938,5,41,181805622.45,2.5
1055,1629,5,288,188269687.1,2.5
1056,4198,14,316,370766901.26,7.0
1057,593,10,312,449410207.26,7.5
1058,3204,2,101,473560983.84,7.0
1059,3971,15,270,414557791.37,7.0
1060,1341,6,362,532916838.98,8.4
1061,4356,6,351,848310239.6,12.6
1062,4347,13,303,2443803622.51,35.0
1063,2056,8,103,432367717.47,7.0
1064,4752,10,82,165381199.56,3.0
1065,3197,7,173,477880658.91,7.5
1066,1006,8,291,662591518.54,10.5
1067,211,14,46,1554274546.97,17.5
1068,4987,5,161,224186818.08,5.0
1069,4120,15,226,215858593.28,3.5
1070,1008,4,39,460979666.99,7.5
1071,998,11,354,467823815.65,6.0
1072,4444,14,82,659221663.42,10.5
1073,2434,15,319,275621586.16,3.5
1074,2002,15,164,554228830.8,10.5
1075,45,10,202,598125060.12,7.5
1076,4813,1,109,418728102.03,7.5
1077,3073,2,326,424539407.91,7.0
1078,1270,13,104,216654059.27,3.5
1079,4715,8,79,198627622.14,3.5
1080,1510,13,186,218236480.39,3.5
1081,706,1,149,99333765.72,1.5
1082,760,12,335,1199122333.74,22.5
1083,3117,15,168,1102250085.67,17.5
1084,96,3,31,468443250.55,6.6
1085,1909,9,349,205860484.12,3.6
1086,1996,2,343,637702640.0,10.5
1087,3051,3,151,954787048.31,16.5
1088,3815,9,192,373639368.33,5.4
1089,4635,9,320,636475293.02,14.4
1090,802,3,111,1962320445.94,33.0
1091,2753,10,121,313433746.74,4.5
1092,555,3,77,285884764.42,3.3
1093,745,3,119,239252093.6,3.3
1094,3621,5,119,281605270.03,5.0
1095,1966,9,252,102503879.14,1.8
1096,4891,3,48,229017665.05,3.3
1097,1657,8,89,239351773.41,3.5
1098,1323,5,212,280849468.03,5.0
1099,477,1,283,103484957.47,1.5
1100,4755,15,197,236728477.43,3.5
1101,795,6,358,574195236.57,8.4
1102,1350,3,44,211021766.24,3.3
1103,3207,3,33,380005496.31,6.6
1104,992,11,243,886141225.85,15.0
1105,3739,14,168,636994585.6,10.5
1106,420,14,286,517282784.19,7.0
1107,3079,10,277,584693511.63,7.5
1108,3383,8,137,2471908038.67,35.0
1109,1856,15,199,688164113.6,10.5
1110,4518,11,311,1299066833.68,24.0
1111,2766,11,162,200503214.51,3.0
1112,4441,10,192,867111254.3,12.0
1113,2617,8,105,2084271412.49,28.0
1114,1970,7,284,139203207.22,3.0
1115,964,4,190,168474534.16,2.5
1116,1468,10,137,279618258.43,4.5
1117,3109,14,123,472432971.68,7.0
1118,4546,6,116,599993327.35,8.4
1119,3031,12,135,713419651.93,9.0
1120,1504,3,116,445679828.53,6.6
1121,2972,8,264,195537435.86,3.5
1122,2557,11,279,218805168.55,3.0
1123,2805,5,230,336577111.78,5.0
1124,3387,4,103,180448607.46,2.5
1125,3188,4,18,320913548.37,5.0
1126,1573,10,46,430571278.66,7.5
1127,1584,1,204,273695842.36,4.5
1128,1132,1,169,361033678.06,4.5
1129,1542,7,34,280845894.67,4.5
1130,1809,11,292,2133665445.31,30.0
1131,2581,8,306,209914052.9,3.5
1132,1181,15,14,466673757.61,7.0
1133,4551,2,35,643903430.43,10.5
1134,3333,10,133,113559601.48,1.5
1135,2062,14,16,382031923.91,7.0
1136,1760,12,122,1391474232.39,22.5
1137,3945,2,186,195375626.82,3.5
1138,235,11,1,1230807622.08,15.0
1139,3055,6,278,272778175.14,4.2
1140,1566,4,304,322982780.06,5.0
1141,2460,11,133,176724181.89,3.0
1142,694,14,351,571523802.76,7.0
1143,1584,2,166,1165003409.83,17.5
1144,4168,7,68,94695825.64,1.5
1145,787,6,302,242027466.76,4.2
1146,1012,6,145,2173831526.41,33.6
1147,2127,6,192,245484056.9,4.2
1148,4802,5,59,387959540.15,5.0
1149,3904,13,72,478193025.67,7.0
1150,2615,8,5,1908202114.93,35.0
1151,2850,6,254,269725252.02,4.2
1152,2781,14,154,513661770.44,7.0
1153,4434,5,276,328569002.93,5.0
1154,4036,6,173,515808989.8,8.4
1155,2796,9,237,211198576.47,3.6
1156,462,15,324,459731041.09,7.0
1157,2059,12,134,856740984.96,13.5
1158,865,14,134,2289316276.84,35.0
1159,513,12,25,890013533.33,13.5
1160,9,15,225,421075702.05,7.0
1161,3778,11,364,648753627.41,9.0
1162,4779,6,201,906972975.49,12.6
1163,1623,9,310,352609658.55,5.4
1164,4424,8,207,473300015.12,7.0
1165,3814,8,120,663508495.99,10.5
1166,3917,12,165,845318900.98,13.5
1167,1714,1,22,426351509.57,7.5
1168,3546,1,323,175051702.52,3.0
1169,4739,3,288,1868874940.9,26.4
1170,4155,15,132,243953457.59,3.5
1171,3146,6,275,241813610.34,4.2
1172,2974,4,221,340691139.56,5.0
1173,4380,9,350,282723660.84,3.6
1174,354,4,87,788829530.32,12.5
1175,4004,5,9,299077912.22,5.0
1176,4302,13,58,1944852772.98,35.0
1177,1306,5,332,456756580.56,7.5
1178,644,13,115,2165234778.71,35.0
1179,3508,8,22,1924274973.95,35.0
1180,527,11,122,658129791.96,9.0
1181,4,15,140,259184948.0,3.5
1182,3891,7,16,192183584.68,3.0
1183,1241,15,260,677937873.71,10.5
1184,1162,1,308,813147358.95,12.0
1185,4164,14,351,736658530.34,10.5
1186,1591,7,217,971280772.99,15.0
1187,3937,9,152,262863744.47,3.6
1188,2412,6,95,893284275.53,12.6
1189,4103,5,204,352726717.49,5.0
1190,4580,11,190,924947566.91,15.0
1191,3656,6,253,224487213.11,4.2
1192,3708,9,227,849637826.64,14.4
1193,3433,3,309,422759024.08,6.6
1194,2561,13,274,1616156788.79,28.0
1195,3616,6,101,2412099314.02,42.0
1196,3939,7,53,227981257.89,3.0
1197,237,8,348,1107627625.98,17.5
1198,916,1,362,192663281.35,3.0
1199,2588,14,39,215669565.33,3.5
1200,1970,12,209,397672973.13,9.0
1201,1909,6,351,1527211435.02,21.0
1202,2798,12,169,1124644392.25,13.5
1203,3597,1,207,189420448.79,3.0
1204,4971,5,194,312499241.2,5.0
1205,1777,9,183,115719371.82,1.8
1206,3065,6,312,593331060.37,8.4
1207,3535,1,31,207635339.78,3.0
1208,1565,8,109,2601802655.12,35.0
1209,2872,9,12,236371240.09,3.6
1210,211,4,283,408187231.74,5.0
1211,4625,8,89,1818942479.26,28.0
1212,2526,13,62,1367329978.48,17.5
1213,1604,3,141,780855786.77,9.9
1214,1179,7,184,113546621.57,1.5
1215,2480,2,24,1600624277.07,28.0
1216,4203,11,111,379041630.21,6.0
1217,1367,4,147,548725802.25,7.5
1218,2464,15,303,771178794.96,10.5
1219,1662,7,106,901237238.8,12.0
1220,1168,13,199,1269511160.1,17.5
1221,2850,7,218,929334783.19,15.0
1222,4255,12,128,271703463.96,4.5
1223,2532,1,290,273595454.04,4.5
1224,683,6,100,865523813.08,12.6
1225,4569,9,100,203338665.38,3.6
1226,4588,1,342,489988346.18,7.5
1227,2020,11,311,1004517088.97,15.0
1228,740,8,187,1197991788.01,17.5
1229,3122,14,38,413307729.02,7.0
1230,3015,12,89,1888345705.49,22.5
1231,2718,3,97,590882733.87,9.9
1232,4847,4,110,507006308.26,7.5
1233,2450,14,169,173150253.44,3.5
1234,3746,13,150,537981861.46,7.0
1235,2857,9,57,238673986.0,3.6
1236,4064,12,335,305924915.52,4.5
1237,4179,6,263,2271540471.64,33.6
1238,1254,12,192,591183106.95,9.0
1239,952,4,219,492054713.29,7.5
1240,4840,14,168,1885743871.13,28.0
1241,3638,13,277,2459357662.15,35.0
1242,4779,4,86,296556227.51,5.0
1243,3970,14,98,455512652.59,7.0
1244,2796,14,42,1106502174.08,17.5
1245,3311,6,157,620937448.11,8.4
1246,1164,15,14,2324075299.46,35.0
1247,2117,12,119,1069478326.27,22.5
1248,4106,14,221,1367094672.29,17.5
1249,1093,5,72,348139033.49,5.0
1250,3258,9,134,102685267.96,1.8
1251,3176,4,25,998867736.45,12.5
1252,3498,5,116,496101490.91,7.5
1253,3050,5,2,385517680.72,5.0
1254,2787,1,16,934946260.47,15.0
1255,4541,13,168,408544993.22,7.0
1256,4873,9,102,111009317.31,1.8
1257,3057,7,253,303203846.73,4.5
1258,1181,13,123,669914342.28,10.5
1259,3156,15,293,1537037038.16,28.0
1260,1020,7,332,311846547.72,4.5
1261,3585,15,233,471476956.48,7.0
1262,952,3,255,634785574.68,9.9
1263,3724,15,58,665394677.49,10.5
1264,2292,6,75,2116803444.91,33.6
1265,1862,6,219,2088114413.84,33.6
1266,320,14,172,596326889.52,7.0
1267,683,2,205,2421102725.21,35.0
1268,1680,10,214,799398176.82,15.0
1269,1391,12,98,2927976906.71,45.0
1270,4732,6,247,252682994.79,4.2
1271,175,4,177,1445024200.59,25.0
1272,1435,10,123,288952205.75,4.5
1273,3600,3,212,497767771.17,9.9
1274,1938,6,355,744323230.59,12.6
1275,2299,5,66,1668234170.96,25.0
1276,2248,4,23,174059550.97,2.5
1277,3094,13,24,207504826.57,3.5
1278,2700,13,364,391573970.72,7.0
1279,1710,11,111,437751580.29,6.0
1280,2138,6,335,294195750.29,4.2
1281,1942,14,357,1854490815.96,28.0
1282,463,12,217,299654416.02,4.5
1283,2866,10,284,101118601.37,1.5
1284,589,2,127,221976842.57,3.5
1285,2274,4,354,483089055.88,7.5
1286,2534,12,5,2686964587.44,36.0
1287,4377,10,331,351801168.47,4.5
1288,4174,14,232,202988946.86,3.5
1289,613,13,104,628989746.35,10.5
1290,406,8,347,378321413.56,7.0
1291,2770,8,37,212326466.45,3.5
1292,3846,9,147,233664194.1,3.6
1293,2037,10,249,192242132.46,3.0
1294,2969,14,246,258423334.18,3.5
1295,3688,11,49,167326816.1,3.0
1296,1316,2,247,2111754757.81,28.0
1297,1401,4,340,1328593450.73,20.0
1298,4123,10,245,254752437.29,4.5
1299,1894,3,1,210718013.05,3.3
1300,4947,2,365,2084798439.88,28.0
1301,2998,10,151,110566878.8,1.5
1302,3659,9,254,963366452.87,18.0
1303,2028,13,162,214602338.74,3.5
1304,4774,6,262,1304089040.34,21.0
1305,3448,7,17,513189896.03,7.5
1306,3754,11,330,463906364.59,9.0
1307,1859,14,236,260732849.74,3.5
1308,1095,10,316,277098967.32,4.5
1309,1684,4,227,924928437.99,12.5
1310,148,14,159,622282700.77,10.5
1311,403,9,80,124194814.3,1.8
1312,4528,9,116,427750253.56,5.4
1313,1831,15,240,225446177.24,3.5
1314,4665,10,178,101421109.42,1.5
1315,654,13,342,447049954.47,7.0
1316,2584,3,159,401795963.78,6.6
1317,161,9,165,530607407.1,9.0
1318,3427,8,286,859144879.51,10.5
1319,3936,11,100,304579710.85,6.0
1320,2033,3,145,505764871.76,6.6
1321,4080,15,280,641060441.88,10.5
1322,1200,14,318,536989655.82,10.5
1323,1393,3,89,420376986.02,6.6
1324,1201,2,190,487381252.47,7.0
1325,4642,3,227,698526480.64,9.9
1326,2267,2,234,1891676515.26,28.0
1327,3139,1,354,275252935.88,4.5
1328,4955,9,48,288188341.49,5.4
1329,3038,10,33,333597775.11,4.5
1330,1493,5,210,726227282.63,12.5
1331,968,8,230,1927879600.98,35.0
1332,1430,4,235,138978553.38,2.5
1333,768,11,213,399877977.85,6.0
1334,616,10,118,864997021.58,15.0
1335,1799,13,285,1399431017.37,17.5
1336,4592,10,260,100406777.04,1.5
1337,4401,11,184,196695375.97,3.0
1338,2162,1,293,103963045.25,1.5
1339,1471,12,297,1025514925.16,13.5
1340,3706,1,157,91341427.64,1.5
1341,4198,8,189,1508528968.35,28.0
1342,95,12,153,540391831.97,9.0
1343,3647,4,53,205825343.16,2.5
1344,402,15,215,283208124.24,3.5
1345,1615,3,177,206726726.83,3.3
1346,4291,2,231,219917529.74,3.5
1347,519,5,119,297295956.87,5.0
1348,2322,12,171,1553175499.21,22.5
1349,1536,5,236,265728185.62,5.0
1350,2189,15,222,1706578976.8,28.0
1351,3871,2,239,237270099.58,3.5
1352,3050,8,217,1300304695.07,17.5
1353,3710,6,205,2129175181.8,33.6
1354,3713,13,290,677856452.84,10.5
1355,1148,12,357,313214740.38,4.5
1356,3168,6,358,1231938021.19,21.0
1357,1443,5,132,818757456.21,12.5
1358,2514,3,67,352542804.6,6.6
1359,3055,5,274,1710490375.42,25.0
1360,3228,12,305,1287692281.22,22.5
1361,2759,10,78,86127621.08,1.5
1362,3438,13,334,897110630.3,10.5
1363,813,9,204,255224317.29,3.6
1364,4310,10,39,358386840.32,4.5
1365,3602,4,53,1235362324.87,20.0
1366,1713,13,132,683688969.23,10.5
1367,4467,11,40,353579018.17,6.0
1368,4305,2,16,2710657593.1,35.0
1369,558,4,128,174636309.09,2.5
1370,1807,8,243,381729391.2,7.0
1371,3953,10,177,104978833.0,1.5
1372,4677,2,6,463701728.98,7.0
1373,1085,6,197,505871204.89,8.4
1374,1552,2,318,1253220798.94,17.5
1375,2884,13,233,1619358412.93,28.0
1376,2853,15,171,413509746.84,7.0
1377,3603,13,83,702589359.7,10.5
1378,812,14,166,235226737.02,3.5
1379,4583,5,75,926476370.44,12.5
1380,1204,3,243,442803706.21,6.6
1381,4165,11,355,476014352.43,9.0
1382,464,1,222,83379709.32,1.5
1383,997,7,126,306212150.62,4.5
1384,4951,3,319,1522105797.4,26.4
1385,3009,3,241,195608301.96,3.3
1386,4848,12,332,637600052.11,9.0
1387,171,14,83,1306743823.23,17.5
1388,274,3,274,781029535.67,9.9
1389,3709,12,347,701223751.15,9.0
1390,3818,4,348,755474833.84,12.5
1391,686,5,101,883466318.25,12.5
1392,3880,6,207,886268814.42,12.6
1393,3935,13,283,576134197.2,10.5
1394,4145,13,275,454313648.97,7.0
1395,1791,14,327,198676711.47,3.5
1396,3256,6,240,2162248065.06,33.6
1397,4400,1,101,817134409.19,12.0
1398,299,7,328,287655692.21,4.5
1399,1889,6,83,295475630.28,4.2
1400,3911,2,351,240675114.1,3.5
1401,2467,11,102,626600977.83,9.0
1402,2,5,289,181383159.96,2.5
1403,4157,6,91,2074574428.36,33.6
1404,4203,9,309,326275205.55,5.4
1405,3112,8,41,538295147.74,7.0
1406,166,14,21,674584219.07,10.5
1407,2492,3,285,1809802314.49,26.4
1408,2261,7,242,195271931.12,3.0
1409,3249,3,300,693573763.55,9.9
1410,217,11,235,253146274.71,3.0
1411,1416,5,268,314037751.88,5.0
1412,3978,9,127,797412494.44,14.4
1413,34,10,318,96102973.53,1.5
1414,2057,7,196,999803996.92,15.0
1415,3794,4,130,125187774.23,2.5
1416,2850,6,138,529443054.34,8.4
1417,4546,13,310,283973553.02,3.5
1418,316,14,328,814214348.27,10.5
1419,2123,2,85,1709325549.04,28.0
1420,144,9,99,238205027.08,3.6
1421,1641,6,24,545047627.72,8.4
1422,1382,10,234,107074733.82,1.5
1423,190,15,161,223696603.15,3.5
1424,4231,9,28,369064832.68,5.4
1425,3720,7,312,395849603.32,4.5
1426,633,4,285,273906355.8,5.0
1427,1212,5,252,340122633.74,5.0
1428,2888,3,259,467756619.76,6.6
1429,637,8,198,408351518.22,7.0
1430,2895,15,148,621874169.8,10.5
1431,4346,1,255,809262636.37,12.0
1432,934,2,246,214718514.35,3.5
1433,3831,9,31,122333560.78,1.8
1434,2040,11,8,1233486003.71,15.0
1435,2810,9,167,1247472858.39,18.0
1436,3232,3,142,485243678.25,6.6
1437,4230,2,41,182427770.48,3.5
1438,3046,13,359,187382898.09,3.5
1439,2014,14,128,693617559.13,10.5
1440,1535,2,4,690182906.74,10.5
1441,2101,8,149,589517862.14,10.5
1442,2985,1,342,412405332.54,7.5
1443,1114,7,299,176640714.85,3.0
1444,4430,12,63,266394459.17,4.5
1445,1917,1,246,232218118.52,3.0
1446,2665,7,238,187720869.4,3.0
1447,2075,10,304,95906571.59,1.5
1448,2638,1,30,89755953.12,1.5
1449,2612,1,78,306106288.36,4.5
1450,456,10,288,439672151.72,7.5
1451,892,4,5,331782288.97,5.0
1452,481,7,66,327681257.89,4.5
1453,3793,1,118,392725243.96,7.5
1454,4355,3,277,1829420461.41,26.4
1455,1605,1,86,114828591.29,1.5
1456,2704,15,123,1119870445.2,17.5
1457,2684,3,129,1292082442.72,16.5
1458,1018,12,182,561000558.19,9.0
1459,3559,13,33,974369464.72,17.5
1460,3703,9,81,325155055.07,5.4
1461,4465,7,264,864776187.81,12.0
1462,4034,13,264,1628421854.64,28.0
1463,4127,14,174,1134774375.08,17.5
1464,82,3,187,484231421.99,6.6
1465,908,1,320,252920578.73,4.5
1466,4635,5,271,326634509.08,5.0
1467,4286,2,111,1271114907.78,17.5
1468,4355,3,330,2058772989.7,33.0
1469,1564,5,162,162698622.37,2.5
1470,2412,13,77,489484842.3,7.0
1471,3931,12,139,2284770684.92,36.0
1472,3586,6,342,2159627711.21,33.6
1473,4276,5,245,920353607.28,12.5
1474,1930,4,246,467349953.93,7.5
1475,2332,6,324,494392348.78,8.4
1476,4987,4,317,129819133.78,2.5
1477,4231,11,21,409215727.67,6.0
1478,3995,7,118,99988996.49,1.5
1479,4112,2,213,2059709457.79,28.0
1480,3469,6,96,3404548230.63,42.0
1481,3297,4,309,335178560.77,5.0
1482,366,13,270,1218879842.41,17.5
1483,4349,15,322,233553852.3,3.5
1484,2569,15,251,249063250.59,3.5
1485,2724,4,236,867584879.43,12.5
1486,2345,1,353,108549108.63,1.5
1487,2268,14,64,810385399.71,10.5
1488,2383,10,31,489001713.71,7.5
1489,2818,11,33,429501300.77,6.0
1490,4881,5,141,335826951.89,5.0
1491,3802,13,54,1197380151.97,17.5
1492,793,8,165,744018076.57,10.5
1493,1603,10,291,309544160.06,4.5
1494,4783,11,330,1296390888.97,15.0
1495,3037,4,231,245222547.6,5.0
1496,2588,1,251,222873967.26,4.5
1497,2139,15,87,556242336.49,7.0
1498,4162,4,289,1581211321.47,25.0
1499,1836,8,13,711229834.52,10.5
1500,3617,14,255,504704171.59,7.0
1501,2208,2,208,241497344.23,3.5
1502,2865,8,217,1121035029.36,17.5
1503,2833,13,64,411686526.36,7.0
1504,3477,1,183,176587577.97,3.0
1505,3976,4,207,149063776.31,2.5
1506,3122,9,227,123032217.22,1.8
1507,4725,8,132,227166467.09,3.5
1508,1978,15,123,2136441220.23,35.0
1509,1558,5,359,894808622.95,12.5
1510,2795,9,290,249999838.18,3.6
1511,3992,4,230,167428429.49,2.5
1512,883,6,129,268296396.89,4.2
1513,2537,1,238,115292926.87,1.5
1514,1426,7,272,148118418.27,3.0
1515,3357,14,21,1779990792.37,28.0
1516,2507,1,41,101615865.37,1.5
1517,2813,3,293,1223027196.17,16.5
1518,1809,15,207,213596420.75,3.5
1519,2319,11,81,222937793.82,3.0
1520,1441,5,291,294048076.11,5.0
1521,1631,13,275,2517601370.37,35.0
1522,2246,3,181,271491252.73,3.3
1523,2950,13,228,1107982140.11,17.5
1524,4984,11,107,1560533571.98,24.0
1525,3230,11,274,825077427.27,15.0
1526,4133,10,13,87363863.1,1.5
1527,3376,14,160,1084692305.29,17.5
1528,3161,8,210,730138321.8,10.5
1529,922,15,183,635797741.99,10.5
1530,3451,5,274,175523208.76,2.5
1531,3726,7,240,858120756.88,12.0
1532,2355,8,331,1875116766.75,28.0
1533,195,4,228,948730340.04,12.5
1534,3224,10,307,84141020.07,1.5
1535,4005,8,326,2010745762.9,35.0
1536,4385,5,110,177315828.59,2.5
1537,2908,13,57,2090849086.41,28.0
1538,3346,3,72,1295435707.33,16.5
1539,355,5,73,147962187.34,2.5
1540,1014,15,77,238444677.62,3.5
1541,2434,8,7,569084926.72,7.0
1542,4994,1,54,214216345.25,3.0
1543,515,1,25,324515154.84,4.5
1544,4361,14,101,1332028064.95,17.5
1545,920,8,357,1244272340.21,17.5
1546,3724,15,107,273996941.96,3.5
1547,4075,8,342,207375602.98,3.5
1548,2309,7,352,124547164.07,1.5
1549,3620,1,187,870846634.44,12.0
1550,2608,2,294,241929378.43,3.5
1551,982,6,45,285137582.74,4.2
1552,3418,4,87,526345798.97,7.5
1553,1112,1,305,286558992.9,4.5
1554,1519,9,288,188541869.42,3.6
1555,4333,5,152,426080563.22,7.5
1556,3942,7,119,414795569.95,7.5
1557,477,7,120,99201511.35,1.5
1558,4353,5,364,167133274.64,2.5
1559,1377,15,97,964001131.52,17.5
1560,2092,1,104,97012020.66,1.5
1561,2829,4,227,153088175.27,2.5
1562,2755,9,22,1120771926.48,18.0
1563,1046,11,61,312660024.93,6.0
1564,480,7,33,179607377.49,3.0
1565,2127,1,60,288221158.7,4.5
1566,806,12,33,645156821.56,9.0
1567,481,8,113,703886324.65,10.5
1568,4473,13,287,676025884.87,10.5
1569,2387,1,250,904831928.52,12.0
1570,3500,9,316,256526173.47,3.6
1571,1487,8,20,2032992445.88,35.0
1572,4298,12,104,2908829889.88,45.0
1573,1651,4,129,1289539156.86,20.0
1574,544,5,86,669668337.57,12.5
1575,4494,11,212,236817901.66,3.0
1576,2895,10,62,196939033.96,3.0
1577,620,1,312,286101599.8,4.5
1578,1538,14,33,227828776.97,3.5
1579,4115,15,98,495926816.13,7.0
1580,313,3,218,719844289.39,9.9
1581,3436,9,88,81032153.32,1.8
1582,1645,3,20,1092612814.84,16.5
1583,4731,6,274,263764537.19,4.2
1584,4149,7,285,167864909.37,3.0
1585,4146,15,241,205055995.03,3.5
1586,1115,1,172,212399770.06,3.0
1587,2545,7,264,99493222.31,1.5
1588,1204,12,345,2497228943.93,36.0
1589,3318,10,80,169594231.87,3.0
1590,511,8,182,735367376.68,10.5
1591,4769,15,344,729045050.9,10.5
1592,2060,14,338,377107613.02,7.0
1593,1722,6,338,343102260.71,4.2
1594,2776,10,50,96061578.55,1.5
1595,4434,12,347,1147685398.92,22.5
1596,3067,6,320,849645823.95,12.6
1597,2348,12,284,280039424.72,4.5
1598,1328,1,218,97173890.05,1.5
1599,4405,4,66,142256200.71,2.5
1600,3272,10,217,178000242.46,3.0
1601,4464,3,117,1095806353.97,16.5
1602,3243,5,121,130985828.44,2.5
1603,485,15,46,231724396.08,3.5
1604,1549,2,36,515302844.86,7.0
1605,3041,6,259,304371605.08,4.2
1606,4415,7,58,275118780.69,4.5
1607,1492,3,111,434902850.47,6.6
1608,4386,9,112,204140822.66,3.6
1609,4785,13,65,1038477742.18,17.5
1610,2796,11,67,331745480.57,6.0
1611,547,12,220,3209223581.43,45.0
1612,2430,5,92,415419905.1,7.5
1613,2855,9,275,144567455.84,1.8
1614,3418,7,35,301124548.24,4.5
1615,636,5,161,903482248.85,12.5
1616,2249,5,62,1424226506.58,25.0
1617,4769,14,346,1195270094.46,17.5
1618,2958,8,269,526582975.86,10.5
1619,175,9,135,212267089.78,3.6
1620,1944,9,311,118915918.71,1.8
1621,4013,15,130,985205068.83,17.5
1622,3966,11,246,635383155.51,9.0
1623,1890,15,249,576067621.36,10.5
1624,1280,4,74,1760924908.26,25.0
1625,280,6,330,733193506.39,12.6
1626,2566,9,264,545242366.9,9.0
1627,4106,11,133,214206505.28,3.0
1628,4070,15,320,1092716990.56,17.5
1629,1378,7,113,908031212.49,15.0
1630,282,9,99,135752056.19,1.8
1631,2308,7,254,101746685.74,1.5
1632,148,10,212,215286989.88,3.0
1633,505,11,292,500518148.42,9.0
1634,3621,9,112,290421247.23,5.4
1635,2415,12,13,469490388.59,9.0
1636,2763,10,138,98472560.01,1.5
1637,1392,15,10,600617274.73,10.5
1638,4683,4,312,142298056.07,2.5
1639,2602,9,55,237807674.01,3.6
1640,3490,1,336,413151249.89,7.5
1641,3054,12,75,256748367.18,4.5
1642,1652,14,75,365043236.24,7.0
1643,2035,4,14,529848925.37,7.5
1644,3884,10,277,190070975.69,3.0
1645,3656,9,192,112840445.21,1.8
1646,3584,12,269,1637725756.61,22.5
1647,4609,1,158,187312706.53,3.0
1648,2388,7,153,102179577.49,1.5
1649,1728,3,53,383193092.11,6.6
1650,1625,10,203,318041833.44,4.5
1651,847,10,312,197702442.52,3.0
1652,1671,10,196,492153478.67,7.5
1653,1129,8,283,1841364815.37,35.0
1654,1706,14,90,209766019.69,3.5
1655,3210,5,254,1287641236.51,25.0
1656,4514,5,79,176331504.62,2.5
1657,4108,5,196,162588966.91,2.5
1658,2915,13,178,1208084899.16,17.5
1659,78,6,238,626542262.9,8.4
1660,72,13,81,393626054.67,7.0
1661,629,13,111,233133400.41,3.5
1662,3371,2,324,422595301.58,7.0
1663,804,11,323,1097625714.41,15.0
1664,2804,1,127,103083146.39,1.5
1665,3098,5,342,347096923.4,5.0
1666,3781,10,358,322753982.63,4.5
1667,503,9,113,124805953.66,1.8
1668,182,7,242,578912824.22,7.5
1669,2155,11,111,179679736.72,3.0
1670,204,8,224,1672153149.38,28.0
1671,3363,2,314,1139340197.79,17.5
1672,1379,4,280,475389694.84,7.5
1673,1613,3,363,403437970.42,6.6
1674,5,3,190,1086691032.72,16.5
1675,3470,12,127,2215056895.21,45.0
1676,214,8,232,738935788.07,10.5
1677,2773,14,223,230280772.16,3.5
1678,1844,8,31,445047681.39,7.0
1679,3473,3,287,415189904.76,6.6
1680,3219,8,282,263111204.24,3.5
1681,1327,5,259,145203734.55,2.5
1682,1397,15,238,460770405.24,7.0
1683,1930,15,106,218049681.78,3.5
1684,4987,8,51,2171784321.31,35.0
1685,3600,14,247,238399803.88,3.5
1686,1339,13,69,2365163467.86,35.0
1687,358,3,145,177581043.48,3.3
1688,73,8,221,463188837.48,7.0
1689,1077,6,365,579688276.47,8.4
1690,1957,12,12,2184673397.15,36.0
1691,3564,2,70,537739490.61,7.0
1692,2499,1,27,97853273.22,1.5
1693,3585,10,263,270414888.27,4.5
1694,2725,15,329,1007424748.42,17.5
1695,3683,2,8,211108939.81,3.5
1696,4789,10,16,244915516.03,3.0
1697,3120,15,34,1252039325.72,17.5
1698,1642,7,254,457207520.9,7.5
1699,128,8,117,470168421.67,7.0
1700,3147,6,169,517955956.77,8.4
1701,3078,6,263,244115322.32,4.2
1702,287,6,292,919970552.13,12.6
1703,4678,13,269,248614928.75,3.5
1704,3824,15,42,645028160.82,10.5
1705,3477,1,157,87386920.06,1.5
1706,270,5,245,144968648.31,2.5
1707,1565,8,345,490806936.79,7.0
1708,904,13,202,2592301864.26,35.0
1709,2114,14,278,182581319.48,3.5
1710,2000,15,3,2070566737.41,28.0
1711,1867,14,355,780723940.94,10.5
1712,2056,8,188,488250397.15,7.0
1713,249,6,85,3424103607.15,42.0
1714,3434,10,324,330788612.51,4.5
1715,4829,15,362,786706333.61,10.5
1716,1201,1,358,228259796.02,3.0
1717,2137,8,248,711836416.9,10.5
1718,2461,2,269,242579408.47,3.5
1719,4770,13,231,486486925.7,7.0
1720,773,12,53,326748222.81,4.5
1721,4143,2,20,428325127.67,7.0
1722,3059,5,277,1292199413.07,25.0
1723,4203,8,1,647886262.2,10.5
1724,1031,6,162,2641237425.75,42.0
1725,2140,13,98,681318663.06,10.5
1726,1178,1,119,95433996.32,1.5
1727,4080,3,329,186004373.96,3.3
1728,3786,2,103,540441269.04,10.5
1729,3090,2,301,643699931.86,10.5
1730,2179,3,82,362520803.69,6.6
1731,3179,14,349,432880965.15,7.0
1732,511,14,63,1169984257.4,17.5
1733,2886,11,148,558513436.91,9.0
1734,3723,11,271,192493259.38,3.0
1735,1169,13,103,218524495.99,3.5
1736,993,9,21,313421389.53,5.4
1737,890,4,156,1404716971.18,20.0
1738,785,10,75,92792183.98,1.5
1739,1408,6,208,878306782.0,12.6
1740,3154,6,104,889073796.62,12.6
1741,4004,4,20,447527924.51,7.5
1742,1058,11,32,395779238.2,6.0
1743,3504,2,229,435294048.63,7.0
1744,1667,2,286,215276775.81,3.5
1745,4900,4,259,160703804.42,2.5
1746,4309,3,331,762870197.09,9.9
1747,3618,13,168,232779141.28,3.5
1748,1720,2,144,488660888.96,7.0
1749,2991,10,350,178197999.76,3.0
1750,4569,6,276,312299565.47,4.2
1751,1136,14,351,1286784253.15,17.5
1752,4929,8,299,530728214.29,7.0
1753,3572,10,263,99906340.01,1.5
1754,3345,4,260,579957056.94,7.5
1755,16,6,364,313163349.85,4.2
1756,1555,15,91,1879465228.26,35.0
1757,3223,5,293,1785446300.04,25.0
1758,332,8,53,1088031279.26,17.5
1759,4589,12,111,386049706.28,4.5
1760,3459,4,109,249542180.87,5.0
1761,1521,2,351,472236578.23,7.0
1762,158,5,77,519596650.09,7.5
1763,3991,4,122,1092387634.22,20.0
1764,1408,11,121,2155352714.92,30.0
1765,2231,9,155,1177764146.59,18.0
1766,2257,12,189,500436985.01,9.0
1767,3835,12,70,939620849.32,13.5
1768,3509,6,13,255175371.62,4.2
1769,4742,5,103,184776914.21,2.5
1770,4179,7,80,180342385.66,3.0
1771,2273,15,178,279806534.45,3.5
1772,1481,2,243,222555030.04,3.5
1773,315,6,255,2424571920.89,33.6
1774,4679,9,122,130546743.47,1.8
1775,1564,1,106,80605538.25,1.5
1776,168,3,332,2179210693.38,33.0
1777,163,1,144,95592355.52,1.5
1778,1630,15,327,510050106.1,7.0
1779,3471,1,134,252323639.39,4.5
1780,3551,3,46,1686393762.45,26.4
1781,3482,10,308,293100046.43,4.5
1782,2016,14,115,403269710.5,7.0
1783,117,2,364,1945417934.53,28.0
1784,2819,5,245,151146332.34,2.5
1785,4761,3,226,1063565580.51,16.5
1786,642,5,263,294079782.3,5.0
1787,1955,10,316,197803589.22,3.0
1788,3168,7,339,884862367.67,12.0
1789,3553,5,64,1698420778.36,25.0
1790,1812,6,350,2988633494.85,42.0
1791,997,14,80,198513041.17,3.5
1792,3045,4,232,182380244.17,2.5
1793,556,15,138,465338939.81,7.0
1794,366,13,235,1693928758.18,28.0
1795,1270,12,351,241584669.57,4.5
1796,2197,10,327,85246166.89,1.5
1797,705,6,222,1280121124.99,21.0
1798,4566,15,354,227843716.25,3.5
1799,3960,4,25,1117736707.95,20.0
1800,508,11,47,343537440.6,6.0
1801,3414,9,337,499247752.51,9.0
1802,4367,1,345,102291337.92,1.5
1803,142,10,292,977152077.19,15.0
1804,779,5,221,1673308245.22,25.0
1805,271,9,176,386298356.87,5.4
1806,679,4,356,281305980.02,5.0
1807,927,9,204,236823059.96,3.6
1808,3600,9,110,979058218.16,18.0
1809,2662,12,232,230027336.63,4.5
1810,4652,8,189,243659426.36,3.5
1811,1042,12,242,913295469.7,13.5
1812,3011,10,209,96712382.68,1.5
1813,2857,10,188,431954845.14,7.5
1814,4391,7,59,893009809.52,12.0
1815,4923,6,333,229662230.62,4.2
1816,3239,3,215,2475035796.19,33.0
1817,2129,6,307,395319460.63,8.4
1818,4890,15,35,1530009617.18,28.0
1819,2747,2,6,268452824.86,3.5
1820,2036,9,351,286028010.25,3.6
1821,360,14,64,738520883.16,10.5
1822,1601,2,13,251830842.95,3.5
1823,887,6,32,1428297649.38,21.0
1824,1432,2,238,2375590465.88,35.0
1825,4441,9,347,104887957.52,1.8
1826,4569,3,357,811052546.31,16.5
1827,4088,4,363,163703362.03,2.5
1828,835,5,143,125337204.1,2.5
1829,628,10,250,82980322.31,1.5
1830,2390,13,135,516821137.78,7.0
1831,1546,11,247,328742084.41,6.0
1832,1623,1,133,195994600.29,3.0
1833,2504,10,99,260041634.02,4.5
1834,3780,7,294,1063199432.92,15.0
1835,796,15,149,279178148.5,3.5
1836,4475,7,28,850297348.01,12.0
1837,2069,3,190,437664749.51,6.6
1838,1052,15,309,1328027638.31,17.5
1839,3524,11,352,148499600.77,3.0
1840,3276,11,229,339478252.49,6.0
1841,2964,11,294,552705048.48,9.0
1842,4800,10,73,200034405.96,3.0
1843,706,7,233,94247530.61,1.5
1844,362,4,293,1856060216.94,25.0
1845,3036,14,273,440188769.82,7.0
1846,1501,14,49,212883789.19,3.5
1847,2505,10,247,184443231.82,3.0
1848,1953,10,136,177573088.77,3.0
1849,201,9,365,229431207.13,3.6
1850,4620,8,241,1233023089.02,28.0
1851,1382,9,148,498571506.28,9.0
1852,1538,8,354,194716333.67,3.5
1853,4614,6,324,443414860.58,8.4
1854,3122,1,364,201588447.85,3.0
1855,2095,1,102,180501364.62,3.0
1856,4146,14,355,691586359.25,10.5
1857,3249,9,61,216171953.69,3.6
1858,81,6,111,609641426.57,8.4
1859,4995,1,32,171224357.8,3.0
1860,65,4,225,556952653.04,7.5
1861,1863,15,309,1621016785.34,28.0
1862,4509,15,9,215491693.83,3.5
1863,361,13,200,710492245.4,10.5
1864,4738,5,336,453341243.89,7.5
1865,4085,1,110,193093081.6,3.0
1866,2706,12,50,294545433.5,4.5
1867,2384,14,243,2565904144.27,35.0
1868,3173,10,180,297746780.16,4.5
1869,2397,11,51,2304912475.14,30.0
1870,4317,10,242,489510109.92,7.5
1871,2408,13,120,216795041.17,3.5
1872,488,1,108,100996217.0,1.5
1873,3780,11,331,156301561.65,3.0
1874,132,7,129,185755934.89,3.0
1875,4595,12,108,1843484514.47,36.0
1876,1892,13,234,672750093.52,10.5
1877,971,2,39,211907277.68,3.5
1878,1506,12,175,268865104.53,4.5
1879,3645,13,36,1351326772.13,17.5
1880,3713,14,77,393601054.06,7.0
1881,4429,8,328,260286419.58,3.5
1882,3071,5,278,598507019.66,7.5
1883,3802,11,132,214554408.87,3.0
1884,4676,12,219,2470162641.81,45.0
1885,1072,14,286,1284206604.01,17.5
1886,98,12,124,1710226187.25,22.5
1887,1824,5,207,147610349.68,2.5
1888,1866,15,131,2164746488.21,35.0
1889,3100,7,138,187954214.73,3.0
1890,2505,9,275,111973195.38,1.8
1891,3332,4,264,705114135.17,12.5
1892,2367,4,133,137927974.85,2.5
1893,4208,5,267,384677320.08,5.0
1894,4811,5,311,366773309.45,7.5
1895,1066,14,102,206504698.26,3.5
1896,3814,12,201,937966695.81,13.5
1897,604,4,197,263437617.38,5.0
1898,2834,13,169,1374507529.76,17.5
1899,811,11,176,409249097.81,6.0
1900,4186,2,264,234071651.36,3.5
1901,375,11,57,1122662252.93,15.0
1902,716,5,18,305548750.55,5.0
1903,823,12,146,216077149.17,4.5
1904,2501,8,310,1522334668.9,28.0
1905,1712,3,182,428482560.01,6.6
1906,4396,4,128,131164831.67,2.5
1907,2392,4,308,174332855.09,2.5
1908,693,8,287,215807656.18,3.5
1909,1288,1,131,91324753.45,1.5
1910,1693,15,204,199599437.9,3.5
1911,3393,13,330,254866935.83,3.5
1912,2986,11,204,195203993.53,3.0
1913,3521,7,118,99011421.0,1.5
1914,1096,7,131,530153034.91,7.5
1915,200,6,5,1080015893.52,21.0
1916,3945,1,115,1000486535.64,15.0
1917,3625,13,185,1322070882.41,28.0
1918,1944,5,317,240987670.84,5.0
1919,1122,9,121,117952807.61,1.8
1920,2378,11,237,212980794.8,3.0
1921,1657,11,42,447436323.39,9.0
1922,938,15,216,167836477.45,3.5
1923,1396,9,135,270081811.38,3.6
1924,3037,10,365,461699936.29,7.5
1925,1794,12,322,799932508.27,13.5
1926,226,11,77,562060687.0,9.0
1927,2313,6,3,796449720.3,12.6
1928,3583,9,77,125972025.64,1.8
1929,557,1,58,107754762.83,1.5
1930,4017,9,31,1228755096.86,18.0
1931,2002,6,54,605514344.91,8.4
1932,4644,6,86,754667051.93,12.6
1933,2478,6,131,983062521.95,12.6
1934,4060,13,364,443246997.02,7.0
1935,4822,5,297,373410662.67,5.0
1936,3420,12,15,278457552.96,4.5
1937,2038,5,160,180833404.25,2.5
1938,1384,4,250,596708402.75,7.5
1939,2555,7,270,333482527.3,4.5
1940,3565,8,88,1716841061.55,28.0
1941,4774,4,135,298827563.36,5.0
1942,591,13,304,1731952837.63,28.0
1943,1933,3,99,474646240.52,9.9
1944,3254,10,5,579216296.9,7.5
1945,2049,1,99,167284173.32,3.0
1946,3532,3,248,585454387.14,9.9
1947,3980,12,317,558531220.85,9.0
1948,2960,3,291,2038615302.31,33.0
1949,3928,7,29,103792587.0,1.5
1950,4594,6,327,585375142.8,8.4
1951,2131,8,235,717543750.06,10.5
1952,4973,8,355,765040174.13,10.5
1953,2304,8,57,639107436.13,10.5
1954,815,10,54,95339631.04,1.5
1955,1864,12,144,292345443.07,4.5
1956,2741,7,237,93197844.58,1.5
1957,4576,10,298,112338362.5,1.5
1958,1424,10,38,174688665.33,3.0
1959,2478,15,256,2182958584.91,35.0
1960,4366,13,278,644054515.42,10.5
1961,3629,10,224,79782577.94,1.5
1962,4722,2,86,607368309.66,10.5
1963,4747,9,73,284414289.39,3.6
1964,3840,11,172,373577342.59,6.0
1965,3023,3,192,492960698.62,6.6
1966,3724,14,151,532727211.15,7.0
1967,3797,12,338,2783416494.88,45.0
1968,3813,11,342,245475731.75,3.0
1969,2126,9,341,1133773392.1,18.0
1970,1813,8,25,731976661.19,10.5
1971,4479,10,189,105110510.58,1.5
1972,457,13,231,224646748.83,3.5
1973,14,8,205,449778598.75,7.0
1974,3446,12,88,893263339.89,13.5
1975,1215,1,158,310679057.32,4.5
1976,4499,9,208,238386214.67,3.6
1977,2788,3,180,441031922.34,6.6
1978,4530,4,305,189690331.61,2.5
1979,3625,5,229,136259135.12,2.5
1980,1026,6,214,3163698752.71,42.0
1981,4649,1,208,654113733.95,12.0
1982,139,14,179,1771413288.81,28.0
1983,801,10,111,856047830.23,15.0
1984,1802,14,339,769369177.04,10.5
1985,28,8,6,1147834222.44,17.5
1986,2205,5,113,171471912.01,2.5
1987,3445,9,317,221633490.42,3.6
1988,676,7,237,771702638.91,12.0
1989,1727,2,148,486131835.15,7.0
1990,4640,13,105,232369172.76,3.5
1991,822,12,59,582854888.46,9.0
1992,3093,9,65,312504666.2,5.4
1993,267,13,144,223088814.29,3.5
1994,2538,1,284,471079113.64,7.5
1995,4078,10,33,106931118.14,1.5
1996,4841,8,107,543282193.56,10.5
1997,1962,10,235,1030736443.15,15.0
1998,1059,7,159,278009207.17,4.5
1999,4805,15,245,247059759.66,3.5
2000,86,10,6,116702360.22,1.5
2001,1079,5,105,496630160.95,7.5
2002,2952,11,5,202938955.94,3.0
2003,4479,13,57,480665802.86,7.0
2004,3358,4,199,793003372.45,12.5
2005,377,12,364,3534470293.48,45.0
2006,677,3,187,475266297.85,9.9
2007,54,15,98,275793989.07,3.5
2008,4966,14,334,1130417506.97,17.5
2009,2259,9,137,195264030.07,3.6
2010,4503,12,341,326978911.26,4.5
2011,2159,9,1,131628270.9,1.8
2012,2692,11,106,1294066160.54,15.0
2013,4090,15,363,2114227133.39,35.0
2014,4677,3,171,1845699513.52,26.4
2015,767,5,125,501048217.14,7.5
2016,2874,9,334,403191515.02,5.4
2017,3933,10,31,777268700.45,12.0
2018,2704,4,126,1735024032.24,25.0
2019,4889,10,333,194121889.89,3.0
2020,693,3,113,1193750088.74,16.5
2021,4369,8,310,777638971.65,10.5
2022,288,3,264,1130398090.44,16.5
2023,2369,8,335,620254572.69,10.5
2024,2240,14,267,1275902499.81,17.5
2025,2994,11,144,209666451.3,3.0
2026,4789,12,153,2445677500.68,36.0
2027,4845,1,358,103032827.8,1.5
2028,1674,12,20,3041948618.21,45.0
2029,4530,4,75,160528465.11,2.5
2030,2143,9,197,124447830.61,1.8
2031,2437,9,208,546981269.83,9.0
2032,4018,5,256,483210300.97,7.5
2033,3329,14,8,2164131127.1,35.0
2034,3020,4,179,533510725.23,7.5
2035,2829,3,70,2014794607.51,33.0
2036,1844,3,347,420904542.51,6.6
2037,3988,8,109,190573344.44,3.5
2038,4066,15,17,1008285461.42,17.5
2039,3118,12,280,606746378.32,9.0
2040,2630,6,107,240360611.91,4.2
2041,3105,6,292,295601570.96,4.2
2042,62,14,12,674641926.81,10.5
2043,1328,15,273,210755568.6,3.5
2044,1088,9,144,501297762.16,9.0
2045,1751,1,54,86418615.56,1.5
2046,2150,7,365,88554982.8,1.5
2047,3977,4,255,1532478527.29,25.0
2048,4418,13,39,252249871.44,3.5
2049,1927,15,102,611086297.36,10.5
2050,3121,8,87,1033998475.78,17.5
2051,1003,11,148,434250354.91,6.0
2052,3940,3,27,642250745.38,9.9
2053,4044,7,107,215001490.84,3.0
2054,3371,1,133,1078120205.65,15.0
2055,850,8,8,241248886.97,3.5
2056,3414,9,343,494557012.63,9.0
2057,343,1,78,318418456.08,7.5
2058,3054,7,233,669711637.47,12.0
2059,4682,14,179,470434367.11,7.0
2060,2801,11,71,1757851676.84,24.0
2061,464,15,36,2086960665.99,28.0
2062,3987,5,107,1385242051.9,20.0
2063,2608,4,103,468359635.11,7.5
2064,3860,15,350,396598357.54,7.0
2065,354,9,2,247763161.31,3.6
2066,4559,8,76,211078806.34,3.5
2067,3664,14,104,1123679314.77,17.5
2068,922,1,252,424596123.21,7.5
2069,4820,8,99,545160455.65,10.5
2070,1181,5,61,331781408.0,5.0
2071,4742,8,140,231798836.3,3.5
2072,1034,3,314,245540082.15,3.3
2073,4724,1,337,325817507.58,4.5
2074,4404,9,365,1127688964.02,14.4
2075,902,2,194,230068877.63,3.5
2076,4221,15,53,485926990.56,7.0
2077,4156,11,45,1954005630.26,24.0
2078,2984,10,137,982449052.38,15.0
2079,1837,5,201,1355670693.11,20.0
2080,772,9,249,349788524.09,5.4
2081,3981,1,21,494698568.5,7.5
2082,2980,2,280,1192264652.74,17.5
2083,1151,9,253,597816464.52,9.0
2084,1118,4,296,328939608.66,5.0
2085,1866,8,272,1795443948.05,28.0
2086,3797,11,151,1051860816.17,15.0
2087,1571,9,202,385225050.62,5.4
2088,3629,15,166,219915206.69,3.5
2089,535,4,188,162422336.88,2.5
2090,3071,3,98,564691529.04,9.9
2091,4339,14,144,1975138094.74,28.0
2092,1331,2,81,228085947.76,3.5
2093,3271,10,316,711909815.19,12.0
2094,1613,14,296,992512115.23,17.5
2095,3643,9,186,989352103.4,18.0
2096,2045,8,248,1266646773.59,17.5
2097,1593,5,159,749274353.57,12.5
2098,2026,4,160,690831364.86,12.5
2099,1313,7,147,293506464.43,4.5
2100,1859,12,143,2187061482.3,36.0
2101,927,10,273,185077744.19,3.0
2102,3496,11,38,424192202.73,6.0
2103,2592,4,85,480192237.74,7.5
2104,420,10,342,226254729.3,3.0
2105,4099,3,51,465928463.08,6.6
2106,3576,10,65,785378224.99,15.0
2107,4340,3,254,514621949.15,6.6
2108,2398,5,330,423528736.93,7.5
2109,1713,8,117,213335427.82,3.5
2110,2031,12,294,305482051.85,4.5
2111,2794,2,285,1124902861.42,17.5
2112,685,8,176,705180406.68,10.5
2113,2187,8,136,520540012.92,7.0
2114,828,1,153,974006536.11,15.0
2115,4658,1,329,95713166.16,1.5
2116,3177,11,74,373578382.42,6.0
2117,1796,11,71,1933098586.77,30.0
2118,3600,1,76,194148496.19,3.0
2119,4722,4,101,150472946.75,2.5
2120,4133,6,13,525509889.55,8.4
2121,2602,13,333,497296455.0,7.0
2122,2249,13,237,694950155.91,10.5
2123,4639,12,72,2543661342.3,36.0
2124,1913,14,117,215568141.29,3.5
2125,3603,12,354,253429860.59,4.5
2126,4634,15,263,243946764.79,3.5
2127,521,3,308,464727367.62,6.6
2128,1356,2,104,493748715.34,7.0
2129,1880,6,307,294195769.62,4.2
2130,901,14,108,729331959.36,10.5
2131,3151,6,208,620070421.07,8.4
2132,949,9,37,105924479.86,1.8
2133,6,8,167,217170877.3,3.5
2134,2416,5,235,469270713.58,7.5
2135,2746,14,224,2499478133.39,35.0
2136,3962,8,87,2181662048.1,28.0
2137,3114,3,15,190655178.05,3.3
2138,2674,12,41,2508476614.76,36.0
2139,228,14,220,286779160.0,3.5
2140,1071,7,349,169952744.75,3.0
2141,3745,10,267,788374353.57,12.0
2142,3549,12,6,2629274697.3,36.0
2143,2439,13,340,1213072104.69,17.5
2144,160,1,54,277119591.67,4.5
2145,3705,12,357,892767896.68,13.5
2146,3199,9,305,359667073.8,5.4
2147,143,11,2,973387952.51,15.0
2148,2388,2,78,1337459753.96,17.5
2149,4235,15,90,437446448.21,7.0
2150,959,4,215,1673011989.03,25.0
2151,1627,15,269,2524975226.72,35.0
2152,3103,4,196,323596604.04,5.0
2153,3290,4,286,162055575.71,2.5
2154,709,9,91,229795442.79,3.6
2155,3180,7,325,879393493.95,12.0
2156,1747,9,264,117302202.38,1.8
2157,1580,13,66,487399413.89,7.0
2158,4744,13,171,407188811.47,7.0
2159,2477,5,320,193105131.49,2.5
2160,3270,10,321,495586075.95,7.5
2161,3512,6,127,576674810.75,8.4
2162,1351,6,259,283107239.15,4.2
2163,1641,11,23,193658996.54,3.0
2164,4122,12,183,782191254.79,13.5
2165,2891,15,296,209507402.57,3.5
2166,2102,4,292,458840944.98,7.5
2167,3127,10,133,562325878.01,7.5
2168,4803,15,181,849184705.22,10.5
2169,1478,12,172,769899720.28,13.5
2170,180,10,357,295075537.96,4.5
2171,2800,15,26,167506546.82,3.5
2172,3190,14,108,650343300.82,10.5
2173,129,14,206,911483204.09,17.5
2174,4819,11,109,198991702.32,3.0
2175,3895,8,96,1747418972.7,28.0
2176,1288,2,24,400968524.32,7.0
2177,1217,1,41,348943023.44,4.5
2178,4134,10,95,100806604.0,1.5
2179,3244,12,34,1485856411.99,22.5
2180,2102,9,230,331266723.05,5.4
2181,1737,10,208,102948361.55,1.5
2182,1635,8,289,551655533.94,7.0
2183,3108,11,148,1951286902.6,30.0
2184,1328,7,92,290355321.05,4.5
2185,1830,3,68,217671663.18,3.3
2186,759,12,105,270388973.66,4.5
2187,3573,2,279,2571750090.75,35.0
2188,4126,5,229,526970444.46,7.5
2189,1742,8,71,897222583.15,17.5
2190,718,3,143,263765254.11,3.3
2191,1943,13,147,232093741.59,3.5
2192,3740,14,132,254441785.26,3.5
2193,4439,11,35,978099152.94,15.0
2194,2666,10,19,189066304.68,3.0
2195,3066,15,246,378363870.94,7.0
2196,2504,9,268,328700389.93,5.4
2197,3977,13,310,302600130.07,3.5
2198,1238,7,36,1111346081.03,15.0
2199,968,1,123,62752943.89,1.5
2200,4220,13,304,774130503.29,10.5
2201,350,9,262,178460713.31,3.6
2202,2902,9,274,247768585.99,3.6
2203,4554,13,346,227510560.46,3.5
2204,4938,9,240,110155143.98,1.8
2205,1186,14,26,479251558.23,7.0
2206,2504,2,47,420677894.32,7.0
2207,3504,1,196,79306214.03,1.5
2208,1467,6,104,2601373547.47,33.6
2209,3333,12,344,234360776.9,4.5
2210,3694,3,140,832138525.67,9.9
2211,4075,2,260,423416898.01,7.0
2212,352,15,89,613625300.88,10.5
2213,3959,8,66,2021035465.93,28.0
2214,3205,3,173,2431832402.38,33.0
2215,723,4,184,1398408260.96,20.0
2216,3311,3,163,397358489.3,6.6
2217,2562,14,292,210424214.47,3.5
2218,2787,2,103,175265093.48,3.5
2219,4238,13,217,441979457.36,7.0
2220,1074,1,272,109444665.66,1.5
2221,1767,11,270,232077890.04,3.0
2222,892,6,353,443442419.3,8.4
2223,2314,7,215,170937644.75,3.0
2224,4819,4,294,342759199.07,5.0
2225,3550,3,214,653760576.04,9.9
2226,916,14,129,485620189.78,7.0
2227,2108,10,221,191064018.67,3.0
2228,2823,4,172,161654697.71,2.5
2229,4008,6,8,3004564700.0,42.0
2230,3873,8,220,449648962.76,7.0
2231,4590,13,264,425564224.98,7.0
2232,4470,15,125,204780005.9,3.5
2233,1004,15,148,873590277.31,10.5
2234,1493,13,160,2006554212.51,35.0
2235,3607,4,357,309092755.25,5.0
2236,1852,11,304,481911422.52,9.0
2237,2449,15,133,671487627.03,10.5
2238,4744,11,231,146397031.48,3.0
2239,1519,5,79,1822423161.71,25.0
2240,32,7,167,100278245.53,1.5
2241,2008,7,60,702567418.54,15.0
2242,808,2,206,489543183.11,7.0
2243,3416,5,66,812154596.13,12.5
2244,2795,14,299,676317322.74,10.5
2245,2270,9,270,344225869.51,5.4
2246,1480,7,348,979009984.83,15.0
2247,1709,8,150,1220212887.2,17.5
2248,2395,14,360,250953433.16,3.5
2249,1216,1,186,1118599217.49,15.0
2250,2934,3,174,384538048.36,6.6
2251,1649,15,101,777927244.21,10.5
2252,3538,7,195,113913878.61,1.5
2253,3258,2,99,608427093.88,10.5
2254,946,2,168,218684536.83,3.5
2255,1599,13,98,1759276576.56,35.0
2256,3497,4,157,144925305.99,2.5
2257,1957,3,44,1557768732.31,26.4
2258,2704,5,215,451787442.59,7.5
2259,700,4,343,299955536.07,5.0
2260,626,12,135,1469053050.03,22.5
2261,2898,9,270,117749139.36,1.8
2262,586,4,253,1241973278.02,20.0
2263,3913,9,174,210707594.87,3.6
2264,4791,9,3,134240440.66,1.8
2265,3107,12,135,966278721.47,13.5
2266,2807,7,170,289053537.83,4.5
2267,4244,4,85,278834742.52,5.0
2268,1118,7,221,95966895.44,1.5
2269,3423,14,51,801681139.78,10.5
2270,2828,1,211,220704045.96,3.0
2271,2285,3,28,397742979.31,6.6
2272,2168,8,357,528015805.91,7.0
2273,3750,9,29,116324380.32,1.8
2274,3925,8,8,187230210.32,3.5
2275,3193,11,274,421947449.91,6.0
2276,1178,10,153,492868518.96,7.5
2277,417,11,299,189527912.04,3.0
2278,3934,14,351,557619839.45,7.0
2279,2994,1,251,524687354.74,7.5
2280,3598,14,237,759677075.35,10.5
2281,1697,10,35,104579013.6,1.5
2282,2486,3,188,357419737.11,6.6
2283,2412,14,197,247103451.23,3.5
2284,1246,8,178,751485180.09,10.5
2285,4017,1,138,89751044.35,1.5
2286,4029,15,39,232585912.82,3.5
2287,1072,15,347,220220288.02,3.5
2288,896,7,299,203052802.94,3.0
2289,2462,9,68,637448253.11,9.0
2290,542,10,271,500685984.9,7.5
2291,3264,6,276,1307604472.31,21.0
2292,309,15,28,500671925.03,7.0
2293,2343,4,144,396261618.06,7.5
2294,304,4,25,942872406.49,20.0
2295,4640,3,352,465912102.83,6.6
2296,1971,14,25,1222673610.35,17.5
2297,3165,6,149,266173265.25,4.2
2298,2084,4,292,149783402.86,2.5
2299,2472,10,143,511852323.08,7.5
2300,1139,2,58,216269268.3,3.5
2301,54,5,303,373891225.98,5.0
2302,625,4,269,1785965644.27,25.0
2303,4403,15,33,475369371.14,7.0
2304,496,4,109,1602752212.47,25.0
2305,3353,7,223,203848414.93,3.0
2306,1838,6,148,515454234.93,8.4
2307,4507,13,335,773827595.0,10.5
2308,2322,1,79,319526599.11,4.5
2309,4047,7,321,761352021.34,12.0
2310,1993,10,244,963985368.22,12.0
2311,4883,10,359,284738553.1,4.5
2312,2001,12,231,541561415.03,9.0
2313,3238,13,102,838563076.97,10.5
2314,4340,1,307,309232810.95,4.5
2315,1040,14,52,212828414.73,3.5
2316,4207,9,104,237052564.06,3.6
2317,4294,6,292,3530352601.16,42.0
2318,3834,13,231,2081737368.97,28.0
2319,3813,4,37,182824481.9,2.5
2320,1206,13,18,236210805.58,3.5
2321,2286,14,219,1917238564.41,28.0
2322,2050,10,310,649178095.45,12.0
2323,2711,7,73,333538252.26,4.5
2324,46,14,212,244616181.7,3.5
2325,2950,2,244,215962124.34,3.5
2326,2413,4,352,325334784.94,5.0
2327,4557,5,199,386296648.65,7.5
2328,3249,9,343,972369772.68,14.4
2329,471,6,100,2039231143.51,33.6
2330,2419,2,342,630816577.54,10.5
2331,2676,9,340,93837606.84,1.8
2332,3225,1,194,101065798.55,1.5
2333,593,13,160,1898611421.74,28.0
2334,982,12,364,2477790924.18,36.0
2335,38,3,268,1142994568.0,16.5
2336,4508,8,311,252340402.09,3.5
2337,4631,10,350,216065445.57,3.0
2338,2233,7,56,188581387.02,3.0
2339,4046,14,82,2551624349.42,35.0
2340,3701,10,279,336971280.09,4.5
2341,4803,12,59,300915703.81,4.5
2342,2322,7,285,531838242.04,7.5
2343,1856,8,126,474916682.76,7.0
2344,2584,2,272,652590160.21,10.5
2345,1148,2,153,416712251.39,7.0
2346,2676,3,115,210117082.35,3.3
2347,1904,5,42,354900474.89,5.0
2348,3202,13,192,2651853446.12,35.0
2349,3623,15,128,210855650.17,3.5
2350,2720,5,36,308638438.96,5.0
2351,685,11,253,433787114.28,6.0
2352,7,4,275,326507163.12,5.0
2353,2515,4,95,1447948575.36,25.0
2354,2353,9,86,121628622.06,1.8
2355,39,11,353,221264764.22,3.0
2356,1061,15,240,450196414.48,7.0
2357,2406,14,182,2748853311.73,35.0
2358,2721,12,95,1257762307.23,22.5
2359,1396,4,310,1140805765.92,20.0
2360,4776,3,240,561715925.56,6.6
2361,260,12,111,1692798179.24,22.5
2362,2324,15,129,1263379176.3,17.5
2363,2003,8,361,1074761708.92,17.5
2364,3926,1,212,450459494.03,7.5
2365,4841,1,290,417862664.2,7.5
2366,3017,14,288,512478784.85,7.0
2367,4571,1,15,205288515.45,3.0
2368,181,13,83,452374602.99,7.0
2369,2022,1,304,311866232.49,4.5
2370,2574,6,36,833554499.97,12.6
2371,2778,15,341,194159618.78,3.5
2372,484,6,157,497905459.48,8.4
2373,1482,7,25,472406630.38,7.5
2374,2325,13,211,456369505.92,7.0
2375,1533,11,5,382656046.7,6.0
2376,4838,14,178,208778152.67,3.5
2377,308,9,280,92733003.34,1.8
2378,2306,14,50,718110389.07,10.5
2379,4375,7,140,88156887.73,1.5
2380,4204,12,265,1639205043.29,36.0
2381,711,3,291,146372417.74,3.3
2382,4820,1,70,80957092.94,1.5
2383,3593,1,286,476926060.84,7.5
2384,2864,11,165,448690790.81,9.0
2385,3257,14,11,466811764.82,7.0
2386,1084,8,298,245794591.22,3.5
2387,2321,1,258,294333287.23,4.5
2388,353,5,252,166928698.16,2.5
2389,1311,11,75,1402852400.88,24.0
2390,2781,8,94,537781220.7,7.0
2391,2648,9,253,731676598.47,9.0
2392,2273,7,97,536178553.41,7.5
2393,2245,11,160,204823733.89,3.0
2394,1083,2,100,232388231.7,3.5
2395,4953,14,87,421099723.15,7.0
2396,1286,11,289,157901770.99,3.0
2397,884,7,121,1073272758.91,15.0
2398,4040,12,53,569580803.58,9.0
2399,2309,15,10,1496565280.19,28.0
2400,511,6,87,646740306.05,8.4
2401,4535,13,342,209397110.05,3.5
2402,80,13,35,1081954935.67,17.5
2403,979,4,76,404137141.3,5.0
2404,3890,12,39,271466304.66,4.5
2405,3045,12,90,307295232.2,4.5
2406,868,9,53,122041830.43,1.8
2407,1038,7,8,750740938.86,15.0
2408,4369,1,18,360955329.27,4.5
2409,4423,10,159,191065331.88,3.0
2410,4024,7,93,111768196.19,1.5
2411,2782,2,30,1309592207.69,17.5
2412,1274,15,160,509238116.67,7.0
2413,1299,2,254,878123314.87,17.5
2414,305,6,12,310700592.32,4.2
2415,3724,7,268,111408439.27,1.5
2416,1563,12,234,610492184.0,9.0
2417,588,7,284,256542636.6,4.5
2418,4537,5,149,128290190.34,2.5
2419,21,13,43,253661187.97,3.5
2420,2100,10,295,272519187.32,4.5
2421,224,4,138,1719559621.1,25.0
2422,1533,1,146,354022049.43,4.5
2423,1739,6,353,589935231.9,8.4
2424,1685,9,179,183053264.34,3.6
2425,3381,8,330,226059404.15,3.5
2426,1059,5,26,522916825.17,7.5
2427,3041,10,348,249000721.09,3.0
2428,2658,13,28,231704385.87,3.5
2429,493,5,336,328508775.32,5.0
2430,1254,8,337,1592721718.7,28.0
2431,2287,14,272,512647006.69,7.0
2432,4772,1,306,539802779.73,7.5
2433,1042,14,38,772208388.35,10.5
2434,1790,10,227,95653554.25,1.5
2435,4924,3,183,219493214.79,3.3
2436,1830,12,59,2186471863.58,36.0
2437,513,5,252,343661058.93,5.0
2438,1103,2,261,2545252924.12,35.0
2439,4686,6,186,786085699.62,12.6
2440,1887,9,204,775972159.02,14.4
2441,2946,5,72,1406159482.96,20.0
2442,3397,3,19,191057011.77,3.3
2443,4986,12,206,1608278147.35,22.5
2444,978,8,352,442121416.65,7.0
2445,343,4,51,1574485312.81,25.0
2446,3351,13,302,2876971991.78,35.0
2447,4530,8,113,1222529338.02,17.5
2448,381,5,211,290056623.92,5.0
2449,1929,7,286,183419989.76,3.0
2450,1582,2,210,437534609.2,7.0
2451,4279,6,279,1323376544.97,21.0
2452,1252,10,159,1003760945.07,15.0
2453,1196,11,263,212312955.72,3.0
2454,1448,6,195,752864700.77,12.6
2455,2251,1,128,765872059.39,12.0
2456,4196,9,19,220774172.55,3.6
2457,757,5,5,1324616163.41,20.0
2458,394,11,15,617255061.84,9.0
2459,459,5,203,380316208.95,5.0
2460,3519,11,52,570427853.98,9.0
2461,589,15,275,426631375.43,7.0
2462,3684,15,149,554419894.49,7.0
2463,2868,9,84,203553239.23,3.6
2464,1911,11,13,579624883.0,9.0
2465,4834,11,146,179736386.38,3.0
2466,3680,2,79,440164506.02,7.0
2467,2729,5,107,481289535.58,7.5
2468,111,15,44,239307672.83,3.5
2469,4546,2,120,261910526.6,3.5
2470,4034,13,259,208878707.06,3.5
2471,3330,4,259,940246094.71,12.5
2472,300,13,6,208491295.81,3.5
2473,3207,10,119,340308059.15,4.5
2474,848,6,185,886325437.29,12.6
2475,809,11,306,638971917.19,9.0
2476,1178,5,107,368945469.45,5.0
2477,3774,15,113,253671906.57,3.5
2478,4047,10,362,99602538.33,1.5
2479,3138,10,178,505282877.8,7.5
2480,1981,7,294,288307236.49,4.5
2481,3399,5,237,187799550.78,2.5
2482,2003,6,91,1228593157.43,21.0
2483,1124,15,364,471531235.71,7.0
2484,765,1,225,107609707.34,1.5
2485,210,6,120,581351010.08,8.4
2486,4047,4,177,160214995.84,2.5
2487,314,3,116,215293088.35,3.3
2488,2014,14,170,225842047.1,3.5
2489,1309,5,180,158398379.99,2.5
2490,2678,11,40,1576622100.84,30.0
2491,4887,5,251,348526845.37,5.0
2492,857,9,285,109538094.27,1.8
2493,1628,15,192,1343811008.0,17.5
2494,2607,13,78,730819570.59,10.5
2495,77,2,122,376631367.38,7.0
2496,1560,3,209,228779818.64,3.3
2497,4026,1,260,93231684.08,1.5
2498,3405,12,252,1508513994.11,22.5
2499,3981,12,363,265355522.85,4.5
2500,3884,11,253,571729118.56,9.0
2501,1470,3,122,1862615020.2,26.4
2502,170,3,4,993748230.84,16.5
2503,3340,3,85,1601113764.2,26.4
2504,3504,13,85,419715070.91,7.0
2505,343,3,211,193950348.11,3.3
2506,332,10,276,219492458.04,3.0
2507,1808,13,318,668077005.81,10.5
2508,4398,15,73,212524973.61,3.5
2509,3325,6,351,299713689.42,4.2
2510,4384,3,197,695607669.84,9.9
2511,4083,13,245,253997693.21,3.5
2512,3356,14,248,188317265.08,3.5
2513,1162,15,184,237565776.99,3.5
2514,3197,5,79,332737253.26,5.0
2515,3340,9,295,124589881.23,1.8
2516,3227,6,307,919878020.45,12.6
2517,2092,14,345,255699994.72,3.5
2518,3339,7,45,94495947.55,1.5
2519,2734,11,292,412438214.69,6.0
2520,722,1,304,327277257.5,4.5
2521,2685,8,183,235481844.99,3.5
2522,1271,3,82,1239624292.92,16.5
2523,4693,12,307,245690730.21,4.5
2524,3272,11,363,353877790.93,6.0
2525,1125,1,328,108355073.27,1.5
2526,4308,14,305,221640442.8,3.5
2527,4619,4,253,352613771.41,5.0
2528,3507,12,204,540876304.61,9.0
2529,143,13,161,1929127171.25,28.0
2530,2853,6,116,406772616.07,8.4
2531,537,3,309,1426549405.01,26.4
2532,4609,2,4,466855405.83,7.0
2533,3217,8,95,241629957.09,3.5
2534,2743,1,168,212027795.53,3.0
2535,3695,1,193,105814195.17,1.5
2536,4065,11,7,459656654.31,6.0
2537,4352,4,87,504987505.42,7.5
2538,1103,7,348,104897754.51,1.5
2539,727,10,117,265340121.5,4.5
2540,2779,3,257,496068826.82,6.6
2541,278,7,254,83928350.8,1.5
2542,2645,13,27,1742594348.42,28.0
2543,2454,5,363,115911499.5,2.5
2544,4285,3,298,1959491782.45,33.0
2545,1768,1,77,96000025.62,1.5
2546,4761,6,139,850507597.18,12.6
2547,2107,4,5,711299712.84,12.5
2548,2368,12,252,2840449876.68,36.0
2549,3785,10,209,675000298.54,12.0
2550,824,2,52,1110439083.83,17.5
2551,3070,6,231,1362868275.56,21.0
2552,4665,3,251,622105265.32,9.9
2553,2749,3,249,429166464.91,6.6
2554,3228,12,206,503708553.03,9.0
2555,4024,9,265,114522408.76,1.8
2556,1677,1,290,294509962.27,4.5
2557,2643,15,153,204911907.23,3.5
2558,1925,7,176,747453056.1,12.0
2559,4318,3,37,491471300.1,6.6
2560,827,10,186,376032371.13,7.5
2561,3514,10,204,808096555.51,15.0
2562,2645,13,98,234937289.97,3.5
2563,3560,15,313,1136459234.59,17.5
2564,1294,3,234,192369363.43,3.3
2565,3416,13,147,183547954.97,3.5
2566,3782,9,99,359285867.46,5.4
2567,391,4,26,429690872.02,5.0
2568,1166,6,330,554135745.08,8.4
2569,2935,8,212,197751025.87,3.5
2570,2204,12,192,979642868.94,13.5
2571,330,6,42,2126029672.4,33.6
2572,1528,12,222,2598153983.72,45.0
2573,4496,6,258,251312473.6,4.2
2574,4917,13,7,898293603.66,17.5
2575,1992,13,80,244219810.8,3.5
2576,424,2,287,1990898004.27,35.0
2577,1720,2,278,184230977.98,3.5
2578,3649,11,266,387105969.35,6.0
2579,109,12,31,2428010017.17,36.0
2580,3503,3,129,1957289178.01,33.0
2581,978,4,275,400734791.93,5.0
2582,413,9,44,599990485.45,9.0
2583,3000,5,249,140134015.09,2.5
2584,708,4,201,327766233.21,5.0
2585,4981,5,116,543091150.19,7.5
2586,4585,13,350,200485069.95,3.5
2587,3412,7,288,844063104.63,12.0
2588,1782,14,263,611881308.06,10.5
2589,180,1,156,84929091.0,1.5
2590,2399,6,188,265787266.88,4.2
2591,760,10,69,184012444.34,3.0
2592,4690,12,296,607014429.21,9.0
2593,2736,13,163,251531700.74,3.5
2594,1104,2,76,223541465.19,3.5
2595,3034,9,317,107126377.12,1.8
2596,1733,7,175,106948788.54,1.5
2597,2896,4,299,331083873.67,5.0
2598,4076,6,322,247311350.07,4.2
2599,2532,7,193,293935039.78,4.5
2600,4892,7,281,163292690.84,3.0
2601,4443,2,240,661731196.87,10.5
2602,3015,15,234,473619776.94,7.0
2603,4714,10,282,592476357.21,12.0
2604,2757,1,286,97658359.44,1.5
2605,3404,8,215,630415028.97,10.5
2606,3802,8,211,465656117.81,7.0
2607,3090,15,82,1508985379.59,28.0
2608,1853,10,218,529752012.79,7.5
2609,2575,14,35,256625963.23,3.5
2610,2857,13,140,1014849315.24,17.5
2611,3317,6,301,2665183536.4,42.0
2612,3105,4,158,546560316.98,7.5
2613,507,13,205,381841675.43,7.0
2614,634,7,161,495067258.2,7.5
2615,1433,1,104,167745012.63,3.0
2616,4512,7,282,309692001.93,4.5
2617,803,8,1,775318986.57,10.5
2618,453,5,257,322454379.86,5.0
2619,1694,1,297,206930737.18,3.0
2620,1152,6,207,832083078.78,12.6
2621,3497,13,325,400899945.6,7.0
2622,3548,15,16,2530000672.45,35.0
2623,4669,5,2,347821518.49,5.0
2624,4102,2,335,504707908.94,10.5
2625,1869,3,267,235408650.45,3.3
2626,1978,6,136,740872196.65,12.6
2627,2994,13,161,1357588233.46,17.5
2628,4188,1,183,85868264.01,1.5
2629,3566,9,172,211900275.74,3.6
2630,3880,5,28,285368717.57,5.0
2631,254,2,239,216311822.85,3.5
2632,2197,10,318,486611168.73,7.5
2633,2656,7,44,165114706.07,3.0
2634,2743,8,182,213389210.19,3.5
2635,493,15,109,599566039.14,10.5
2636,4191,5,234,1360632533.86,25.0
2637,1050,12,47,1404587794.28,22.5
2638,4879,5,232,478891895.19,7.5
2639,1314,10,307,410090326.48,7.5
2640,4839,4,253,1381032300.32,20.0
2641,3963,10,19,299066329.91,4.5
2642,2558,15,112,1348341988.67,17.5
2643,1318,6,321,707454462.96,12.6
2644,4859,6,35,513056247.51,8.4
2645,789,10,49,376213112.32,4.5
2646,4877,14,290,889502276.59,17.5
2647,3356,3,183,655447222.96,9.9
2648,4492,5,282,516567727.56,7.5
2649,533,2,308,527804795.37,7.0
2650,2872,8,116,1093333867.43,17.5
2651,3914,11,113,1691553667.52,24.0
2652,413,11,336,841077154.2,15.0
2653,726,10,217,344198096.27,4.5
2654,1904,8,128,694017372.61,10.5
2655,4397,14,287,690023015.15,10.5
2656,135,15,359,563748859.47,7.0
2657,2636,8,344,436659305.86,7.0
2658,4984,10,63,258441410.79,3.0
2659,3705,3,194,366925684.85,6.6
2660,3759,6,54,274409523.59,4.2
2661,3935,12,112,2817074127.37,45.0
2662,438,4,38,323018353.26,5.0
2663,4894,1,332,890142096.81,12.0
2664,3515,15,111,241558773.05,3.5
2665,1645,14,127,713726577.04,10.5
2666,2408,9,50,200060869.99,3.6
2667,242,10,39,482660203.33,7.5
2668,4403,9,304,1171548725.42,18.0
2669,4431,10,248,110836342.7,1.5
2670,3708,10,327,438152715.3,7.5
2671,3562,9,284,264683688.46,5.4
2672,2877,1,34,465551567.39,7.5
2673,2649,7,157,102072925.74,1.5
2674,3292,6,209,279030666.46,4.2
2675,1008,7,189,818344476.19,12.0
2676,2621,8,316,783279720.83,10.5
2677,2833,4,37,1159864329.49,20.0
2678,4297,7,115,119930347.66,1.5
2679,2903,10,28,503046117.37,7.5
2680,2565,3,216,229306351.4,3.3
2681,42,4,198,505100020.08,7.5
2682,1809,7,350,183051067.59,3.0
2683,3766,12,312,1004008897.32,13.5
2684,4146,5,117,188239264.09,2.5
2685,683,7,217,95143825.91,1.5
2686,4242,5,270,497139174.02,7.5
2687,1316,5,323,843782575.48,12.5
2688,2198,13,328,2205423059.93,35.0
2689,4607,3,77,235975307.61,3.3
2690,1664,11,365,790807049.31,15.0
2691,440,8,230,492644550.27,7.0
2692,3815,8,321,583443857.99,10.5
2693,796,11,91,388736996.07,6.0
2694,422,6,75,286552478.91,4.2
2695,4819,3,1,260944444.69,3.3
2696,296,11,306,909755906.05,15.0
2697,3223,4,287,183596174.76,2.5
2698,4689,15,50,1276431354.68,17.5
2699,4289,4,191,302610616.52,5.0
2700,3142,10,104,505773490.8,7.5
2701,2175,8,297,1274384909.79,17.5
2702,3300,1,327,79694665.47,1.5
2703,3569,1,4,109345334.97,1.5
2704,3928,12,84,1791104249.64,22.5
2705,2894,2,223,201412049.23,3.5
2706,4929,13,45,2002589646.99,28.0
2707,1226,13,230,692694756.37,10.5
2708,2243,12,64,696171496.79,9.0
2709,3417,1,142,951828265.65,15.0
2710,1315,12,219,2327809433.82,36.0
2711,186,12,270,315504794.64,4.5
2712,3692,10,251,224594718.81,3.0
2713,2288,5,111,122731894.94,2.5
2714,941,7,247,300904507.59,4.5
2715,2060,1,33,780741703.91,12.0
2716,3481,10,24,483540144.88,7.5
2717,4650,3,199,777274739.72,16.5
2718,4142,3,12,1740136037.49,26.4
2719,3133,6,46,525335172.37,8.4
2720,2004,4,216,345540775.27,5.0
2721,3398,12,123,2178617866.23,36.0
2722,3274,13,298,2851275239.19,35.0
2723,4570,6,36,1179286934.17,21.0
2724,3010,6,250,573912192.22,8.4
2725,4878,8,217,201558024.78,3.5
2726,1706,12,209,961319555.29,13.5
2727,3213,6,79,254848618.92,4.2
2728,4352,6,337,278694787.33,4.2
2729,2704,15,97,236484610.0,3.5
2730,752,15,42,183208858.37,3.5
2731,4058,13,66,741334091.98,10.5
2732,2116,6,192,755685733.41,12.6
2733,4645,1,35,454354273.05,7.5
2734,1397,2,140,2458303748.53,35.0
2735,516,8,353,750519073.09,10.5
2736,2197,6,66,571251837.71,8.4
2737,3886,10,84,847723730.58,12.0
2738,1324,8,6,456701673.47,7.0
2739,1228,15,30,2146525772.52,35.0
2740,2901,5,286,503007937.76,7.5
2741,4353,9,51,961924377.93,14.4
2742,1545,13,354,398347543.57,7.0
2743,1498,10,182,96675036.21,1.5
2744,3308,4,202,1097838423.98,20.0
2745,4394,10,213,816344964.32,15.0
2746,305,8,304,838461373.04,10.5
2747,3403,15,239,451473491.59,7.0
2748,4734,7,126,107041403.59,1.5
2749,4261,14,3,238935464.06,3.5
2750,3339,7,301,949270861.08,15.0
2751,976,7,177,400059040.02,7.5
2752,716,3,221,603347135.01,9.9
2753,3539,7,98,425800513.51,7.5
2754,415,11,55,1495516974.67,24.0
2755,4698,3,106,216876007.67,3.3
2756,4312,1,149,431904893.2,7.5
2757,3571,2,62,1409954793.54,28.0
2758,2710,8,260,287042199.83,3.5
2759,2838,3,23,710265055.08,9.9
2760,881,4,162,154115924.18,2.5
2761,1167,6,294,218485239.8,4.2
2762,3540,12,226,446951523.42,9.0
2763,35,5,216,1595362358.56,25.0
2764,101,15,218,2166821463.91,35.0
2765,4328,13,313,610345230.41,10.5
2766,527,2,74,678175779.9,10.5
2767,3709,12,107,267470280.06,4.5
2768,4484,3,221,366483884.88,6.6
2769,1375,9,50,139748095.4,1.8
2770,2890,7,130,902408319.96,15.0
2771,191,8,105,538528506.46,10.5
2772,1638,7,208,215991122.83,4.5
2773,1245,13,155,2165456182.17,35.0
2774,2072,9,283,440697402.28,5.4
2775,341,8,338,222573128.4,3.5
2776,4497,3,183,454958680.91,6.6
2777,4099,11,119,185153304.13,3.0
2778,889,7,83,471220071.32,7.5
2779,1221,10,262,420271198.32,7.5
2780,2443,1,18,332416220.94,4.5
2781,253,5,121,874063023.42,12.5
2782,2536,15,67,255273907.33,3.5
2783,2354,5,299,597577105.13,7.5
2784,1019,6,286,270036980.93,4.2
2785,3452,1,89,88740067.72,1.5
2786,3386,11,81,386526549.24,6.0
2787,4377,15,2,476466759.4,7.0
2788,3737,9,73,204375304.74,3.6
2789,4543,13,258,216343650.35,3.5
2790,1856,2,35,2174406295.82,28.0
2791,2204,14,167,267333324.12,3.5
2792,2426,15,200,1198347879.83,17.5
2793,1515,4,47,365280974.47,5.0
2794,4957,4,314,182955970.06,2.5
2795,3634,7,215,329209681.24,4.5
2796,2475,3,334,644015165.29,9.9
2797,4433,15,151,275552081.16,3.5
2798,3910,7,307,183208190.29,3.0
2799,664,12,339,835468570.51,13.5
2800,2310,12,146,972661776.95,13.5
2801,1400,9,27,312491334.8,5.4
2802,3973,11,243,202096372.99,3.0
2803,3184,2,224,1040787979.19,17.5
2804,4234,5,191,275152822.67,5.0
2805,4184,3,223,235385465.06,3.3
2806,3185,4,238,1316786316.31,20.0
2807,4140,5,111,339761796.75,5.0
2808,2242,5,180,217305527.68,2.5
2809,1926,12,241,533078539.47,9.0
2810,1475,12,200,288418646.62,4.5
2811,3083,8,350,691806872.09,10.5
2812,4801,10,287,196287844.69,3.0
2813,4773,12,138,1763462312.29,22.5
2814,3560,4,202,476057263.82,7.5
2815,1142,8,136,228501039.19,3.5
2816,2320,1,360,109572311.09,1.5
2817,3694,15,151,558926676.51,10.5
2818,1295,4,20,430591519.77,7.5
2819,3504,12,206,952443905.99,13.5
2820,3848,7,142,213787477.77,3.0
2821,4476,7,285,86807536.54,1.5
2822,1809,2,216,744593626.71,10.5
2823,2561,8,59,457627178.2,7.0
2824,2169,2,341,980522011.58,17.5
2825,865,2,109,191505497.69,3.5
2826,2523,6,315,2286260049.81,33.6
2827,1991,9,175,136006708.55,1.8
2828,25,15,363,1162945157.02,17.5
2829,391,3,256,210984773.94,3.3
2830,4951,4,94,510805671.68,7.5
2831,2709,14,250,241103241.41,3.5
2832,3136,3,203,235620146.32,3.3
2833,3386,11,142,2163339269.27,30.0
2834,3642,2,32,210956151.87,3.5
2835,3505,2,139,935924040.09,17.5
2836,523,14,189,272128474.56,3.5
2837,854,15,106,748249907.0,10.5
2838,1639,3,87,1743916703.85,26.4
2839,1875,5,343,393369457.99,7.5
2840,2237,13,155,2831126850.45,35.0
2841,3797,6,184,510000820.65,8.4
2842,3831,15,38,399752207.45,7.0
2843,4887,12,130,1589405794.67,22.5
2844,1499,11,208,765879742.49,9.0
2845,3592,3,144,1265891110.97,16.5
2846,1432,3,216,1120867101.99,16.5
2847,3587,14,101,215614779.45,3.5
2848,3294,14,217,2239565737.19,28.0
2849,4858,14,316,209537748.12,3.5
2850,2212,9,100,375886663.51,5.4
2851,1947,6,88,357386030.16,4.2
2852,4275,15,109,243476380.67,3.5
2853,3185,12,43,518589644.26,9.0
2854,1023,8,70,237759180.78,3.5
2855,1607,12,237,653008229.67,9.0
2856,1148,9,228,511400645.09,9.0
2857,3767,15,260,1202958097.37,17.5
2858,4744,8,224,434795647.67,7.0
2859,300,5,145,1247200597.58,25.0
2860,3823,9,166,424102806.91,5.4
2861,4957,14,351,440180924.9,7.0
2862,4921,7,244,544454378.51,7.5
2863,1204,1,300,92409311.15,1.5
2864,3223,1,335,93000518.59,1.5
2865,4693,13,304,634659024.64,10.5
2866,1106,10,147,291015449.61,4.5
2867,3090,15,354,2115252294.42,35.0
2868,374,2,49,1213289525.75,17.5
2869,670,3,160,212687071.29,3.3
2870,4283,6,140,966795362.57,12.6
2871,4983,8,124,208655703.59,3.5
2872,2810,11,263,375908057.47,6.0
2873,288,15,302,656653328.49,10.5
2874,495,15,165,2088888066.42,35.0
2875,3611,6,78,280705948.23,4.2
2876,3301,11,14,2102399388.77,30.0
2877,889,14,82,623045753.05,10.5
2878,2266,1,343,90379340.97,1.5
2879,3444,13,307,1837450711.91,28.0
2880,2473,3,262,601465007.26,9.9
2881,1803,15,260,400579499.49,7.0
2882,4768,8,247,440041170.55,7.0
2883,3432,12,160,1431876915.97,22.5
2884,2306,9,209,374977552.71,5.4
2885,2177,15,244,217738778.09,3.5
2886,2427,13,47,1054475343.79,17.5
2887,2640,1,52,514324876.14,7.5
2888,129,4,290,329463622.44,5.0
2889,2989,1,215,585369513.48,7.5
2890,2174,7,190,194046049.05,3.0
2891,4301,4,8,156791152.45,2.5
2892,2259,6,94,697928346.92,12.6
2893,3574,6,312,262999352.96,4.2
2894,1329,13,279,437129252.43,7.0
2895,1646,15,253,467519809.25,7.0
2896,4844,8,121,168441164.65,3.5
2897,3753,10,169,170827281.58,3.0
2898,4836,3,60,1498736982.03,26.4
2899,1664,10,350,96113201.17,1.5
2900,4182,10,268,96453273.89,1.5
2901,4190,15,230,376892546.54,7.0
2902,1147,13,263,1236525095.9,17.5
2903,385,10,329,868565772.12,15.0
2904,3249,15,191,217797601.27,3.5
2905,4110,14,8,530604743.28,7.0
2906,2517,11,260,133447538.51,3.0
2907,2249,7,363,169397037.73,3.0
2908,3131,3,348,199244857.54,3.3
2909,4936,10,16,112603675.77,1.5
2910,4436,10,59,89538351.45,1.5
2911,3401,6,204,3071286588.15,42.0
2912,1970,7,291,473876412.93,7.5
2913,1679,6,178,248283002.61,4.2
2914,1739,1,59,175404696.64,3.0
2915,4236,1,130,101196371.56,1.5
2916,1352,5,263,492647803.01,7.5
2917,4666,15,174,734145985.02,10.5
2918,4434,1,323,147392854.41,3.0
2919,4539,13,149,651588540.28,10.5
2920,1032,6,164,543225083.96,8.4
2921,318,15,313,461512808.19,7.0
2922,1107,11,330,2090968639.14,30.0
2923,3781,3,208,182661703.07,3.3
2924,2037,6,327,1288220954.4,21.0
2925,3413,12,274,324920299.39,4.5
2926,3307,1,308,182356112.86,3.0
2927,2928,9,3,298804551.54,5.4
2928,4947,2,309,598233910.38,10.5
2929,3683,10,18,631822195.48,12.0
2930,1194,6,101,1374223550.38,21.0
2931,4308,3,303,181897317.3,3.3
2932,1951,5,145,343664502.64,5.0
2933,4338,1,152,488941423.69,7.5
2934,1681,12,157,306459190.7,4.5
2935,177,8,141,621236121.38,10.5
2936,416,10,31,261550339.92,4.5
2937,2087,15,246,997737895.21,17.5
2938,1707,12,129,1374762085.72,22.5
2939,698,12,329,296859129.44,4.5
2940,4624,2,313,871816307.56,10.5
2941,2392,2,125,639305864.34,10.5
2942,74,9,178,341617493.39,5.4
2943,2643,1,26,254599177.91,4.5
2944,2427,5,62,1392999097.26,20.0
2945,704,9,226,604788138.6,9.0
2946,881,9,234,363134687.16,5.4
2947,1221,6,252,260745339.52,4.2
2948,602,12,23,2465120181.04,45.0
2949,2010,4,302,1683268211.42,25.0
2950,2555,12,288,2213603455.44,36.0
2951,1932,11,303,884688742.28,15.0
2952,732,5,79,165672332.41,2.5
2953,2033,11,236,543135264.93,9.0
2954,4308,10,363,918935666.57,15.0
2955,2273,1,192,502364361.93,7.5
2956,2735,2,293,1144402688.9,17.5
2957,3154,2,74,696204421.32,10.5
2958,3073,7,306,830433241.93,12.0
2959,2411,5,62,190086072.26,2.5
2960,3077,12,171,346785073.87,4.5
2961,2225,1,288,103869535.5,1.5
2962,1581,13,331,2261361820.43,35.0
2963,3463,6,284,290147021.92,4.2
2964,2209,12,199,252115071.0,4.5
2965,3556,5,285,141422329.27,2.5
2966,987,3,212,1061686864.12,16.5
2967,558,2,196,791148019.2,10.5
2968,1723,10,249,520253606.91,7.5
2969,1671,15,290,453596730.31,7.0
2970,1480,10,184,105577789.79,1.5
2971,1894,2,92,472435707.95,7.0
2972,1967,15,33,2431805119.85,35.0
2973,719,10,182,850016921.25,15.0
2974,3120,9,38,108050074.48,1.8
2975,1048,10,79,81924785.35,1.5
2976,3202,8,208,2652254052.4,35.0
2977,1910,15,325,730089856.31,10.5
2978,1064,3,314,1845029478.98,26.4
2979,1356,12,164,2168654168.63,36.0
2980,916,2,194,1349591860.6,17.5
2981,3030,14,34,262440308.42,3.5
2982,1409,4,130,462953989.99,7.5
2983,545,14,57,640874272.05,10.5
2984,3021,6,328,2474215569.66,33.6
2985,3963,5,314,1640131462.01,20.0
2986,763,15,89,272033920.0,3.5
2987,1231,13,180,520398763.51,7.0
2988,288,1,325,88125200.18,1.5
2989,454,2,103,993233991.89,17.5
2990,3886,5,204,163121166.66,2.5
2991,4531,10,302,89127569.46,1.5
2992,1833,15,92,681738644.39,10.5
2993,2024,3,81,400645748.16,6.6
2994,4546,5,239,839026747.53,12.5
2995,4424,13,168,713453354.2,10.5
2996,4296,3,152,369931668.03,6.6
2997,4264,4,349,154061938.37,2.5
2998,1412,8,211,1118266571.03,17.5
2999,2698,9,228,1347472640.3,18.0
3000,1042,15,205,881924503.14,10.5
3001,612,3,222,166838651.21,3.3
3002,2821,5,6,609015390.93,7.5
3003,4579,15,247,504875033.72,7.0
3004,1107,2,235,2332715928.51,35.0
3005,2295,2,302,1957128639.19,28.0
3006,268,14,205,423758375.47,7.0
3007,3040,8,88,1174560670.52,17.5
3008,4605,12,73,869474004.53,13.5
3009,4279,11,109,1493580995.9,24.0
3010,261,14,249,425651764.22,7.0
3011,1923,2,279,402401177.26,7.0
3012,687,14,230,524850391.7,7.0
3013,3932,12,75,629428633.13,9.0
3014,527,4,58,318231404.31,5.0
3015,4232,10,173,82941191.56,1.5
3016,1897,3,36,1749546614.12,26.4
3017,3468,2,285,1783569293.52,28.0
3018,2336,9,197,209252010.67,3.6
3019,3572,11,258,1111939061.98,15.0
3020,4624,15,312,1088015184.62,17.5
3021,263,12,113,2182507484.95,36.0
3022,4920,12,342,1038313313.57,13.5
3023,4769,11,119,212881364.12,3.0
3024,2525,13,11,2921706151.48,35.0
3025,4728,9,209,352005786.7,5.4
3026,1630,9,135,1165219170.47,18.0
3027,1814,3,305,1801024492.67,26.4
3028,3648,4,192,1598176057.03,25.0
3029,1302,4,43,1762118350.78,25.0
3030,2831,12,251,575809709.62,9.0
3031,802,5,121,173379428.19,2.5
3032,4238,10,325,709992973.3,12.0
3033,1470,3,56,2610674618.43,33.0
3034,3779,11,265,191243723.33,3.0
3035,4642,14,75,481423666.21,7.0
3036,1725,13,69,481331140.5,7.0
3037,21,1,216,181973416.5,3.0
3038,3337,5,264,308825201.54,5.0
3039,2238,11,170,455867875.71,6.0
3040,1963,1,14,761346667.3,12.0
3041,1856,9,41,224304266.51,3.6
3042,819,8,222,1835511700.01,35.0
3043,3488,2,189,447904310.37,7.0
3044,4716,3,163,257105720.28,3.3
3045,3192,10,243,159788166.2,3.0
3046,1023,13,198,1957913486.42,35.0
3047,2698,12,51,895610304.88,13.5
3048,3082,10,118,162097481.57,3.0
3049,4704,7,175,491891146.14,7.5
3050,2459,1,301,342795477.63,4.5
3051,1517,12,138,261473882.34,4.5
3052,520,3,264,628510155.88,9.9
3053,546,5,57,497853022.98,7.5
3054,3530,1,40,202100742.65,3.0
3055,2158,6,363,483018868.08,8.4
3056,2477,14,215,1076831647.61,17.5
3057,2416,3,233,2044273306.31,33.0
3058,4996,14,332,795353467.25,10.5
3059,2489,15,96,239515657.52,3.5
3060,3513,10,151,211039679.38,3.0
3061,4368,8,123,270420465.98,3.5
3062,1070,15,328,500772955.94,7.0
3063,4381,4,224,369195600.1,7.5
3064,3415,9,214,84588732.13,1.8
3065,134,11,273,2332787617.83,30.0
3066,3350,9,132,910863931.45,14.4
3067,1610,11,254,181662678.09,3.0
3068,4057,8,43,2969104632.91,35.0
3069,4223,5,195,578769392.95,12.5
3070,1419,13,189,478082686.29,7.0
3071,3792,11,74,359445491.8,6.0
3072,3789,10,305,206911815.16,3.0
3073,2551,6,119,318894396.21,4.2
3074,4039,5,237,377318294.55,5.0
3075,1628,3,337,1471543171.38,16.5
3076,4592,15,272,491549038.13,7.0
3077,1573,4,6,1539959465.3,25.0
3078,2994,8,156,2037444843.05,28.0
3079,3344,7,218,171992367.16,3.0
3080,318,12,74,1287652891.1,22.5
3081,2578,13,123,2287661772.41,35.0
3082,711,10,317,825069235.74,15.0
3083,2600,4,110,1361578442.26,20.0
3084,937,9,285,254174620.36,3.6
3085,1975,10,245,771286722.62,12.0
3086,4317,9,351,307500355.38,5.4
3087,3050,6,241,254377609.14,4.2
3088,1806,10,205,166650522.84,3.0
3089,4350,9,252,540621243.25,9.0
3090,1272,7,358,908464893.69,15.0
3091,3850,9,97,184298082.64,3.6
3092,1708,1,116,334044346.19,4.5
3093,2698,12,136,2822646325.07,45.0
3094,3049,12,306,1448398196.33,22.5
3095,1436,11,98,682522054.62,9.0
3096,2576,7,130,209945790.94,3.0
3097,3869,10,362,108579472.02,1.5
3098,4519,3,133,237847930.25,3.3
3099,4991,15,278,372924722.47,7.0
3100,2519,1,88,266073420.14,4.5
3101,3105,11,329,532772237.37,9.0
3102,2027,2,194,1995693044.59,28.0
3103,536,11,332,218838170.13,3.0
3104,2529,13,6,229998351.92,3.5
3105,582,6,29,327239499.26,4.2
3106,2697,14,339,1783714968.26,28.0
3107,3839,9,285,278257713.51,3.6
3108,708,11,64,1655981361.03,30.0
3109,2875,8,227,441576028.04,7.0
3110,2397,5,59,330605262.22,5.0
3111,4894,2,207,1980783449.71,28.0
3112,730,2,168,1043027931.01,17.5
3113,1778,5,184,330144208.6,5.0
3114,3007,15,348,1261318582.23,17.5
3115,4647,11,361,482143146.82,9.0
3116,1590,1,281,275122114.94,4.5
3117,868,3,65,357185322.81,6.6
3118,3286,15,178,1907350633.64,28.0
3119,3999,15,321,391282415.3,7.0
3120,1168,11,27,339798503.66,6.0
3121,3008,12,287,1773034414.47,22.5
3122,3906,14,103,221705827.26,3.5
3123,1849,12,181,298914620.39,4.5
3124,3447,12,42,1958241835.45,36.0
3125,2748,1,164,78867552.02,1.5
3126,372,10,156,329705396.42,4.5
3127,2029,12,221,277245203.66,4.5
3128,2139,6,362,825008682.07,12.6
3129,4123,15,246,453369587.95,7.0
3130,1786,4,264,180162748.65,2.5
3131,702,7,288,87098163.64,1.5
3132,2486,2,255,191855814.31,3.5
3133,1350,2,101,2170486958.0,35.0
3134,1561,4,125,132469221.15,2.5
3135,2479,4,147,1347044903.23,20.0
3136,1346,11,358,406070411.43,6.0
3137,1079,15,292,221376968.64,3.5
3138,2395,5,308,286427020.93,5.0
3139,2406,4,247,636023575.96,7.5
3140,3846,1,359,212365999.89,3.0
3141,4281,6,179,897653020.25,12.6
3142,2373,1,33,224920610.4,3.0
3143,2667,10,273,95847974.62,1.5
3144,886,13,226,238556973.51,3.5
3145,4326,3,2,837265592.68,16.5
3146,4570,12,299,455347659.66,9.0
3147,1966,10,15,90030153.14,1.5
3148,2666,9,233,336104669.96,5.4
3149,26,2,230,1665863303.82,28.0
3150,159,9,309,122424230.36,1.8
3151,2314,7,324,432250940.55,7.5
3152,2665,8,130,310200890.01,3.5
3153,3262,12,212,331675654.2,4.5
3154,4027,9,141,557118482.57,9.0
3155,4749,8,200,494340947.14,7.0
3156,1878,2,137,1872229948.17,35.0
3157,271,11,349,201294654.11,3.0
3158,2982,14,126,441782821.14,7.0
3159,448,8,322,414993133.43,7.0
3160,1320,8,243,1204698452.59,17.5
3161,563,2,220,451692448.09,7.0
3162,1430,1,175,213446611.65,3.0
3163,4736,12,138,2657450097.2,45.0
3164,3468,2,59,449966200.25,7.0
3165,3041,15,365,1029871584.68,17.5
3166,2134,8,165,758677804.34,10.5
3167,1868,13,84,483717790.7,7.0
3168,2160,4,311,157106757.31,2.5
3169,4410,14,136,696387592.93,10.5
3170,2226,12,349,258842470.32,4.5
3171,4130,15,268,1173154257.1,17.5
3172,3200,12,110,689477859.8,9.0
3173,1159,3,203,1323861170.86,16.5
3174,1631,14,31,230100357.09,3.5
3175,4344,8,110,326926175.64,7.0
3176,4306,5,77,385092123.48,7.5
3177,1454,5,256,367201711.77,5.0
3178,3073,12,164,1116878109.21,22.5
3179,2775,11,360,992005123.19,15.0
3180,4,12,329,274889664.96,4.5
3181,3249,3,275,186303153.23,3.3
3182,2681,9,228,1093708289.49,14.4
3183,2066,5,282,790103783.64,12.5
3184,633,9,253,123780513.05,1.8
3185,768,12,83,1491285109.6,22.5
3186,1990,1,188,747264265.23,12.0
3187,1790,8,263,208852683.21,3.5
3188,4638,7,257,237459575.76,4.5
3189,2458,14,265,244165882.2,3.5
3190,4682,3,302,1484852940.33,26.4
3191,3177,2,312,971141681.21,17.5
3192,4941,3,251,231349085.48,3.3
3193,1751,9,184,248568741.59,3.6
3194,2304,5,130,528860866.54,7.5
3195,4358,15,198,279462865.76,3.5
3196,4626,7,249,985584755.02,15.0
3197,4484,12,267,968640546.12,13.5
3198,558,15,100,2145306567.2,28.0
3199,2284,13,39,443287265.5,7.0
3200,4386,3,314,194303592.37,3.3
3201,3576,6,165,482877066.22,8.4
3202,3707,2,247,470753509.16,7.0
3203,2942,13,169,464893033.95,7.0
3204,3845,12,89,271247553.99,4.5
3205,60,7,174,1048779619.23,15.0
3206,1807,12,360,482373930.29,9.0
3207,2571,6,300,482818606.04,8.4
3208,2450,10,311,175455812.1,3.0
3209,3771,3,337,235809632.49,3.3
3210,106,7,306,780315860.51,12.0
3211,4734,12,293,270649081.79,4.5
3212,3893,6,257,238346582.65,4.2
3213,3049,1,357,682848839.1,12.0
3214,2645,8,221,233186672.81,3.5
3215,858,7,365,86864294.67,1.5
3216,1559,6,261,253183874.16,4.2
3217,2230,1,156,97875022.36,1.5
3218,4124,12,81,496893985.23,9.0
3219,2682,15,61,1499575284.47,28.0
3220,3453,14,96,1057017702.75,17.5
3221,695,9,298,341580568.89,5.4
3222,2004,12,245,745178360.1,13.5
3223,508,7,278,821215479.64,12.0
3224,2752,12,189,866433280.16,13.5
3225,4584,9,170,125742668.09,1.8
3226,4749,4,354,538362852.84,7.5
3227,4037,14,41,214530443.22,3.5
3228,4820,9,155,298637471.5,5.4
3229,4658,11,255,616577557.31,9.0
3230,4175,11,81,188205058.2,3.0
3231,1063,4,229,625229030.49,12.5
3232,2022,12,184,588041937.66,9.0
3233,3811,5,103,175019301.17,2.5
3234,716,13,199,445600370.02,7.0
3235,392,11,12,370986685.27,6.0
3236,4405,4,294,221332740.74,5.0
3237,1633,15,190,375674899.2,7.0
3238,2800,7,280,82237249.92,1.5
3239,4823,1,71,196638677.14,3.0
3240,4362,12,152,546982809.08,9.0
3241,4889,4,289,175951779.66,2.5
3242,2793,13,59,732193361.31,10.5
3243,2019,11,21,1832827614.6,30.0
3244,4636,6,73,596137076.02,8.4
3245,2524,4,72,298530161.1,5.0
3246,4424,12,252,2965485665.98,45.0
3247,1559,6,121,2343543448.54,42.0
3248,1743,5,325,768560506.73,12.5
3249,1977,14,108,595547508.25,10.5
3250,3459,9,74,1108262436.49,18.0
3251,2449,8,285,217404717.07,3.5
3252,2621,9,99,386740635.62,5.4
3253,1324,3,173,217462317.01,3.3
3254,1861,10,138,204392682.25,3.0
3255,3390,8,262,542395864.76,7.0
3256,1328,7,80,825438846.42,15.0
3257,2696,11,77,802410426.37,15.0
3258,1100,15,130,1722347803.34,28.0
3259,1627,11,316,259561780.7,3.0
3260,2493,11,90,366560318.0,6.0
3261,1672,3,345,1127920880.97,16.5
3262,1489,10,114,197170275.59,3.0
3263,930,13,222,1098628046.54,17.5
3264,428,6,310,320208549.06,4.2
3265,3713,11,347,1332843195.51,24.0
3266,4872,8,195,1142115408.85,17.5
3267,2490,15,311,215921803.07,3.5
3268,1642,9,154,212910499.66,3.6
3269,4217,8,339,424170920.42,7.0
3270,1397,2,266,736859012.41,10.5
3271,2950,3,14,182176766.84,3.3
3272,1281,11,138,178848074.6,3.0
3273,567,14,295,1114397878.62,17.5
3274,1013,10,131,167522774.29,3.0
3275,4295,5,156,1705362169.96,25.0
3276,859,9,233,115650626.45,1.8
3277,4048,8,235,2250088448.51,35.0
3278,4951,7,327,556560415.37,7.5
3279,4528,11,94,194638064.42,3.0
3280,1033,13,178,1031892079.47,17.5
3281,3604,15,114,1170262072.78,17.5
3282,2361,3,129,226614750.57,3.3
3283,1916,15,115,1438859608.72,28.0
3284,3021,9,341,339123331.51,5.4
3285,2816,14,7,199688037.32,3.5
3286,3581,15,304,458741216.61,7.0
3287,2040,4,285,894448041.81,12.5
3288,758,14,319,725558224.46,10.5
3289,2906,2,149,2387834176.0,35.0
3290,4611,9,64,718576490.17,9.0
3291,1111,11,211,175141713.45,3.0
3292,1849,15,322,898116554.25,17.5
3293,472,2,40,233851084.56,3.5
3294,1354,13,59,217359352.6,3.5
3295,2468,7,171,106177488.92,1.5
3296,4870,1,13,561594515.65,7.5
3297,3905,10,58,313566194.79,4.5
3298,2938,8,254,263450094.25,3.5
3299,655,12,182,2693131272.63,36.0
3300,3298,11,91,562312361.04,9.0
3301,4912,12,29,1333209925.81,22.5
3302,2542,14,140,238804584.85,3.5
3303,592,7,310,848252458.47,12.0
3304,3628,6,58,1932801577.61,33.6
3305,3232,15,220,185040831.34,3.5
3306,4180,2,158,229206208.32,3.5
3307,5000,7,284,84008827.21,1.5
3308,1145,9,7,705951372.11,9.0
3309,3153,7,64,908278399.27,12.0
3310,4234,9,18,856372935.66,14.4
3311,4601,14,88,678891472.22,10.5
3312,3769,11,256,221981972.4,3.0
3313,2613,3,253,1008518181.58,16.5
3314,545,2,186,697024028.74,10.5
3315,1767,9,322,1245262885.97,18.0
3316,145,14,257,681207793.97,10.5
3317,1311,15,281,1159029705.26,17.5
3318,587,14,9,1971756806.13,35.0
3319,4458,13,361,1069864152.04,17.5
3320,4459,7,183,408139617.41,7.5
3321,4213,1,364,96830889.19,1.5
3322,4509,5,351,334578244.46,5.0
3323,2290,3,138,196091664.44,3.3
3324,905,11,10,176241320.46,3.0
3325,1555,1,72,106998450.51,1.5
3326,3051,9,15,241849349.9,5.4
3327,1971,15,257,2535438377.99,35.0
3328,4466,3,23,235076948.85,3.3
3329,3144,15,245,724672535.47,10.5
3330,4837,13,193,583188292.96,7.0
3331,527,13,225,642162310.19,10.5
3332,1328,10,91,290713781.47,4.5
3333,4372,2,280,245407559.02,3.5
3334,4682,5,64,816333567.59,12.5
3335,2402,3,32,366525715.51,6.6
3336,664,15,141,231393207.98,3.5
3337,2334,7,179,100550093.69,1.5
3338,1831,7,286,91470231.43,1.5
3339,1986,7,174,195268249.95,3.0
3340,2992,7,189,839858005.85,12.0
3341,2859,12,146,2101384649.11,36.0
3342,2879,7,98,356821442.99,4.5
3343,4005,8,172,464050816.68,7.0
3344,1625,3,112,199072602.14,3.3
3345,2700,1,104,100172971.02,1.5
3346,833,10,262,476246353.93,7.5
3347,1692,1,34,1134167145.18,15.0
3348,3535,7,261,756317750.07,12.0
3349,2100,8,43,217708376.19,3.5
3350,2380,12,113,565182226.19,9.0
3351,3010,6,46,1517669358.48,21.0
3352,1827,8,256,377513494.21,7.0
3353,3864,14,160,261030066.09,3.5
3354,3184,13,208,354739295.54,7.0
3355,259,9,289,248902994.07,3.6
3356,4357,13,37,194855271.22,3.5
3357,766,10,302,209073164.68,3.0
3358,1067,9,322,116122925.62,1.8
3359,3023,11,211,847291226.76,15.0
3360,1878,8,56,311120246.03,7.0
3361,1782,13,52,471415970.77,7.0
3362,4935,13,292,250882842.48,3.5
3363,509,11,102,824282897.08,15.0
3364,1435,13,196,2104721730.03,35.0
3365,541,2,268,2755937535.21,35.0
3366,3164,3,273,1094533049.58,16.5
3367,2485,5,179,588469329.06,12.5
3368,963,4,166,374101700.08,5.0
3369,2932,2,278,742386794.92,10.5
3370,4229,3,183,445645313.53,9.9
3371,1206,1,65,515210846.92,7.5
3372,4525,13,116,520872437.61,7.0
3373,2909,8,176,227230008.79,3.5
3374,638,7,158,779018671.58,12.0
3375,2527,12,104,2444036652.57,45.0
3376,951,1,104,995403825.42,15.0
3377,4250,15,149,723039137.84,10.5
3378,4753,14,153,1904119456.17,28.0
3379,513,12,12,328324365.02,4.5
3380,2975,15,41,1084331176.53,17.5
3381,2133,9,290,213503199.96,3.6
3382,2548,8,364,599763611.19,10.5
3383,3945,13,347,496160373.26,7.0
3384,2733,1,44,763315913.29,12.0
3385,3288,13,178,491249654.01,7.0
3386,859,6,44,267353866.88,4.2
3387,4686,8,282,481217583.7,7.0
3388,3696,5,163,406873333.71,7.5
3389,4903,7,126,213065694.21,3.0
3390,251,7,347,118433925.99,1.5
3391,311,3,273,412805409.85,6.6
3392,159,7,239,516055961.3,7.5
3393,2635,14,306,206107666.89,3.5
3394,4921,13,59,524680108.92,10.5
3395,4710,12,280,2924009634.92,45.0
3396,2994,3,183,1216681518.72,16.5
3397,4172,7,119,353431278.41,4.5
3398,516,12,139,300978682.96,4.5
3399,779,11,43,383230001.04,6.0
3400,3268,6,108,313316257.35,4.2
3401,3982,3,236,517418518.61,6.6
3402,435,4,126,117513262.41,2.5
3403,4004,3,12,638700296.99,9.9
3404,433,7,348,101404056.73,1.5
3405,740,4,3,830361168.72,12.5
3406,1467,1,14,327148358.93,4.5
3407,4695,12,161,625890538.81,9.0
3408,2685,13,90,2533291397.42,35.0
3409,2950,2,361,574082139.47,10.5
3410,3914,12,83,280175928.45,4.5
3411,3774,9,84,124498065.43,1.8
3412,3992,11,133,474083860.34,6.0
3413,717,3,303,1499316452.35,26.4
3414,313,7,30,365096422.65,4.5
3415,4765,10,131,102256034.04,1.5
3416,4540,3,105,1095552657.17,16.5
3417,4200,5,183,822639433.63,12.5
3418,3894,6,27,254962423.35,4.2
3419,3950,11,251,205209874.95,3.0
3420,2576,11,133,445126142.03,6.0
3421,3712,13,302,368044038.39,7.0
3422,2936,14,335,432014274.04,7.0
3423,3104,4,50,1049497725.62,12.5
3424,2533,1,243,619179095.92,7.5
3425,4864,9,338,1076868823.81,18.0
3426,1817,2,301,1233688061.32,17.5
3427,932,5,79,298333137.37,5.0
3428,947,8,83,221239901.85,3.5
3429,3213,1,234,188451861.72,3.0
3430,638,3,255,422237584.68,6.6
3431,257,2,98,2484784075.17,35.0
3432,182,5,349,1353040290.56,20.0
3433,4055,12,7,537043196.14,9.0
3434,4841,8,30,381636787.57,7.0
3435,3413,14,278,261393498.95,3.5
3436,688,13,211,253995237.87,3.5
3437,186,9,203,397794063.86,5.4
3438,3167,7,261,77855013.1,1.5
3439,2646,11,358,474789277.66,9.0
3440,799,12,286,610045135.34,9.0
3441,966,13,68,228223232.71,3.5
3442,780,9,194,101045924.84,1.8
3443,2986,14,89,2802051728.02,35.0
3444,2920,1,179,93594627.19,1.5
3445,2840,7,84,205064204.87,3.0
3446,4005,7,21,173938875.01,3.0
3447,683,13,298,1061287264.15,17.5
3448,3980,2,320,250450118.81,3.5
3449,129,12,146,2825915051.77,45.0
3450,1925,2,94,193924583.99,3.5
3451,795,3,194,244048186.33,3.3
3452,2987,2,32,237456476.21,3.5
3453,3348,9,139,329159414.91,3.6
3454,3632,8,176,306926879.25,7.0
3455,2101,2,118,211844223.63,3.5
3456,4850,10,260,1087021820.05,15.0
3457,3345,14,322,448618129.86,7.0
3458,2532,10,191,94635861.12,1.5
3459,1080,5,26,160011833.16,2.5
3460,2141,7,347,89463030.55,1.5
3461,134,2,350,782076134.49,10.5
3462,587,6,280,1204387448.19,21.0
3463,1528,7,285,201965574.27,3.0
3464,685,7,328,245423948.64,3.0
3465,2087,5,327,292346283.46,5.0
3466,4358,6,85,592869621.43,8.4
3467,1623,8,310,238464693.68,3.5
3468,2973,4,110,1340992068.14,25.0
3469,3723,2,117,348339737.05,7.0
3470,4386,14,161,2006529662.79,35.0
3471,594,13,260,1183101753.16,17.5
3472,3207,5,229,211117228.93,2.5
3473,1908,2,174,1555868349.24,28.0
3474,2334,3,264,509721161.7,6.6
3475,1095,13,252,1007042144.75,17.5
3476,4748,8,138,619571288.67,10.5
3477,4217,11,298,1354438317.15,15.0
3478,1383,13,299,386094072.64,7.0
3479,1528,12,121,252566925.88,4.5
3480,1099,13,34,2863545541.41,35.0
3481,3262,10,147,535387406.89,7.5
3482,2714,5,167,1087510208.53,20.0
3483,4876,5,307,144280890.45,2.5
3484,788,10,364,477566012.81,7.5
3485,833,4,22,789911154.19,12.5
3486,2165,8,140,195036601.05,3.5
3487,3656,1,246,103608225.97,1.5
3488,3060,14,322,843094240.85,10.5
3489,4134,11,324,1297780225.55,24.0
3490,4979,7,151,113293109.86,1.5
3491,955,7,223,402137756.27,7.5
3492,2790,7,80,110380179.77,1.5
3493,2112,9,38,1288164329.77,18.0
3494,115,12,38,1003095363.76,13.5
3495,1589,10,342,99513857.78,1.5
3496,3109,4,77,159941763.64,2.5
3497,4024,4,265,868006951.66,12.5
3498,1829,5,116,355015633.27,5.0
3499,4266,4,1,195584906.32,2.5
3500,181,11,36,586819459.84,9.0
3501,724,6,258,486533688.74,8.4
3502,1290,10,25,1162119456.79,15.0
3503,4695,5,346,477501678.7,7.5
3504,2384,1,293,96481919.7,1.5
3505,166,2,51,282898142.21,3.5
3506,1384,15,60,1295829195.18,17.5
3507,2836,2,334,200627226.55,3.5
3508,820,7,329,290934997.34,4.5
3509,1131,6,78,260738378.18,4.2
3510,993,1,24,299912063.26,4.5
3511,4527,5,34,761261647.28,12.5
3512,3483,14,40,360312072.07,7.0
3513,797,2,291,433879351.95,7.0
3514,4012,1,20,83305432.15,1.5
3515,3890,2,68,1071469763.9,17.5
3516,873,10,328,190660743.31,3.0
3517,3897,9,126,226146297.53,3.6
3518,973,1,124,209311795.2,3.0
3519,208,1,65,450922211.24,7.5
3520,1791,14,296,307865284.2,7.0
3521,3788,2,226,662470990.11,10.5
3522,85,10,195,199721646.96,3.0
3523,699,9,163,371855114.69,5.4
3524,3368,4,218,169180586.36,2.5
3525,4067,15,121,2384239929.29,35.0
3526,2362,9,92,317829394.62,5.4
3527,4203,12,240,1996620496.77,36.0
3528,2144,4,299,161441276.18,2.5
3529,206,15,355,1055341784.09,17.5
3530,1341,10,4,541514834.15,7.5
3531,4518,12,183,593184416.35,9.0
3532,2209,4,253,148341559.4,2.5
3533,1426,14,335,338754108.74,7.0
3534,392,1,76,452147908.57,7.5
3535,4910,8,192,755394446.14,10.5
3536,4668,7,91,96076136.67,1.5
3537,3754,9,320,126922422.7,1.8
3538,2726,3,246,300366949.85,6.6
3539,1832,12,302,2253901969.61,36.0
3540,2168,6,250,282741250.71,4.2
3541,4185,5,176,773177350.33,12.5
3542,2798,2,41,2560961546.61,35.0
3543,4840,4,249,1536035859.48,25.0
3544,3297,12,19,322546329.38,4.5
3545,2318,2,250,385692665.58,7.0
3546,93,13,274,1040915764.81,17.5
3547,1352,6,229,1975120517.58,42.0
3548,323,14,15,540160027.88,7.0
3549,3402,10,118,298211202.28,4.5
3550,296,9,128,195580745.76,3.6
3551,2060,11,83,312521384.48,6.0
3552,1037,14,304,1181122585.64,17.5
3553,349,13,263,2165504958.57,28.0
3554,1800,11,247,558974120.0,9.0
3555,759,11,324,1397625574.64,24.0
3556,3680,11,345,593686357.8,9.0
3557,1692,12,187,2207216171.45,36.0
3558,4071,12,185,548124461.69,9.0
3559,3448,6,26,904662071.53,12.6
3560,1804,2,310,461630119.65,7.0
3561,660,13,102,798902930.54,10.5
3562,380,13,237,603281439.88,10.5
3563,2145,6,94,451531552.32,8.4
3564,2656,15,88,580751520.72,10.5
3565,211,15,32,1283880357.41,17.5
3566,3843,14,95,202059868.68,3.5
3567,2764,12,58,1502009642.45,22.5
3568,1100,9,268,228096611.77,3.6
3569,1356,10,244,281797577.25,4.5
3570,850,12,364,972474048.24,13.5
3571,3858,5,172,276917524.24,5.0
3572,1978,13,22,164318729.21,3.5
3573,4331,11,318,206993713.21,3.0
3574,334,2,253,438073585.15,7.0
3575,3032,1,193,377961964.15,7.5
3576,4119,12,333,769480427.44,13.5
3577,4428,1,153,688605118.21,12.0
3578,2482,11,194,459435689.81,6.0
3579,2156,13,49,241935484.57,3.5
3580,176,1,336,256823433.49,4.5
3581,4403,11,163,176124390.52,3.0
3582,4444,13,206,886743747.47,10.5
3583,610,4,129,191910870.6,2.5
3584,4836,2,89,227691198.45,3.5
3585,4299,5,6,1577239913.57,25.0
3586,3376,10,254,764228980.76,12.0
3587,2595,2,290,1141752637.71,17.5
3588,3995,2,106,220118068.67,3.5
3589,2736,11,148,197248855.03,3.0
3590,4930,8,299,424565813.11,7.0
3591,3200,10,180,850921121.69,12.0
3592,3795,10,85,302764721.17,4.5
3593,4170,12,45,880846997.87,13.5
3594,1554,12,10,286214942.65,4.5
3595,3470,8,221,2247144161.12,35.0
3596,76,7,299,274964937.98,4.5
3597,3381,13,195,235786444.73,3.5
3598,3376,11,104,973242038.73,15.0
3599,1921,3,296,1039956003.39,16.5
3600,4179,7,76,209960383.02,3.0
3601,4806,11,179,185003017.51,3.0
3602,1603,8,167,410187742.36,7.0
3603,1321,15,361,635121472.51,10.5
3604,3848,12,309,1313076906.52,22.5
3605,3010,12,23,313858581.37,4.5
3606,570,12,95,276094752.52,4.5
3607,3770,6,161,756758693.83,12.6
3608,2385,12,182,238282532.94,4.5
3609,4912,7,221,103007090.1,1.5
3610,5000,11,300,189801554.45,3.0
3611,1422,11,215,1139861372.73,15.0
3612,120,8,254,231428067.44,3.5
3613,3850,8,230,1885861051.08,35.0
3614,956,15,259,454081395.56,7.0
3615,3777,9,48,318841765.05,5.4
3616,1129,7,322,748107319.91,15.0
3617,1189,4,179,328381271.46,5.0
3618,2852,6,335,840451515.04,12.6
3619,3895,7,300,87956159.85,1.5
3620,1484,1,147,1040149991.43,15.0
3621,4352,12,8,592663371.38,9.0
3622,4911,9,36,254775702.91,3.6
3623,1800,3,182,208645927.33,3.3
3624,3154,6,243,241674347.67,4.2
3625,957,8,204,670039843.79,10.5
3626,1246,10,287,291923038.12,4.5
3627,2066,15,205,237902178.36,3.5
3628,3631,8,233,581725882.7,10.5
3629,1170,12,159,2285897594.54,36.0
3630,1675,11,17,364833420.18,6.0
3631,2354,1,220,322133450.25,4.5
3632,3502,3,287,203736705.45,3.3
3633,63,7,153,188952067.78,3.0
3634,1874,3,288,1138487245.42,16.5
3635,2618,15,115,541972696.23,10.5
3636,3188,6,141,467757941.98,8.4
3637,2263,4,310,306804395.24,5.0
3638,3855,15,266,2525801922.32,35.0
3639,2516,3,97,194242423.92,3.3
3640,4265,13,193,678258790.22,10.5
3641,1535,9,302,632676994.43,9.0
3642,2294,6,123,1253635277.83,21.0
3643,2601,7,201,526420221.51,7.5
3644,3605,1,147,203414373.42,3.0
3645,4353,15,144,581411333.65,10.5
3646,2515,7,226,433899036.99,7.5
3647,737,10,111,201598453.47,3.0
3648,1336,9,228,328949818.63,5.4
3649,3415,8,176,199855967.45,3.5
3650,2768,14,170,2357264571.74,35.0
3651,2303,2,269,723459709.32,10.5
3652,853,10,162,459758955.46,7.5
3653,112,5,69,1169190364.93,20.0
3654,423,6,84,967741386.08,12.6
3655,947,1,337,267298148.01,4.5
3656,2517,2,180,562078767.64,10.5
3657,1331,4,29,385364618.01,5.0
3658,2962,9,284,228753282.26,3.6
3659,3259,13,177,552018061.39,7.0
3660,1279,3,34,2144395026.93,33.0
3661,2481,8,87,2740977599.24,35.0
3662,439,12,330,2518224467.08,36.0
3663,548,6,144,2417176186.73,42.0
3664,377,4,66,171650025.31,2.5
3665,4,11,193,405214418.51,6.0
3666,1545,12,286,623123325.48,9.0
3667,4624,12,207,704853529.88,9.0
3668,2362,13,106,427762106.6,7.0
3669,3403,5,83,568352885.06,7.5
3670,3555,14,248,471919531.61,7.0
3671,2642,2,181,447298199.3,7.0
3672,4710,13,85,398270928.12,7.0
3673,4894,14,107,250437053.27,3.5
3674,2407,1,328,193250086.33,3.0
3675,2548,3,225,172489343.52,3.3
3676,762,3,314,2049549612.95,33.0
3677,30,14,125,773334547.89,10.5
3678,2751,6,64,921183306.71,12.6
3679,3614,14,324,249019704.43,3.5
3680,3463,4,43,1415611531.07,25.0
3681,185,1,79,183926536.5,3.0
3682,3966,11,296,1969993345.84,24.0
3683,1753,15,128,2460065660.92,35.0
3684,804,5,142,1353054516.82,20.0
3685,2416,11,233,521953008.35,9.0
3686,983,8,68,466075491.34,7.0
3687,909,1,180,191970889.47,3.0
3688,661,7,112,130439914.37,3.0
3689,4815,10,203,74479928.9,1.5
3690,4148,1,68,539251117.2,7.5
3691,3950,8,351,462131124.81,7.0
3692,1830,3,21,571138820.4,9.9
3693,34,11,321,705758556.59,9.0
3694,74,11,273,945317129.58,15.0
3695,3395,7,305,247526597.84,4.5
3696,3069,8,48,408296355.88,7.0
3697,2202,5,141,168284785.37,2.5
3698,927,12,233,2688096306.52,45.0
3699,1688,10,313,86564308.89,1.5
3700,2752,7,118,314095429.93,4.5
3701,3594,5,281,1444759328.61,25.0
3702,902,14,203,475612417.32,7.0
3703,4075,7,43,78610504.14,1.5
3704,2173,7,15,1033619006.98,15.0
3705,2304,1,87,96058853.12,1.5
3706,3609,3,255,910996583.04,16.5
3707,325,7,212,97945712.27,1.5
3708,3069,10,244,217380129.77,3.0
3709,2250,7,40,81440418.92,1.5
3710,816,3,192,212940597.32,3.3
3711,1118,2,165,735696936.72,10.5
3712,1886,6,228,582590843.19,8.4
3713,1493,4,131,152450599.98,2.5
3714,1601,11,150,1400698264.92,24.0
3715,332,14,36,255911081.96,3.5
3716,1201,4,39,524990723.48,7.5
3717,3935,4,134,166189577.58,2.5
3718,2109,6,307,227293401.28,4.2
3719,2675,13,253,427418604.1,7.0
3720,3648,6,281,331442147.66,4.2
3721,1713,4,17,170845888.85,2.5
3722,3468,4,156,491750706.42,7.5
3723,2851,5,150,431464440.76,7.5
3724,161,13,287,1241640766.76,17.5
3725,4096,12,322,798183094.06,13.5
3726,4059,11,14,390075205.11,6.0
3727,996,2,191,261850705.1,3.5
3728,2274,3,266,642630783.81,9.9
3729,1782,5,180,143325654.72,2.5
3730,1464,1,112,293033773.32,4.5
3731,2025,5,335,460856686.49,7.5
3732,4368,6,242,265866591.13,4.2
3733,485,10,247,537069546.8,7.5
3734,1092,14,2,233850088.25,3.5
3735,4480,11,145,364976824.0,6.0
3736,3646,4,191,153927757.45,2.5
3737,3988,10,2,365381906.62,7.5
3738,460,11,345,197716105.44,3.0
3739,4393,1,44,88281517.08,1.5
3740,3024,13,91,595247042.64,10.5
3741,1824,11,81,168287907.95,3.0
3742,2395,11,323,413504513.12,6.0
3743,802,11,220,666171285.81,9.0
3744,3059,12,49,766738245.03,13.5
3745,2368,12,165,607667813.53,9.0
3746,4606,12,361,490979954.98,9.0
3747,3210,2,296,224510469.68,3.5
3748,805,9,38,1100686295.83,18.0
3749,512,10,25,211888438.92,3.0
3750,2171,8,260,1375332846.49,17.5
3751,1236,3,331,234367244.22,3.3
3752,2307,13,196,539318498.44,7.0
3753,1870,8,282,1876180158.18,28.0
3754,1384,9,225,256187128.52,3.6
3755,2253,10,308,244188763.8,3.0
3756,2139,13,332,222851908.0,3.5
3757,3868,6,15,829162517.28,12.6
3758,1532,15,161,524210371.84,7.0
3759,1775,5,360,933278544.02,12.5
3760,2080,8,145,830860264.37,10.5
3761,1049,12,127,285258194.2,4.5
3762,4225,6,1,1287872751.43,21.0
3763,4631,2,86,1206575462.83,17.5
3764,3360,1,186,96639432.78,1.5
3765,1975,15,307,414072271.36,7.0
3766,4734,6,363,891049458.81,12.6
3767,772,6,283,267197327.65,4.2
3768,2836,1,151,90570904.58,1.5
3769,451,10,122,237903195.91,3.0
3770,4355,5,161,1628006894.15,25.0
3771,702,12,46,608040669.41,9.0
3772,223,15,73,235504917.7,3.5
3773,1780,1,260,115042433.09,1.5
3774,4745,7,274,209955421.11,3.0
3775,1339,14,275,837930131.38,10.5
3776,2874,8,115,1402926407.77,17.5
3777,1755,5,52,165797459.66,2.5
3778,3835,8,256,215471551.63,3.5
3779,4138,3,278,645967120.15,9.9
3780,2552,4,267,308885090.81,5.0
3781,4733,9,284,1046105519.05,14.4
3782,2825,8,241,224728656.32,3.5
3783,1298,7,143,169127763.08,3.0
3784,1064,5,258,350131189.99,5.0
3785,1364,11,1,1209064788.3,15.0
3786,3835,9,124,218222553.18,3.6
3787,3808,3,336,241679628.04,3.3
3788,1762,14,101,738029048.56,10.5
3789,4188,3,121,1555717138.79,26.4
3790,2445,5,109,791129766.16,12.5
3791,662,12,128,703345034.5,9.0
3792,4327,5,168,387884042.24,5.0
3793,366,10,298,80358597.24,1.5
3794,3577,11,26,616263256.5,9.0
3795,747,1,214,200506483.39,3.0
3796,827,15,340,361643860.73,7.0
3797,4105,13,193,488373535.44,7.0
3798,1860,13,81,2259361616.8,28.0
3799,1503,10,112,90946916.17,1.5
3800,1469,3,157,158751704.99,3.3
3801,3858,12,95,577659466.23,9.0
3802,3640,3,27,605476215.79,9.9
3803,869,5,143,750659251.12,12.5
3804,483,13,128,1779702874.73,28.0
3805,3617,3,344,388174603.42,6.6
3806,2071,11,33,1643975752.09,24.0
3807,1344,2,317,394336552.85,7.0
3808,2073,5,358,139216588.86,2.5
3809,4823,9,41,487217832.99,9.0
3810,1719,14,174,517487881.85,7.0
3811,4364,8,249,495768596.34,7.0
3812,4240,4,311,329855381.68,5.0
3813,317,14,163,2518597414.18,35.0
3814,3631,13,344,1125351104.84,17.5
3815,4005,1,70,834973673.45,12.0
3816,896,13,5,722884833.25,10.5
3817,1179,9,234,628875233.55,9.0
3818,937,3,14,187607109.94,3.3
3819,219,9,27,243649170.73,3.6
3820,4988,12,147,275781209.06,4.5
3821,1730,5,143,202316422.57,2.5
3822,1485,15,216,2273724742.84,35.0
3823,1864,9,39,114685326.45,1.8
3824,244,9,77,1110452278.79,18.0
3825,2910,15,43,998778720.61,17.5
3826,4786,9,21,238098099.0,3.6
3827,4272,6,211,283955758.78,4.2
3828,399,8,363,192311796.17,3.5
3829,1271,8,147,433152621.09,7.0
3830,848,2,80,1824924918.82,28.0
3831,771,13,335,626103891.75,10.5
3832,1766,5,101,739552643.19,12.5
3833,1798,8,281,1269956152.93,17.5
3834,2693,1,66,470741965.47,7.5
3835,3714,11,326,193426990.3,3.0
3836,1593,2,281,662947667.86,10.5
3837,1191,1,68,121030066.74,1.5
3838,1979,1,322,296538836.62,4.5
3839,3163,1,137,200730534.96,3.0
3840,2391,12,82,1479916383.43,22.5
3841,4614,9,352,210975053.12,3.6
3842,281,1,12,166472191.8,3.0
3843,540,7,160,287449107.3,4.5
3844,303,14,264,372487156.65,7.0
3845,1730,7,237,504685510.26,7.5
3846,3466,1,179,97573218.52,1.5
3847,4721,8,118,380778848.77,7.0
3848,4548,7,248,528111430.4,7.5
3849,722,7,101,305462318.82,4.5
3850,570,10,223,234246894.05,3.0
3851,1907,12,324,335317017.46,4.5
3852,3549,6,206,1347599565.52,21.0
3853,1825,3,226,1442137625.91,26.4
3854,3898,8,363,431495732.88,7.0
3855,3584,3,63,210448857.28,3.3
3856,4038,4,126,181173299.88,2.5
3857,3644,15,247,343203986.33,7.0
3858,25,4,255,150466900.89,2.5
3859,617,10,37,489598364.09,7.5
3860,2595,14,87,654291005.53,10.5
3861,2705,1,33,181321367.12,3.0
3862,3725,9,348,110337997.41,1.8
3863,1649,1,100,102332963.81,1.5
3864,2295,5,326,542617938.51,7.5
3865,2109,15,255,190260479.57,3.5
3866,951,12,130,490801758.7,9.0
3867,1086,15,262,241990909.62,3.5
3868,614,5,272,279861862.16,5.0
3869,4914,7,138,472861356.9,7.5
3870,1334,14,111,609151032.36,10.5
3871,3770,2,338,245779862.6,3.5
3872,3238,2,32,404825722.97,7.0
3873,1007,3,35,1301891170.19,26.4
3874,4037,5,289,325155684.19,5.0
3875,2282,1,268,248514625.89,4.5
3876,2724,14,225,199673708.99,3.5
3877,1511,10,38,102477485.38,1.5
3878,4899,5,13,493097516.58,7.5
3879,2170,8,205,247439345.73,3.5
3880,3442,15,90,1122757234.08,17.5
3881,3875,8,179,1240605583.09,17.5
3882,1031,11,260,170055553.7,3.0
3883,2283,10,1,217013122.54,3.0
3884,1095,7,262,307158355.43,4.5
3885,2988,9,83,238848216.72,3.6
3886,2478,7,174,267552798.04,3.0
3887,4373,11,176,659452942.15,9.0
3888,3121,7,86,791663927.04,12.0
3889,3787,2,9,215564415.94,3.5
3890,2926,11,155,436448739.92,6.0
3891,4791,4,293,1544678129.83,20.0
3892,1038,3,258,635114859.96,9.9
3893,3405,8,77,1814561070.3,28.0
3894,3703,7,7,973493489.83,15.0
3895,3114,10,112,101883879.67,1.5
3896,4803,5,79,293913573.79,5.0
3897,4096,8,318,227371710.66,3.5
3898,2118,8,267,274130985.68,3.5
3899,347,12,309,1172976307.05,22.5
3900,3911,1,270,163195422.05,3.0
3901,4180,2,110,439378466.02,7.0
3902,3147,4,138,309133257.83,5.0
3903,1680,7,207,75805942.73,1.5
3904,4512,4,32,513786842.57,7.5
3905,2014,6,12,877571832.02,12.6
3906,3986,4,351,266289081.92,5.0
3907,2660,5,161,1605803636.18,25.0
3908,1766,9,205,299200433.27,5.4
3909,1460,3,152,373175420.44,6.6
3910,4718,12,155,276332858.45,4.5
3911,4644,14,309,1455558342.28,28.0
3912,3011,5,273,554164626.0,7.5
3913,4390,4,75,168407075.1,2.5
3914,1909,8,193,2033866398.2,28.0
3915,2084,13,30,446124566.08,7.0
3916,823,7,153,974613096.1,15.0
3917,3588,2,98,1291298906.93,17.5
3918,2344,11,346,1522947145.23,24.0
3919,2918,6,358,2977173925.74,42.0
3920,756,8,221,249728033.9,3.5
3921,2008,13,64,220469597.1,3.5
3922,3522,9,241,395707417.39,5.4
3923,4304,6,25,1268749897.38,21.0
3924,3732,8,94,2950338150.18,35.0
3925,2926,11,250,443098775.22,6.0
3926,3332,9,4,300156974.81,5.4
3927,3305,10,110,81908339.82,1.5
3928,709,11,22,408951712.71,6.0
3929,4854,10,253,87309789.79,1.5
3930,1060,4,233,146034907.62,2.5
3931,4665,12,138,852315786.29,13.5
3932,2933,15,24,1214478825.99,28.0
3933,1657,9,152,497107528.93,9.0
3934,4220,3,350,782441892.59,9.9
3935,3523,6,270,1098574315.18,12.6
3936,4020,5,241,393792790.74,7.5
3937,1255,2,44,1080024008.16,17.5
3938,4175,3,205,631750643.7,9.9
3939,4246,6,128,738584112.35,12.6
3940,4335,5,89,180868072.35,2.5
3941,345,13,103,455815370.32,7.0
3942,827,15,60,453209202.08,7.0
3943,1508,6,74,793567503.22,12.6
3944,4981,4,332,340752112.97,5.0
3945,347,3,292,378818029.66,6.6
3946,4136,11,291,351952046.37,6.0
3947,4736,2,41,1840177304.73,28.0
3948,1720,8,323,442769969.16,7.0
3949,739,10,122,96694295.71,1.5
3950,170,11,350,203519714.51,3.0
3951,4892,9,167,265897469.41,5.4
3952,4992,9,137,120140863.48,1.8
3953,308,7,202,199589754.56,3.0
3954,2839,5,288,864341016.4,12.5
3955,1206,11,101,442840562.61,6.0
3956,4037,3,102,393413058.9,6.6
3957,927,9,28,99505305.93,1.8
3958,3546,10,204,202025930.92,3.0
3959,983,1,12,104377187.16,1.5
3960,979,9,177,304658183.11,3.6
3961,3300,5,53,149205640.39,2.5
3962,774,1,194,101574435.27,1.5
3963,2808,12,238,801981221.24,13.5
3964,1925,3,211,944966303.63,16.5
3965,1474,6,218,513056136.91,8.4
3966,1893,6,245,565483912.29,8.4
3967,3995,12,352,313163971.31,4.5
3968,1082,1,123,202567675.85,3.0
3969,1822,2,268,262032529.97,3.5
3970,3985,12,110,581188467.01,9.0
3971,2956,2,17,1806097980.48,28.0
3972,821,10,68,193161344.51,3.0
3973,2203,2,62,464126263.53,7.0
3974,1785,1,261,192963814.78,3.0
3975,2731,5,287,463995720.27,7.5
3976,4523,12,102,548631696.72,9.0
3977,2413,6,40,770036286.88,12.6
3978,4641,1,212,213774053.07,3.0
3979,2187,13,180,455054104.5,7.0
3980,1556,1,147,219161810.43,3.0
3981,2009,7,262,959314545.23,15.0
3982,2927,6,35,867692800.27,12.6
3983,4284,11,261,872025605.82,15.0
3984,2013,5,326,311659504.78,5.0
3985,2920,4,363,145205099.04,2.5
3986,1884,14,105,1466182833.93,17.5
3987,4191,3,363,297851664.72,6.6
3988,1579,2,325,1186285526.74,17.5
3989,2179,1,224,213054050.83,3.0
3990,3104,3,2,190398673.68,3.3
3991,2601,13,158,742222740.92,10.5
3992,707,15,111,460023850.16,7.0
3993,4502,10,24,79278771.55,1.5
3994,447,14,342,251282700.51,3.5
3995,4625,4,306,278012774.32,5.0
3996,1313,15,111,1421852666.65,17.5
3997,4839,7,83,953087152.86,15.0
3998,3350,7,337,217901833.58,3.0
3999,1321,10,296,175365125.77,3.0
4000,4751,6,74,1521596114.74,21.0
4001,2899,11,308,472800255.92,6.0
4002,356,8,95,610792959.97,10.5
4003,3191,1,178,241480761.5,4.5
4004,4287,12,229,747112242.13,13.5
4005,1771,12,9,261551536.43,4.5
4006,2277,2,79,1269533800.46,17.5
4007,1029,3,223,253820450.49,3.3
4008,2429,6,64,818955738.71,12.6
4009,4824,15,151,620148971.08,10.5
4010,4163,5,259,299114523.41,5.0
4011,987,3,299,791523954.31,9.9
4012,2145,8,85,769027921.31,10.5
4013,2834,8,341,431386488.91,7.0
4014,768,9,13,129206802.0,1.8
4015,4267,15,51,200180672.95,3.5
4016,3533,4,119,251263028.79,5.0
4017,3059,8,286,370444866.63,7.0
4018,1097,4,59,713385265.22,12.5
4019,3078,1,240,480558365.21,7.5
4020,2533,6,232,546179666.64,8.4
4021,3915,3,283,570716774.27,9.9
4022,2137,3,160,423377957.33,6.6
4023,1507,7,305,206679409.69,3.0
4024,2012,15,69,1987758573.59,35.0
4025,1660,4,237,1668560557.34,25.0
4026,4841,4,322,128025835.1,2.5
4027,1287,10,90,186327847.86,3.0
4028,694,6,325,635828166.89,8.4
4029,2042,10,156,215024529.0,3.0
4030,2226,6,242,605858783.21,8.4
4031,3773,7,77,97516606.58,1.5
4032,350,13,328,502120971.52,7.0
4033,1207,6,250,340399991.35,4.2
4034,4940,1,211,101102478.54,1.5
4035,4869,15,92,189638829.65,3.5
4036,420,7,225,1189529262.41,15.0
4037,598,6,27,328530105.3,4.2
4038,1371,14,112,1067819671.07,17.5
4039,85,4,80,472079216.64,7.5
4040,207,9,280,152035437.4,1.8
4041,1012,10,219,167788118.27,3.0
4042,4053,12,306,875333918.93,13.5
4043,355,10,82,198461163.23,3.0
4044,2688,9,318,311404099.73,5.4
4045,4506,12,126,885365395.02,13.5
4046,215,12,186,269646640.51,4.5
4047,950,5,320,545090212.78,7.5
4048,961,5,352,1388077125.25,20.0
4049,4593,11,275,1274369694.3,24.0
4050,2371,5,122,315197056.92,5.0
4051,2730,5,196,224465556.77,2.5
4052,4778,11,254,416797988.83,6.0
4053,268,12,300,297526246.93,4.5
4054,4219,12,246,833117262.09,13.5
4055,448,3,300,228455499.47,3.3
4056,2756,4,353,763208403.52,12.5
4057,4661,10,76,115916406.2,1.5
4058,1230,4,322,139292471.24,2.5
4059,4441,9,16,574671711.07,9.0
4060,758,2,83,229001526.82,3.5
4061,3996,15,275,2655464641.5,35.0
4062,2015,4,210,447746435.67,7.5
4063,2047,4,200,164999442.35,2.5
4064,2077,6,43,2364266225.73,42.0
4065,276,10,111,85736674.91,1.5
4066,4256,4,333,750688389.18,12.5
4067,3028,2,104,254020547.91,3.5
4068,84,9,295,1411226873.44,18.0
4069,779,7,75,299545981.94,4.5
4070,1092,6,292,254287150.78,4.2
4071,2800,6,55,270212193.5,4.2
4072,1719,15,148,2368415263.28,35.0
4073,3256,13,104,1791708779.0,28.0
4074,3424,2,7,600358967.78,10.5
4075,4739,15,49,1267809386.49,17.5
4076,2574,6,64,537993175.95,8.4
4077,4495,8,324,2012492029.47,28.0
4078,3774,3,178,659511472.15,9.9
4079,4594,8,10,2411562182.49,35.0
4080,502,12,187,284041991.49,4.5
4081,1101,5,320,236039760.72,5.0
4082,2327,9,147,216749855.18,3.6
4083,201,13,2,696049686.18,10.5
4084,3557,11,205,928930881.14,15.0
4085,4009,1,205,156727969.54,3.0
4086,4318,2,355,243429257.56,3.5
4087,3536,9,185,338714245.0,5.4
4088,1628,7,272,922342860.85,12.0
4089,2937,1,93,529651989.09,7.5
4090,4779,5,134,299539893.16,5.0
4091,541,3,194,1013173009.66,16.5
4092,170,4,211,810555016.95,12.5
4093,2683,3,162,450010377.09,6.6
4094,2909,5,65,158920773.89,2.5
4095,4272,6,271,1457834116.87,21.0
4096,2138,8,182,519601064.84,7.0
4097,4877,12,216,488862635.24,9.0
4098,4156,15,23,277074649.64,3.5
4099,1188,3,184,1209208434.79,16.5
4100,2196,11,288,186878999.39,3.0
4101,4936,3,112,1166982308.22,16.5
4102,633,3,158,415253646.5,6.6
4103,2059,1,325,85265048.11,1.5
4104,2604,2,183,472015203.66,7.0
4105,1108,15,203,693303865.93,10.5
4106,1957,3,42,610516660.41,9.9
4107,3717,11,126,173397236.53,3.0
4108,1400,5,137,1273562078.5,20.0
4109,1216,7,211,660757847.86,7.5
4110,2696,8,362,1633640314.76,28.0
4111,3256,10,24,463541352.14,7.5
4112,1705,4,227,514517219.66,7.5
4113,2737,15,115,1169734132.52,17.5
4114,280,13,184,615235447.53,10.5
4115,2281,4,349,1222527257.11,20.0
4116,2974,10,128,111969031.23,1.5
4117,3966,11,311,463917533.32,6.0
4118,4804,1,185,1096017797.76,15.0
4119,4597,10,158,314532777.07,4.5
4120,2088,3,316,1099570741.2,16.5
4121,1671,2,221,726631291.32,10.5
4122,428,3,134,722359359.64,9.9
4123,4743,9,44,345018907.93,5.4
4124,1994,12,96,632822595.48,9.0
4125,50,14,56,788110694.18,10.5
4126,1796,10,6,106530672.88,1.5
4127,512,10,46,486129588.47,7.5
4128,4403,2,40,225432597.79,3.5
4129,3629,11,189,178005404.86,3.0
4130,3344,8,90,203774022.1,3.5
4131,3343,14,241,247328500.16,3.5
4132,1096,5,239,178059385.05,2.5
4133,532,5,167,466668749.37,7.5
4134,3225,1,236,425731366.63,7.5
4135,3754,13,8,189787413.01,3.5
4136,3291,5,74,306813576.33,5.0
4137,319,5,306,1408576331.04,20.0
4138,540,6,349,789478585.97,12.6
4139,3844,9,187,1053498353.41,18.0
4140,675,10,286,902895898.46,12.0
4141,4041,2,145,685348342.35,10.5
4142,4517,10,232,202194491.15,3.0
4143,922,5,296,319678656.55,5.0
4144,3392,6,249,239812150.65,4.2
4145,694,10,180,111952209.4,1.5
4146,1371,2,160,228384253.11,3.5
4147,1981,3,195,1268524906.75,16.5
4148,1198,13,353,1221320427.27,17.5
4149,4587,6,340,1275489677.63,21.0
4150,3377,3,363,1060128311.42,16.5
4151,3636,13,235,1402825674.46,17.5
4152,855,10,74,200795727.02,3.0
4153,233,2,34,630441698.01,10.5
4154,4023,14,29,666866398.61,10.5
4155,2252,7,310,190647873.07,3.0
4156,2451,10,100,360658413.51,4.5
4157,2700,12,295,526101681.23,9.0
4158,4397,6,177,491886824.09,8.4
4159,1362,1,116,431199487.05,7.5
4160,2732,15,203,524581934.76,10.5
4161,420,8,168,534263383.12,7.0
4162,78,12,3,317137954.57,4.5
4163,1191,11,89,664850865.95,9.0
4164,2795,13,25,429826481.46,7.0
4165,4907,15,284,211348793.85,3.5
4166,626,8,149,633602672.3,10.5
4167,3546,3,278,938668796.22,16.5
4168,2586,15,72,1257525351.49,17.5
4169,3308,3,46,448982590.38,6.6
4170,2071,14,160,498431267.45,7.0
4171,3781,12,192,594466341.31,9.0
4172,2135,9,31,234293115.95,3.6
4173,1961,5,224,139482116.12,2.5
4174,17,7,45,449698378.83,7.5
4175,1553,1,180,164579506.89,3.0
4176,2611,9,60,103794528.96,1.8
4177,3417,6,283,2143307002.57,33.6
4178,3557,2,125,169939531.63,3.5
4179,4670,14,303,187403027.52,3.5
4180,1255,15,333,677025365.05,10.5
4181,1275,7,220,448421091.6,7.5
4182,3081,1,305,288584188.72,4.5
4183,2976,6,279,709410224.59,12.6
4184,3340,15,131,288034155.03,3.5
4185,2228,4,137,302405121.12,5.0
4186,706,12,246,226850338.46,4.5
4187,3230,8,265,300008958.65,7.0
4188,3406,1,188,180038503.33,3.0
4189,145,5,29,449409890.34,7.5
4190,3513,12,237,809237724.15,13.5
4191,3363,15,181,523258388.38,7.0
4192,4436,2,325,476889958.74,7.0
4193,2811,9,98,561424338.85,9.0
4194,3319,7,184,92174408.23,1.5
4195,807,7,25,272096743.5,3.0
4196,2752,8,163,719242846.37,10.5
4197,3032,10,135,194357199.79,3.0
4198,369,4,244,155753665.97,2.5
4199,3040,9,210,210476622.94,3.6
4200,2850,1,33,446264848.97,7.5
4201,3525,13,307,483858909.99,7.0
4202,876,6,296,2225809453.72,33.6
4203,2232,11,116,1708907127.51,24.0
4204,4174,10,281,917327335.63,15.0
4205,1634,9,265,305738491.25,5.4
4206,3633,15,80,201155400.07,3.5
4207,3969,8,312,648170265.07,10.5
4208,2291,12,99,237365944.93,4.5
4209,1565,6,255,567704128.17,8.4
4210,1170,12,244,615382397.66,9.0
4211,224,6,184,309490030.98,4.2
4212,1807,13,291,1983687903.6,35.0
4213,3490,11,59,172281971.58,3.0
4214,1859,3,358,673003943.39,9.9
4215,4691,11,159,962663676.51,15.0
4216,4149,9,37,101416553.44,1.8
4217,3868,9,262,639485364.09,9.0
4218,4715,2,163,595017424.97,10.5
4219,365,14,365,2213263451.18,35.0
4220,317,11,154,365754413.04,6.0
4221,1304,2,304,2048513513.75,28.0
4222,3845,5,154,286476338.52,5.0
4223,2244,9,303,1222541448.96,18.0
4224,3059,13,115,610749229.72,10.5
4225,3382,7,173,277504680.22,4.5
4226,3559,11,197,238113826.14,3.0
4227,796,7,141,99710633.86,1.5
4228,3059,13,306,410893975.43,7.0
4229,2955,6,302,238551047.52,4.2
4230,3005,5,122,769676744.91,12.5
4231,2705,4,188,325877239.63,5.0
4232,2695,2,230,744923222.06,10.5
4233,4088,2,281,185410349.31,3.5
4234,3511,8,362,251515669.91,3.5
4235,199,2,268,805766119.57,10.5
4236,2986,2,175,220944254.63,3.5
4237,4402,6,250,286531727.17,4.2
4238,4936,1,194,202865001.98,3.0
4239,4246,3,138,1986934896.57,33.0
4240,2783,1,161,88176298.03,1.5
4241,4708,14,17,1278610335.92,17.5
4242,1801,3,71,599101812.73,9.9
4243,4721,6,215,297152668.28,4.2
4244,3976,6,155,1433132817.07,21.0
4245,3114,3,53,406780765.53,6.6
4246,2511,12,324,2757977296.86,45.0
4247,3928,3,354,810240994.97,9.9
4248,1648,10,41,90610223.6,1.5
4249,990,5,133,595600936.17,7.5
4250,858,1,265,211311406.37,4.5
4251,4585,13,93,207459451.14,3.5
4252,4567,4,69,160585432.51,2.5
4253,4704,13,4,499917472.7,7.0
4254,1642,6,336,1286388300.87,21.0
4255,4961,3,275,220603363.93,3.3
4256,2094,7,154,92412908.78,1.5
4257,954,1,340,210508196.9,3.0
4258,4634,13,65,254306505.47,3.5
4259,1067,11,3,1005902284.61,15.0
4260,3677,4,317,184390531.2,2.5
4261,2368,8,209,1453471328.07,17.5
4262,427,12,50,2363800682.63,36.0
4263,347,3,306,350332803.29,6.6
4264,3082,6,86,1578908202.27,21.0
4265,4592,6,139,964086796.79,12.6
4266,2688,10,231,518289753.9,7.5
4267,1305,8,141,797155700.31,10.5
4268,121,3,212,252812605.63,3.3
4269,1176,7,248,578969671.29,7.5
4270,1628,15,268,206446303.84,3.5
4271,4456,5,332,177803092.78,2.5
4272,640,15,346,983035452.26,17.5
4273,3881,14,63,782422378.76,10.5
4274,3395,4,284,187616492.14,2.5
4275,217,3,254,1804911537.14,26.4
4276,2431,10,216,973587294.8,15.0
4277,134,3,274,399048818.99,6.6
4278,3945,1,206,118609325.21,1.5
4279,4074,2,97,638487178.96,10.5
4280,2695,1,319,186479964.04,3.0
4281,2712,3,220,379797716.23,6.6
4282,4516,10,286,202046714.59,3.0
4283,448,3,3,226336566.05,3.3
4284,4816,2,30,1100733378.94,17.5
4285,4343,8,210,278261183.41,3.5
4286,4981,15,6,275666276.04,3.5
4287,2286,10,335,353795846.01,4.5
4288,3824,12,12,538404394.55,9.0
4289,3674,3,193,205537086.86,3.3
4290,1562,6,348,281221208.62,4.2
4291,413,7,345,101600540.88,1.5
4292,3049,13,233,1281879110.75,17.5
4293,2010,11,221,202838354.83,3.0
4294,4608,10,306,94115236.63,1.5
4295,134,13,247,543217964.59,7.0
4296,2867,11,289,1646510432.22,24.0
4297,156,9,99,216395837.5,3.6
4298,3406,14,347,360097219.12,7.0
4299,1915,7,220,92930809.84,1.5
4300,896,12,98,587462126.06,9.0
4301,1690,8,187,2464996291.64,35.0
4302,3917,10,177,102746754.2,1.5
4303,3968,11,356,1082133061.42,15.0
4304,4412,1,248,94881900.85,1.5
4305,832,4,203,158249248.24,2.5
4306,469,15,192,919418894.03,17.5
4307,4953,6,200,496748976.66,8.4
4308,3965,13,13,895420117.31,10.5
4309,3379,5,56,1324865940.09,20.0
4310,2791,2,22,817355230.87,10.5
4311,3129,11,76,781488771.86,15.0
4312,2996,8,245,464160947.38,7.0
4313,3961,14,204,1143319744.03,17.5
4314,4450,5,71,860432565.22,12.5
4315,748,1,248,231871139.9,3.0
4316,2641,11,324,1843839786.65,24.0
4317,2415,13,1,210200947.71,3.5
4318,1722,10,109,119136645.19,1.5
4319,1814,11,40,371722274.12,6.0
4320,2076,10,253,928987573.6,15.0
4321,1599,9,3,96831114.5,1.8
4322,811,5,129,174296508.53,2.5
4323,4061,10,313,1149552209.6,15.0
4324,1101,3,323,433005747.7,6.6
4325,3615,10,71,979570873.08,15.0
4326,2059,4,232,151898976.7,2.5
4327,1622,9,125,307456199.17,5.4
4328,3304,2,129,545771892.91,7.0
4329,4363,13,6,643014604.08,10.5
4330,398,10,232,113570766.73,1.5
4331,3939,12,78,326997503.0,4.5
4332,2188,1,232,106770131.9,1.5
4333,2213,8,277,786923522.76,10.5
4334,4082,5,241,350259978.01,5.0
4335,4138,1,42,110686153.46,1.5
4336,2367,11,163,1759120771.76,30.0
4337,4227,12,166,1651403659.06,22.5
4338,4404,9,254,135254918.58,1.8
4339,3386,14,131,774821267.03,10.5
4340,4764,4,84,681762562.88,12.5
4341,748,14,331,1227877966.57,17.5
4342,122,2,127,493874058.49,7.0
4343,2496,13,82,2024897003.69,35.0
4344,2548,9,232,202716938.08,3.6
4345,4322,9,274,449975927.82,9.0
4346,3128,6,123,1551318757.19,21.0
4347,1818,7,222,168836347.95,3.0
4348,2494,7,59,190031997.73,3.0
4349,4849,7,48,207674126.24,3.0
4350,4677,11,56,163630801.03,3.0
4351,676,4,16,855272618.69,12.5
4352,3443,12,115,329440143.68,4.5
4353,4326,5,171,903216790.61,12.5
4354,4566,6,199,265718347.12,4.2
4355,1324,10,181,1005791838.78,15.0
4356,2464,9,275,147959026.27,1.8
4357,2625,6,155,431392952.29,8.4
4358,1230,1,325,379444689.51,7.5
4359,1470,4,66,592292811.63,7.5
4360,70,3,352,210395106.21,3.3
4361,644,4,298,743274350.47,12.5
4362,2693,6,244,262710768.87,4.2
4363,4034,8,33,2043020951.81,28.0
4364,2888,10,37,107813990.25,1.5
4365,3638,8,298,1788388874.55,28.0
4366,145,2,103,408763121.61,7.0
4367,4893,13,44,205490373.28,3.5
4368,454,10,219,87943393.51,1.5
4369,1172,14,159,512114584.86,7.0
4370,2397,13,91,584659840.21,7.0
4371,4920,11,316,195719853.17,3.0
4372,1036,8,183,528880513.4,10.5
4373,2784,10,286,460586587.33,7.5
4374,4743,9,270,893374404.61,14.4
4375,4786,6,73,586935431.72,8.4
4376,4808,13,243,1453103143.33,28.0
4377,3894,11,353,1928450962.61,30.0
4378,2546,14,237,508340728.8,7.0
4379,2193,8,12,213464840.5,3.5
4380,145,6,70,277400769.35,4.2
4381,271,2,343,446562706.61,7.0
4382,2103,15,194,1031882801.68,17.5
4383,3542,10,357,191242194.8,3.0
4384,2441,7,342,427057581.63,7.5
4385,778,14,316,2129882692.93,28.0
4386,461,8,107,268362454.42,3.5
4387,4694,2,158,670418597.71,10.5
4388,289,13,15,1417251105.98,17.5
4389,134,3,348,402230580.62,6.6
4390,3953,12,343,297947331.95,4.5
4391,2582,4,41,354212479.96,5.0
4392,1798,9,2,118969294.53,1.8
4393,3565,10,278,476708115.97,7.5
4394,1400,12,67,2870256100.73,45.0
4395,4818,3,117,206609251.25,3.3
4396,4021,7,32,95256801.77,1.5
4397,736,6,25,1346677787.25,21.0
4398,3879,11,122,973691144.04,15.0
4399,307,11,102,496671029.83,9.0
4400,357,11,155,346231966.62,6.0
4401,4515,5,160,1273967273.93,20.0
4402,528,2,304,2170100467.77,28.0
4403,4564,3,290,224242458.12,3.3
4404,3852,4,287,148087135.01,2.5
4405,2420,7,347,211525272.46,3.0
4406,3033,4,297,934328733.61,12.5
4407,443,7,168,970382074.7,15.0
4408,557,8,314,268647542.58,3.5
4409,3175,11,165,179796936.9,3.0
4410,3837,7,208,993448961.26,15.0
4411,3204,14,140,2371157109.65,35.0
4412,4731,1,345,87215822.18,1.5
4413,583,2,178,523569930.61,7.0
4414,1663,8,52,2515276445.56,35.0
4415,1061,9,27,109957015.9,1.8
4416,2843,8,78,1319680237.08,17.5
4417,3122,4,315,752123802.95,12.5
4418,4675,3,330,497485023.92,6.6
4419,2415,8,143,660106038.12,10.5
4420,85,9,345,1121099123.83,14.4
4421,1975,5,267,458241241.9,7.5
4422,1079,13,166,1004668230.57,17.5
4423,4638,9,160,894504526.77,14.4
4424,1144,12,103,1447457715.68,22.5
4425,4177,13,202,481570342.18,7.0
4426,763,5,319,335254413.06,5.0
4427,3699,12,54,297757148.56,4.5
4428,4036,6,85,572621063.47,8.4
4429,166,5,86,364677977.39,5.0
4430,2590,12,38,333797444.74,4.5
4431,4795,7,29,313494073.77,4.5
4432,482,4,160,368074934.65,5.0
4433,2935,8,234,1068208560.03,17.5
4434,1641,5,128,166024089.54,2.5
4435,2695,7,166,97806129.16,1.5
4436,3717,11,282,166550004.11,3.0
4437,4081,2,360,273006529.34,3.5
4438,2236,3,267,210720216.5,3.3
4439,4661,6,357,887439806.67,12.6
4440,409,12,81,596108716.84,9.0
4441,4491,7,95,912122151.85,15.0
4442,537,5,305,136455259.67,2.5
4443,728,2,145,231509208.64,3.5
4444,3743,1,185,75030549.01,1.5
4445,123,7,6,205437040.42,3.0
4446,1755,12,93,2740631463.49,45.0
4447,3390,4,1,170696181.45,2.5
4448,1475,15,61,884653554.32,17.5
4449,2851,10,309,186055532.77,3.0
4450,26,7,293,283828728.08,4.5
4451,570,6,287,673686074.14,8.4
4452,2580,7,285,213716611.54,3.0
4453,3423,8,115,2193469337.85,28.0
4454,3157,4,74,164207189.59,2.5
4455,827,8,193,679384045.68,10.5
4456,2842,2,252,717176632.68,10.5
4457,4574,12,76,249009063.58,4.5
4458,1394,1,89,105277198.96,1.5
4459,3600,12,197,597986973.62,9.0
4460,2300,13,299,996478466.32,17.5
4461,1221,11,69,186319578.57,3.0
4462,2234,7,89,111804955.04,1.5
4463,3853,6,5,318169397.5,4.2
4464,1277,1,277,339024433.83,4.5
4465,1887,5,258,131248125.28,2.5
4466,3576,6,245,464555719.42,8.4
4467,1205,1,145,196733827.5,3.0
4468,2196,5,321,133767786.6,2.5
4469,1322,3,92,224804456.57,3.3
4470,2295,6,70,1335211482.08,21.0
4471,921,4,346,966663120.05,20.0
4472,355,3,49,191900009.23,3.3
4473,2416,9,335,111399672.33,1.8
4474,418,9,172,975035549.07,14.4
4475,757,12,164,577849091.72,9.0
4476,4441,2,297,1884428608.11,28.0
4477,3308,12,307,1335073371.01,22.5
4478,4593,12,326,525466319.96,9.0
4479,3861,1,273,1190978936.47,15.0
4480,1050,8,286,399611030.97,7.0
4481,3948,6,238,3253589569.73,42.0
4482,3578,5,135,452980649.56,7.5
4483,4897,2,2,480735668.98,10.5
4484,1944,4,159,158414293.46,2.5
4485,2761,3,292,209222785.94,3.3
4486,3360,3,249,377500625.35,6.6
4487,4315,3,265,1600883948.12,26.4
4488,2003,8,140,644935906.79,10.5
4489,188,8,222,256978867.05,3.5
4490,931,7,221,249349120.67,4.5
4491,2980,2,184,493192554.13,7.0
4492,2891,12,54,251910533.21,4.5
4493,1465,7,283,82213185.1,1.5
4494,3776,5,119,183737544.24,2.5
4495,3833,3,242,1074782512.21,16.5
4496,1786,8,107,586200488.26,10.5
4497,3498,5,190,185139350.41,2.5
4498,682,1,188,82152017.42,1.5
4499,4812,3,347,788580970.47,9.9
4500,4523,5,298,133312864.95,2.5
4501,1463,10,157,82295698.56,1.5
4502,1530,15,233,399101068.8,7.0
4503,4243,12,169,566193820.24,9.0
4504,498,14,50,206397541.89,3.5
4505,1339,5,269,1108636145.64,12.5
4506,3808,11,204,1012773829.49,15.0
4507,457,11,359,182064895.19,3.0
4508,2297,5,283,1259197262.43,25.0
4509,4222,14,145,1155887492.0,17.5
4510,2964,4,102,526180503.5,7.5
4511,1647,10,277,101737370.66,1.5
4512,4573,11,178,1181436170.67,15.0
4513,3228,6,95,540501180.17,8.4
4514,739,13,282,1289014844.39,17.5
4515,1911,8,31,206485578.16,3.5
4516,1304,9,299,646481523.04,9.0
4517,2407,13,44,209915629.96,3.5
4518,600,12,304,2691439674.4,36.0
4519,4196,3,184,256604059.24,3.3
4520,4590,10,136,251610121.71,4.5
4521,2112,10,22,1132137343.53,15.0
4522,4410,15,60,211693906.82,3.5
4523,3189,5,95,927980197.78,12.5
4524,4135,13,23,2207846982.31,35.0
4525,1562,14,251,1287291559.19,17.5
4526,1021,2,126,652459317.43,10.5
4527,2757,8,100,1845977480.09,28.0
4528,2701,12,151,296144723.69,4.5
4529,38,14,229,1886583142.48,28.0
4530,3871,12,84,1506112006.68,22.5
4531,3274,2,177,237941780.61,3.5
4532,2991,12,184,2571857332.48,45.0
4533,1782,13,136,2233925335.52,35.0
4534,471,14,43,594393021.59,10.5
4535,4439,7,310,205819109.96,3.0
4536,4159,9,326,142046743.14,1.8
4537,48,5,290,338980815.38,5.0
4538,141,7,162,77895047.84,1.5
4539,3842,6,257,490224112.97,8.4
4540,349,14,124,221022318.5,3.5
4541,1065,4,266,1070127218.25,20.0
4542,150,15,225,502777267.7,7.0
4543,3541,1,244,326736336.91,4.5
4544,4928,8,258,393041435.01,7.0
4545,2084,11,273,1064279399.77,15.0
4546,2519,13,62,417409976.81,7.0
4547,1514,15,354,2518980439.56,35.0
4548,1628,5,335,894250624.43,12.5
4549,3800,1,6,159718949.05,3.0
4550,3180,5,133,158381398.16,2.5
4551,3285,6,227,518803704.02,8.4
4552,2419,14,3,1624111020.24,28.0
4553,2766,9,218,1246594945.46,18.0
4554,1325,4,110,340875724.48,5.0
4555,4584,3,365,161149691.08,3.3
4556,1796,12,293,616957441.24,9.0
4557,3934,14,307,961899393.1,17.5
4558,752,6,117,246784857.99,4.2
4559,2563,9,337,202364869.52,3.6
4560,795,13,71,2515435380.45,35.0
4561,3640,11,335,205805833.55,3.0
4562,3875,9,328,586777934.32,9.0
4563,615,11,167,582053050.36,9.0
4564,4370,4,36,1600284234.83,25.0
4565,904,3,194,724447006.77,9.9
4566,3510,4,45,471244847.72,7.5
4567,434,10,319,105489858.79,1.5
4568,4691,7,331,866515063.92,15.0
4569,3715,1,17,294985961.64,4.5
4570,167,2,339,215882266.22,3.5
4571,3308,1,161,194483838.87,3.0
4572,609,5,183,514889165.4,7.5
4573,2005,4,128,546477222.44,7.5
4574,2468,5,252,541819209.17,7.5
4575,594,6,117,811978074.52,12.6
4576,346,4,82,1264049871.29,20.0
4577,2231,10,116,199501158.9,3.0
4578,4554,10,217,111723076.02,1.5
4579,3428,8,108,1064807357.02,17.5
4580,2105,3,53,1897162269.35,26.4
4581,3571,4,168,165259828.29,2.5
4582,1392,5,100,134812206.22,2.5
4583,1264,12,40,779092194.31,13.5
4584,4361,8,36,1895101168.5,28.0
4585,4827,7,222,805061431.39,12.0
4586,2980,4,147,334981008.07,5.0
4587,4626,5,144,334101585.38,5.0
4588,2142,10,353,760257092.45,12.0
4589,2199,1,5,305892007.03,4.5
4590,3410,8,194,176990538.26,3.5
4591,961,14,42,1260003616.92,17.5
4592,2223,3,289,222678299.56,3.3
4593,4677,14,289,1137756355.95,17.5
4594,668,13,203,443364862.99,7.0
4595,4811,15,134,499678434.13,7.0
4596,2227,3,298,237923991.43,3.3
4597,3448,3,161,253531192.61,3.3
4598,1260,8,232,241403353.12,3.5
4599,687,9,217,278701793.06,3.6
4600,1537,10,273,87059099.26,1.5
4601,1868,13,119,460442831.44,7.0
4602,3769,3,192,1230819066.87,16.5
4603,1351,13,171,699727026.1,10.5
4604,4135,13,364,417055716.27,7.0
4605,2973,12,162,1511967912.93,22.5
4606,2611,8,107,1032047515.07,17.5
4607,174,7,330,162752353.06,3.0
4608,4207,6,180,624410433.93,8.4
4609,2582,4,72,335280043.87,5.0
4610,3943,4,112,1336292778.43,20.0
4611,4107,9,12,362689306.59,5.4
4612,1468,6,234,502816884.83,8.4
4613,1415,11,26,190404450.03,3.0
4614,1052,8,362,2595820697.04,35.0
4615,1237,11,48,149417007.55,3.0
4616,2835,8,180,1730211033.69,28.0
4617,332,9,117,713078827.16,9.0
4618,4679,13,142,681367462.6,10.5
4619,1385,9,4,1074198636.4,14.4
4620,3732,7,237,866866979.08,12.0
4621,1159,5,66,629926482.54,7.5
4622,4086,4,123,1546830383.3,25.0
4623,3364,11,46,452855019.69,6.0
4624,2620,5,118,314574156.47,5.0
4625,3701,13,132,2659109584.71,35.0
4626,4510,11,174,683158353.87,9.0
4627,976,11,5,365947932.75,6.0
4628,2304,15,231,945241588.18,17.5
4629,4043,1,95,204726711.86,3.0
4630,2393,9,60,116988730.15,1.8
4631,4057,5,46,339949853.33,5.0
4632,2994,7,74,97813222.43,1.5
4633,556,10,365,82903064.28,1.5
4634,1905,5,296,377881593.63,5.0
4635,3926,2,200,2189894089.81,35.0
4636,4818,3,189,428327204.26,6.6
4637,1911,10,327,267529262.53,4.5
4638,3240,15,284,2087162745.75,28.0
4639,2563,10,132,304783686.95,4.5
4640,1375,12,15,278254306.2,4.5
4641,3548,6,143,790768684.73,12.6
4642,507,8,40,726048494.67,10.5
4643,828,15,97,189942790.01,3.5
4644,2038,2,207,1994190205.18,28.0
4645,1727,11,327,452781179.63,6.0
4646,619,12,269,2749775365.04,45.0
4647,1768,8,301,403958404.69,7.0
4648,2054,3,188,247748833.07,3.3
4649,3169,11,87,409497471.74,6.0
4650,3762,8,253,646497289.73,10.5
4651,3895,15,283,416627177.43,7.0
4652,3199,4,172,859429551.19,12.5
4653,2116,1,343,234515511.63,4.5
4654,1158,7,124,266576746.73,4.5
4655,966,12,357,293651700.72,4.5
4656,62,13,354,188245504.34,3.5
4657,1012,5,354,154411179.56,2.5
4658,3503,4,241,317613183.47,5.0
4659,2790,7,175,828151192.69,12.0
4660,1379,11,86,401554416.5,6.0
4661,2433,11,184,187287805.43,3.0
4662,2749,6,275,258935075.44,4.2
4663,653,3,289,188478857.68,3.3
4664,4198,1,328,180550320.32,3.0
4665,4986,10,238,208562740.67,3.0
4666,617,6,262,2405517201.78,33.6
4667,4890,11,306,181712044.16,3.0
4668,3932,7,359,734103190.17,12.0
4669,1625,3,332,706678279.32,9.9
4670,2752,12,320,2529007387.45,36.0
4671,543,2,299,707972649.99,10.5
4672,2276,3,308,490891686.71,6.6
4673,2262,10,71,219491420.75,3.0
4674,3751,2,124,1910482990.14,28.0
4675,1299,2,334,476428331.42,7.0
4676,1085,1,131,84167675.73,1.5
4677,2476,4,221,186723718.78,2.5
4678,4482,9,338,249710987.18,3.6
4679,3620,15,134,204921486.58,3.5
4680,51,1,123,506533340.86,7.5
4681,2313,5,85,152745833.69,2.5
4682,4576,15,197,468174349.14,7.0
4683,1561,3,289,356971622.44,6.6
4684,4628,8,155,483268399.17,7.0
4685,3567,1,319,191720587.2,3.0
4686,753,13,242,1239299176.0,17.5
4687,1842,11,197,361507718.14,6.0
4688,4105,14,27,679912410.88,10.5
4689,1598,7,324,207437906.77,3.0
4690,3854,4,9,144931789.4,2.5
4691,257,15,38,1690134361.09,28.0
4692,264,6,220,615244079.98,8.4
4693,3788,5,301,299298821.27,5.0
4694,3345,5,121,481388459.46,7.5
4695,2116,13,170,405339168.55,7.0
4696,2397,3,290,215850563.64,3.3
4697,2707,7,331,583152369.21,7.5
4698,1441,7,30,248276723.56,4.5
4699,3254,2,180,269079055.99,3.5
4700,3818,14,312,2052907693.22,28.0
4701,3164,14,353,387538107.45,7.0
4702,3721,14,128,2528104142.54,35.0
4703,4216,11,272,648059410.42,9.0
4704,1605,12,225,608558424.86,9.0
4705,3793,12,320,780040583.92,13.5
4706,1232,13,45,534342024.43,7.0
4707,3893,11,251,469108919.55,9.0
4708,1533,5,333,1745636018.89,25.0
4709,4437,13,334,417935347.28,7.0
4710,4137,11,259,153215287.93,3.0
4711,230,4,189,182546298.43,2.5
4712,3976,9,162,219327235.14,3.6
4713,3195,15,201,663076823.47,10.5
4714,1350,6,264,3264320438.03,42.0
4715,4374,2,10,772579958.45,10.5
4716,2720,1,308,346294509.53,4.5
4717,986,15,32,510709011.43,7.0
4718,1170,15,329,380603564.03,7.0
4719,3413,7,197,812830256.11,12.0
4720,1022,1,254,115939285.59,1.5
4721,2144,10,195,190665020.66,3.0
4722,4341,8,100,198263810.19,3.5
4723,2514,13,241,1766764358.3,28.0
4724,2009,8,170,549544556.51,10.5
4725,49,12,351,395725841.78,4.5
4726,114,9,168,310045693.3,5.4
4727,2514,6,277,1875890375.41,33.6
4728,1988,9,342,166100518.05,3.6
4729,4371,3,4,996334999.75,16.5
4730,827,5,95,128656223.33,2.5
4731,650,9,71,676307388.74,9.0
4732,2149,12,42,2157298318.53,45.0
4733,4258,3,208,1095882244.06,16.5
4734,867,7,174,313997625.88,4.5
4735,163,11,254,322142886.18,6.0
4736,4443,13,288,349670727.43,7.0
4737,3822,13,145,1683356301.19,28.0
4738,3493,13,149,2297914101.48,35.0
4739,977,7,268,483963905.49,7.5
4740,4644,12,308,245343033.87,4.5
4741,196,15,255,717924131.89,10.5
4742,4971,12,279,490204293.41,9.0
4743,1559,10,272,90690853.2,1.5
4744,4797,11,40,177833718.69,3.0
4745,2933,15,319,403890077.87,7.0
4746,2176,6,26,518807706.36,8.4
4747,2082,1,125,438634146.45,7.5
4748,4726,10,318,202282732.86,3.0
4749,4740,5,201,332632003.97,5.0
4750,4457,13,122,2222302149.01,35.0
4751,3564,15,88,543023375.36,7.0
4752,3975,4,359,1522189674.66,25.0
4753,443,2,82,519193043.8,7.0
4754,3594,1,174,171354665.19,3.0
4755,1527,3,160,886586419.9,16.5
4756,3980,12,225,691302214.94,9.0
4757,4593,13,15,213122803.29,3.5
4758,4072,9,332,126971552.95,1.8
4759,701,14,190,246660247.47,3.5
4760,4940,11,322,390585278.42,6.0
4761,2389,5,124,1565916103.48,25.0
4762,2598,10,171,1074402387.97,15.0
4763,3438,15,9,1070216410.67,17.5
4764,1203,11,210,366286896.27,6.0
4765,2517,13,284,186765204.24,3.5
4766,4263,7,306,309424103.89,4.5
4767,597,12,273,821854767.37,13.5
4768,4996,15,313,1437443563.16,17.5
4769,4400,10,46,99012092.78,1.5
4770,2707,2,297,218606901.47,3.5
4771,4443,10,325,1053788328.2,15.0
4772,1991,5,24,1849628322.13,25.0
4773,4001,1,162,280486073.72,4.5
4774,111,2,348,1756781695.29,28.0
4775,2177,3,57,1137668745.13,16.5
4776,1907,4,88,394415397.98,5.0
4777,1721,7,68,516301442.73,7.5
4778,3346,14,28,2719261689.72,35.0
4779,4910,2,151,235951248.66,3.5
4780,2946,10,321,167185457.07,3.0
4781,1710,2,282,263581821.41,3.5
4782,814,9,301,1100652631.4,14.4
4783,2656,2,289,388470238.24,7.0
4784,1382,12,346,1631873538.47,22.5
4785,768,1,104,500493186.96,7.5
4786,2733,5,277,433834309.6,7.5
4787,2156,8,110,750687844.25,10.5
4788,4652,4,29,945924845.82,12.5
4789,3160,4,345,171811331.14,2.5
4790,3552,5,335,146580637.28,2.5
4791,4085,5,282,331393969.2,5.0
4792,3101,15,282,810635070.47,10.5
4793,2300,9,273,109929282.14,1.8
4794,2606,8,45,731941379.66,10.5
4795,3937,3,298,240011312.07,3.3
4796,3511,13,75,235151247.76,3.5
4797,4851,5,62,318846662.94,5.0
4798,2913,7,41,105383003.52,1.5
4799,4828,3,256,170777722.17,3.3
4800,4957,11,85,523336797.4,9.0
4801,3562,9,364,100350542.79,1.8
4802,2177,13,246,768884729.88,10.5
4803,1,3,70,384996962.74,6.6
4804,339,2,47,1157340183.26,17.5
4805,675,11,216,458025811.04,6.0
4806,4127,13,21,1700056924.09,28.0
4807,1209,10,30,259405842.67,4.5
4808,2938,14,51,197846944.58,3.5
4809,3067,7,244,272174465.31,4.5
4810,3304,14,169,504096398.55,7.0
4811,2513,4,103,375599670.18,5.0
4812,3783,8,72,237491130.4,3.5
4813,961,13,131,523514979.34,7.0
4814,4479,11,176,522300560.03,9.0
4815,2417,4,160,164896439.59,2.5
4816,2236,10,26,281035792.96,4.5
4817,3984,5,97,1792939571.78,25.0
4818,4731,1,150,885830474.67,15.0
4819,630,9,117,113672931.14,1.8
4820,1820,5,4,284693527.29,5.0
4821,111,11,133,535365051.23,9.0
4822,640,9,240,102490783.99,1.8
4823,70,4,69,388214186.7,5.0
4824,4205,4,114,184902785.53,2.5
4825,2427,11,135,1018391054.24,15.0
4826,4365,4,316,1242520378.85,25.0
4827,4042,12,245,798151269.09,13.5
4828,2421,1,313,202392126.9,3.0
4829,141,6,134,2129717295.01,33.6
4830,2045,6,349,522198147.22,8.4
4831,1338,14,304,516782612.66,7.0
4832,4273,3,52,520126571.43,6.6
4833,4879,12,157,314856858.1,4.5
4834,2115,14,177,270239514.65,3.5
4835,373,10,86,916802582.74,15.0
4836,3862,14,324,702542161.4,10.5
4837,4289,2,186,811930225.67,10.5
4838,2755,9,197,334309777.17,5.4
4839,2245,13,202,514181474.01,7.0
4840,2719,8,3,1073825617.56,17.5
4841,3752,13,129,191479167.34,3.5
4842,2118,4,122,774638258.46,12.5
4843,3829,8,292,506383816.97,7.0
4844,1210,6,127,281016361.58,4.2
4845,354,12,336,857734777.11,13.5
4846,1944,1,313,472924159.31,7.5
4847,3801,5,181,162338079.29,2.5
4848,620,1,100,383462452.48,7.5
4849,3657,15,337,1245938203.24,17.5
4850,2379,15,247,236313934.2,3.5
4851,4413,10,162,112983690.01,1.5
4852,3512,11,139,407710542.5,6.0
4853,4938,3,110,1269022989.68,16.5
4854,4258,9,160,115180430.21,1.8
4855,2932,5,356,391675731.41,5.0
4856,1198,13,48,274152795.51,3.5
4857,584,8,205,612154408.32,10.5
4858,3954,11,129,155833225.54,3.0
4859,775,1,153,528171610.7,7.5
4860,4070,7,125,204377232.38,3.0
4861,3011,8,344,224746773.34,3.5
4862,2437,1,276,283369584.14,4.5
4863,1727,5,217,1523892329.55,20.0
4864,1732,10,184,202893281.65,3.0
4865,1741,10,240,202910414.75,3.0
4866,1912,3,353,361512782.43,6.6
4867,2,10,280,1020695331.64,15.0
4868,733,4,302,780921104.52,12.5
4869,3387,4,176,559578910.76,7.5
4870,159,4,211,321051354.51,5.0
4871,789,3,69,230062480.53,3.3
4872,1768,14,3,392943966.79,7.0
4873,2657,14,241,990459410.27,17.5
4874,3900,14,142,1315245678.61,17.5
4875,3287,3,336,470812514.46,6.6
4876,1225,6,27,278211999.09,4.2
4877,1466,12,97,693071879.02,9.0
4878,2791,12,353,314879704.43,4.5
4879,2979,10,244,488848001.16,7.5
4880,4644,14,153,1624935345.79,28.0
4881,3977,9,152,1313737730.07,18.0
4882,1841,13,40,2123184714.31,28.0
4883,4456,9,74,450811341.19,5.4
4884,4035,12,22,678620258.52,9.0
4885,2476,6,166,260051653.71,4.2
4886,1504,6,363,825851196.66,12.6
4887,1243,10,115,260107102.28,3.0
4888,185,11,277,460320598.42,6.0
4889,1980,2,360,458937950.48,7.0
4890,2933,12,104,1459294674.16,22.5
4891,1061,1,41,95776335.53,1.5
4892,2119,12,171,1392941152.0,22.5
4893,3375,15,140,2489433841.48,35.0
4894,1892,6,46,1263600991.66,21.0
4895,3865,1,122,1220634176.11,15.0
4896,4814,12,193,257960333.75,4.5
4897,4560,1,190,503537502.4,7.5
4898,1103,5,262,334184488.21,5.0
4899,1798,6,113,790971473.77,12.6
4900,3982,1,248,348328518.37,4.5
4901,84,12,223,2800045857.06,45.0
4902,3283,8,9,635555913.05,10.5
4903,4580,6,341,490287233.91,8.4
4904,1598,2,32,1919917341.03,28.0
4905,4110,4,167,538242488.22,7.5
4906,2624,13,332,1719035191.81,28.0
4907,2095,1,108,513391102.41,7.5
4908,1986,5,70,698426478.5,12.5
4909,1269,14,270,348734994.01,7.0
4910,4372,11,172,192562273.43,3.0
4911,1667,4,270,160378478.07,2.5
4912,1470,4,313,128535963.71,2.5
4913,4199,7,205,321787019.22,4.5
4914,176,1,56,94732071.28,1.5
4915,746,14,294,237934164.35,3.5
4916,4646,7,22,225929911.83,3.0
4917,4708,6,204,2976864550.94,42.0
4918,530,6,244,472767517.38,8.4
4919,4018,10,175,610078620.35,12.0
4920,3840,3,68,424547791.45,6.6
4921,4193,3,54,189998199.75,3.3
4922,3675,4,253,306496590.35,5.0
4923,482,2,230,559071860.04,7.0
4924,305,2,121,252444385.19,3.5
4925,4414,9,133,125826811.5,1.8
4926,3688,12,43,285582254.23,4.5
4927,2024,9,259,891581843.95,14.4
4928,3177,13,9,659907383.35,10.5
4929,3544,13,168,204940289.52,3.5
4930,3944,11,94,185157168.9,3.0
4931,958,12,173,782198877.4,13.5
4932,1676,4,51,661145935.05,12.5
4933,3136,2,113,1707136048.41,28.0
4934,4975,3,37,1081710282.19,16.5
4935,2055,1,99,157255276.73,3.0
4936,4235,11,186,357267326.27,6.0
4937,4344,1,257,502417532.36,7.5
4938,2681,1,192,283149753.06,4.5
4939,3280,4,103,148711670.84,2.5
4940,3594,4,130,136956871.12,2.5
4941,869,8,99,2198068416.63,35.0
4942,4153,6,52,584445027.75,8.4
4943,3603,9,200,278909521.96,3.6
4944,3101,3,44,244493802.22,3.3
4945,2413,7,251,101792418.36,1.5
4946,2800,2,173,594609030.64,10.5
4947,3436,11,196,1442920327.48,30.0
4948,2269,12,191,714435446.34,9.0
4949,2162,14,349,1330841555.0,17.5
4950,4578,8,317,664376442.36,10.5
4951,1086,4,84,185652752.0,2.5
4952,4896,2,52,180836326.54,3.5
4953,1647,9,72,623623208.57,9.0
4954,2208,3,149,389715387.78,6.6
4955,1085,1,77,236001268.37,4.5
4956,4288,3,110,431138790.2,6.6
4957,1201,5,188,951953409.75,12.5
4958,2451,6,342,316455434.03,4.2
4959,2078,4,207,556839913.63,7.5
4960,4413,2,20,1081884023.21,17.5
4961,2301,10,240,307968807.07,4.5
4962,2708,2,354,580928575.59,10.5
4963,3167,15,76,208529540.81,3.5
4964,3289,1,131,1123101662.95,15.0
4965,4213,14,83,462845604.54,7.0
4966,2353,11,223,762425083.03,15.0
4967,1494,2,267,2959998677.36,35.0
4968,3992,8,293,724730791.81,10.5
4969,784,13,209,391925102.69,7.0
4970,1568,9,105,491970618.14,9.0
4971,4724,5,209,480574246.73,7.5
4972,4106,1,132,499869280.1,7.5
4973,3563,9,330,1351464180.31,18.0
4974,4457,14,197,1721388977.37,28.0
4975,2438,15,228,257365602.02,3.5
4976,353,8,272,483414848.23,7.0
4977,3678,14,281,247775282.36,3.5
4978,4293,11,334,1421876778.78,30.0
4979,1602,3,212,1030845751.65,16.5
4980,2167,9,270,249156923.67,3.6
4981,4860,14,206,981030616.31,17.5
4982,2185,2,178,647577524.9,10.5
4983,2203,1,262,86986434.5,1.5
4984,1821,10,188,484924819.79,7.5
4985,4476,13,351,373764686.01,7.0
4986,1760,3,35,456136490.98,6.6
4987,3967,3,363,396766035.64,6.6
4988,1321,13,275,560517932.06,10.5
4989,2161,8,176,250559689.35,3.5
4990,1895,11,148,410847513.77,9.0
4991,972,8,19,526508782.36,7.0
4992,4625,5,322,1558384248.87,25.0
4993,1116,13,344,1625937332.82,28.0
4994,1616,6,45,227348027.45,4.2
4995,689,10,172,200833896.33,3.0
4996,1448,5,267,158550721.7,2.5
4997,2123,2,286,623834071.92,10.5
4998,2391,9,354,922745886.2,14.4
4999,2292,3,264,223225853.24,3.3
5000,193,8,355,490294677.78,10.5
5001,524,6,58,2356490267.96,42.0
5002,818,14,322,268784734.7,3.5
5003,2458,9,256,592497276.21,9.0
5004,3146,7,183,531711234.92,7.5
5005,863,2,144,1278754535.69,17.5
5006,422,8,162,227718371.31,3.5
5007,3054,4,266,1388224105.37,25.0
5008,3580,1,188,173146286.5,3.0
5009,341,5,57,188603773.17,2.5
5010,1774,3,30,1023468943.98,16.5
5011,2191,5,162,212045633.54,2.5
5012,3741,14,42,251610920.48,3.5
5013,3431,1,108,870529018.22,12.0
5014,258,10,254,788634305.41,12.0
5015,763,7,88,216374304.56,3.0
5016,3137,9,136,125263562.55,1.8
5017,1875,1,248,182033564.4,3.0
5018,3330,1,226,615992360.74,7.5
5019,2281,13,337,1026243980.25,17.5
5020,4880,7,151,686803563.78,12.0
5021,868,4,332,483085570.5,7.5
5022,476,3,138,686608194.31,9.9
5023,1989,10,303,176668167.75,3.0
5024,3434,1,346,1302627848.4,15.0
5025,1756,5,192,1235599297.98,20.0
5026,591,15,198,194061922.19,3.5
5027,3499,7,31,316436629.88,4.5
5028,3734,4,37,403391466.38,5.0
5029,3141,10,301,112324992.41,1.5
5030,2997,10,115,956012149.54,15.0
5031,281,10,75,170755674.33,3.0
5032,969,1,227,272246621.15,4.5
5033,1501,1,115,214463555.47,3.0
5034,2220,5,346,365938719.98,5.0
5035,3437,5,109,429430482.79,7.5
5036,4765,7,256,289225529.18,4.5
5037,3162,13,124,202430083.39,3.5
5038,759,5,290,452417410.73,7.5
5039,1587,1,297,168449883.66,3.0
5040,2141,10,217,1097155641.49,15.0
5041,3642,14,180,187747412.17,3.5
5042,420,11,242,456316775.43,6.0
5043,826,14,80,1042472653.07,17.5
5044,3629,4,38,1580000038.01,25.0
5045,4949,1,162,743720094.96,12.0
5046,3348,15,221,1451917197.59,17.5
5047,1003,12,127,1421442617.07,22.5
5048,2928,4,271,158634605.98,2.5
5049,1307,11,129,193553864.91,3.0
5050,1961,3,354,196160978.82,3.3
5051,4132,3,20,226176479.96,3.3
5052,4403,6,164,822965276.46,12.6
5053,2729,8,71,1139770345.89,17.5
5054,2930,12,356,517345067.55,9.0
5055,2936,2,136,524667919.33,10.5
5056,4401,5,343,119308175.53,2.5
5057,4710,6,195,1889803671.29,42.0
5058,425,12,313,2280323442.55,36.0
5059,2363,8,251,725017542.17,10.5
5060,2625,15,245,438307821.59,7.0
5061,2787,9,241,358874623.92,5.4
5062,1582,6,132,321833355.73,4.2
5063,2105,1,243,497154159.44,7.5
5064,505,15,256,418005818.17,7.0
5065,1787,12,240,3724907338.1,45.0
5066,3060,4,221,1683165408.15,20.0
5067,1954,1,259,93945009.09,1.5
5068,3664,13,256,415202464.86,7.0
5069,4706,6,9,245454770.48,4.2
5070,3721,7,208,563472348.18,7.5
5071,1459,8,133,1553384184.67,28.0
5072,3863,4,274,198580662.9,2.5
5073,4499,13,224,1805610463.91,28.0
5074,3586,6,317,1571268286.8,21.0
5075,4367,14,103,661062690.46,10.5
5076,1301,5,292,804619830.47,12.5
5077,2601,10,85,549037146.73,7.5
5078,4695,6,169,2067911660.64,33.6
5079,4247,8,258,1740321436.28,35.0
5080,3863,1,301,587993377.4,7.5
5081,3023,9,11,105410521.82,1.8
5082,4980,8,120,554716776.5,7.0
5083,4790,2,13,1245679003.32,17.5
5084,709,6,280,2271417145.19,33.6
5085,1548,12,219,623364598.5,9.0
5086,1194,12,113,585499102.44,9.0
5087,2085,5,296,678305750.86,12.5
5088,1322,5,209,138524286.65,2.5
5089,1262,7,278,176213204.81,3.0
5090,1777,3,73,233219870.88,3.3
5091,3549,2,350,762263278.36,10.5
5092,4870,2,36,1665805913.6,28.0
5093,1652,11,265,601759876.12,9.0
5094,1299,9,330,98288167.45,1.8
5095,254,1,1,81648739.33,1.5
5096,772,6,263,2796269902.84,42.0
5097,4292,12,85,1274615901.38,22.5
5098,2208,12,202,823085981.75,13.5
5099,428,1,274,225986659.95,3.0
5100,629,7,327,1194647027.98,15.0
5101,2572,11,56,399993591.39,9.0
5102,2190,14,152,248647792.97,3.5
5103,4171,9,255,117324930.13,1.8
5104,1948,7,227,265350505.54,4.5
5105,2411,11,260,423833953.17,6.0
5106,1552,8,248,265015319.5,3.5
5107,3315,9,171,191157678.02,3.6
5108,63,8,314,435651106.66,7.0
5109,49,10,232,857899268.57,15.0
5110,49,15,283,256764600.83,3.5
5111,4755,6,109,230086902.59,4.2
5112,135,14,81,1797328483.46,28.0
5113,3025,15,161,205017912.81,3.5
5114,2483,11,277,157439894.49,3.0
5115,1771,2,293,733023261.99,10.5
5116,4608,10,237,856698698.78,12.0
5117,3683,13,106,1902062139.11,28.0
5118,2547,1,198,201475339.69,3.0
5119,3370,14,151,227973963.68,3.5
5120,2086,12,66,816506277.13,13.5
5121,1172,11,81,367597943.62,6.0
5122,4280,14,62,465852486.03,7.0
5123,4707,9,220,232881060.76,3.6
5124,2676,7,76,190250007.69,3.0
5125,3273,4,154,342266668.65,5.0
5126,63,6,317,259894780.94,4.2
5127,416,10,206,282661892.44,4.5
5128,107,3,198,431282834.39,6.6
5129,1982,7,184,491416647.29,7.5
5130,4770,10,197,95860219.85,1.5
5131,2789,10,58,491767997.3,7.5
5132,2789,9,157,243103777.38,3.6
5133,4314,2,326,491400924.66,7.0
5134,3525,5,25,371036461.38,5.0
5135,2101,10,263,171193110.26,3.0
5136,3870,13,258,666819912.37,10.5
5137,291,5,113,709200685.36,12.5
5138,4352,14,332,248838194.11,3.5
5139,2492,4,90,295595721.56,5.0
5140,4787,10,247,100642208.1,1.5
5141,813,15,276,471306352.12,7.0
5142,4289,7,150,233387941.37,3.0
5143,1238,8,122,193902900.06,3.5
5144,123,1,88,233274907.22,4.5
5145,4506,10,205,107461279.46,1.5
5146,4985,13,169,426626913.28,7.0
5147,3718,5,35,130008221.2,2.5
5148,2393,4,193,1159831213.1,20.0
5149,1131,10,130,94100387.96,1.5
5150,2461,4,278,283299568.65,5.0
5151,673,2,66,812382929.96,10.5
5152,3763,1,257,286966007.82,4.5
5153,3528,10,253,172019047.58,3.0
5154,4949,3,326,622625266.05,9.9
5155,2368,10,178,1044421091.26,15.0
5156,4384,11,53,957120507.77,15.0
5157,4092,1,283,117109483.14,1.5
5158,3999,13,77,235988131.87,3.5
5159,3189,9,93,141401757.53,1.8
5160,3194,14,211,566901559.71,7.0
5161,3409,8,315,726946052.54,10.5
5162,4295,11,178,239486582.26,3.0
5163,2040,5,255,339518871.32,5.0
5164,1722,13,329,245904240.0,3.5
5165,2915,12,234,1395847265.6,22.5
5166,1693,1,175,83883425.47,1.5
5167,725,12,178,321564205.16,4.5
5168,2143,14,115,195866144.32,3.5
5169,2196,11,340,161479204.85,3.0
5170,3640,9,277,1012796211.11,14.4
5171,1700,3,54,1607714068.79,26.4
5172,4284,8,60,617180447.87,10.5
5173,1283,12,15,597865229.8,9.0
5174,1141,6,247,324764087.29,4.2
5175,180,6,256,236087777.01,4.2
5176,3539,9,100,121592683.52,1.8
5177,3433,10,206,98326142.94,1.5
5178,1121,14,286,467159388.35,7.0
5179,4400,6,231,2468824866.26,42.0
5180,1474,10,101,81249878.15,1.5
5181,2340,3,146,826966048.72,9.9
5182,2567,13,362,247813739.74,3.5
5183,4836,9,293,383676595.52,5.4
5184,2337,8,293,285356923.35,7.0
5185,1353,11,93,988768404.19,15.0
5186,1570,6,176,430166871.07,8.4
5187,2109,6,193,523422780.53,8.4
5188,932,14,193,1143440246.81,17.5
5189,2615,1,71,92423492.5,1.5
5190,607,7,97,304115648.58,4.5
5191,1656,15,70,402022219.92,7.0
5192,1857,9,102,102487374.24,1.8
5193,1356,11,261,197182478.58,3.0
5194,184,13,125,287320670.68,3.5
5195,2500,7,27,476470278.41,7.5
5196,4167,7,116,225951497.87,4.5
5197,1346,9,53,652716716.94,9.0
5198,1194,14,336,218561309.51,3.5
5199,4148,12,146,1580027972.81,22.5
5200,3975,5,240,152126399.16,2.5
5201,3296,5,279,301917931.48,5.0
5202,3568,4,103,427231376.56,7.5
5203,2659,2,353,228276540.48,3.5
5204,408,13,64,2060847847.54,35.0
5205,1032,11,58,179328929.03,3.0
5206,4704,14,208,781388383.45,10.5
5207,4696,9,167,217953706.54,3.6
5208,2363,2,207,618447555.86,7.0
5209,1908,13,144,184859635.88,3.5
5210,4862,11,170,180568419.37,3.0
5211,3304,9,242,120872540.98,1.8
5212,1929,15,21,225366308.22,3.5
5213,2039,4,76,855519006.4,12.5
5214,3592,13,313,784398498.76,10.5
5215,3087,8,321,250946349.32,3.5
5216,2388,15,307,513228714.75,7.0
5217,4802,1,43,309482457.18,4.5
5218,349,5,315,1571932432.56,20.0
5219,2092,4,356,865030452.32,12.5
5220,3262,1,300,200504551.53,3.0
5221,2129,10,136,721685290.5,12.0
5222,1421,12,42,312324617.58,4.5
5223,2951,9,206,114590315.59,1.8
5224,2811,14,226,450810580.88,7.0
5225,1059,12,196,3504236242.64,45.0
5226,916,13,311,246038754.66,3.5
5227,4192,12,361,2982870651.8,45.0
5228,2666,3,346,192958058.96,3.3
5229,597,8,141,621248461.56,10.5
5230,4017,3,162,205634566.49,3.3
5231,4527,8,298,197865682.93,3.5
5232,3391,15,231,1185810110.93,17.5
5233,4562,10,94,95572146.16,1.5
5234,34,15,161,1270598022.71,17.5
5235,831,3,199,255703638.66,3.3
5236,2478,4,155,561629695.11,7.5
5237,4629,1,109,498485429.99,7.5
5238,927,7,321,597073075.57,12.0
5239,3414,2,364,419614969.3,7.0
5240,1585,4,258,325504340.05,5.0
5241,985,12,245,616209866.17,9.0
5242,149,15,248,224096465.97,3.5
5243,246,3,200,343494664.47,6.6
5244,4573,3,345,2054641094.19,33.0
5245,2869,15,212,288013082.93,3.5
5246,499,1,346,286167212.49,4.5
5247,2862,10,234,111778826.88,1.5
5248,482,5,60,180245841.52,2.5
5249,3572,14,339,231478146.56,3.5
5250,2297,9,236,236000185.15,3.6
5251,1433,1,107,95139695.16,1.5
5252,1596,10,179,1097327274.79,15.0
5253,1253,3,352,455055552.25,6.6
5254,1627,3,289,2173673426.53,26.4
5255,4743,13,187,461894113.88,7.0
5256,3146,1,351,278727328.57,4.5
5257,2622,4,165,665098443.48,12.5
5258,3982,4,82,331055032.94,5.0
5259,724,12,137,540128335.52,9.0
5260,1226,8,46,276550263.14,3.5
5261,3763,4,1,231915221.3,2.5
5262,1851,14,353,464831735.9,7.0
5263,1530,8,53,2084265541.81,28.0
5264,4881,11,148,581176953.53,9.0
5265,4410,8,261,1129525909.0,17.5
5266,566,10,294,203161074.29,3.0
5267,2423,8,91,438780728.43,7.0
5268,4245,10,49,271669650.29,4.5
5269,4262,12,107,1024677350.21,13.5
5270,2843,7,172,111412834.15,1.5
5271,3450,9,153,397989675.9,5.4
5272,818,11,299,196582694.39,3.0
5273,2922,3,241,494259778.37,6.6
5274,4834,4,271,273205584.35,5.0
5275,3845,11,101,967710838.01,15.0
5276,3153,15,120,724099763.97,10.5
5277,3884,13,39,668506694.09,10.5
5278,2153,1,342,92932186.48,1.5
5279,3454,1,173,684324344.32,12.0
5280,370,3,103,385468599.49,6.6
5281,2756,7,225,652318304.95,12.0
5282,3515,4,67,444343359.79,7.5
5283,1193,14,358,243276386.33,3.5
5284,2737,15,250,2172733760.72,35.0
5285,555,2,262,525853032.56,7.0
5286,1598,14,9,1189753917.99,17.5
5287,834,12,102,770560663.83,13.5
5288,4306,6,305,239073517.28,4.2
5289,1353,10,48,70947474.96,1.5
5290,2700,5,234,176170018.91,2.5
5291,4539,11,62,186147385.4,3.0
5292,2602,6,357,512354406.58,8.4
5293,1726,6,146,244598430.43,4.2
5294,2412,9,157,109440884.34,1.8
5295,4968,11,178,2363445161.19,30.0
5296,115,12,84,597548639.89,9.0
5297,3615,9,210,134183791.54,1.8
5298,775,5,71,788695011.97,12.5
5299,1616,12,300,705973160.78,9.0
5300,4034,2,114,230037016.55,3.5
5301,3972,4,245,781371093.54,12.5
5302,57,10,269,474441231.59,7.5
5303,686,9,205,148433139.84,1.8
5304,2211,15,199,709187402.18,10.5
5305,453,5,187,389409562.88,5.0
5306,3471,10,182,435604927.0,7.5
5307,4871,7,70,994013113.6,15.0
5308,2238,1,348,108992371.49,1.5
5309,2182,4,32,489666080.73,7.5
5310,2769,4,362,403045264.86,5.0
5311,4379,9,273,909387985.9,14.4
5312,4150,3,141,459577934.58,6.6
5313,4972,12,38,233186721.3,4.5
5314,436,15,335,587896229.99,10.5
5315,2540,5,204,447751161.94,7.5
5316,2448,3,357,887902630.21,16.5
5317,694,7,68,182778951.74,3.0
5318,2035,8,122,1255181957.36,17.5
5319,4468,10,244,305735443.02,4.5
5320,1654,7,93,769105690.26,12.0
5321,2200,13,22,952931706.01,17.5
5322,2061,1,207,813717500.88,12.0
5323,1909,6,247,790143851.56,12.6
5324,493,8,324,1638860505.64,28.0
5325,2412,3,70,490607855.36,6.6
5326,760,8,325,247031497.17,3.5
5327,3661,14,316,438556584.67,7.0
5328,3249,11,315,370439351.37,6.0
5329,3699,13,152,516661635.71,7.0
5330,746,7,89,597307282.06,7.5
5331,130,8,51,151094087.29,3.5
5332,558,8,43,546898232.08,7.0
5333,3618,8,29,851126289.55,10.5
5334,1618,5,349,1172915733.34,20.0
5335,4719,6,21,2267891877.7,33.6
5336,845,14,289,401251273.18,7.0
5337,1387,8,197,205198981.11,3.5
5338,1598,14,288,612691767.95,10.5
5339,1263,5,223,355073180.5,5.0
5340,2127,12,188,2364805308.69,36.0
5341,4404,14,48,288302596.9,3.5
5342,556,3,150,2136706157.84,33.0
5343,4001,6,104,515940955.55,8.4
5344,113,7,168,792852640.29,12.0
5345,1086,11,57,217400837.36,3.0
5346,3346,1,204,230036541.75,3.0
5347,4403,9,282,779929550.46,14.4
5348,2147,9,251,496504819.79,9.0
5349,866,10,166,287516652.98,4.5
5350,21,7,301,165943382.23,3.0
5351,621,13,314,443616246.42,7.0
5352,3978,15,304,523572038.03,10.5
5353,245,15,311,397766294.03,7.0
5354,3455,4,205,178621923.39,2.5
5355,3370,1,319,100216872.14,1.5
5356,2944,11,127,189118704.16,3.0
5357,1604,7,354,320483599.18,4.5
5358,3527,13,205,203728952.38,3.5
5359,517,1,279,219048715.98,3.0
5360,2658,4,176,738344184.78,12.5
5361,3887,12,77,970811643.26,13.5
5362,419,3,35,403003506.79,6.6
5363,3079,11,107,219131367.01,3.0
5364,2182,11,346,302790893.31,6.0
5365,2067,15,172,2276899628.7,35.0
5366,908,9,130,220282409.3,3.6
5367,92,13,208,215634822.03,3.5
5368,22,2,113,1243373717.66,17.5
5369,1868,11,166,434264298.56,6.0
5370,397,2,267,174109083.87,3.5
5371,2753,7,81,523992730.74,7.5
5372,437,15,92,966087585.42,17.5
5373,2139,7,124,486418217.49,7.5
5374,3654,8,202,556260967.17,10.5
5375,4047,1,32,313907871.21,4.5
5376,536,10,132,424949445.06,7.5
5377,2945,8,84,244188752.18,3.5
5378,4498,3,92,454169116.23,6.6
5379,3280,14,333,1874844571.6,28.0
5380,1278,7,283,190932374.54,3.0
5381,1353,3,3,817739287.12,16.5
5382,3770,4,233,297388912.3,5.0
5383,3332,10,85,92803955.68,1.5
5384,4137,6,3,1401185196.68,21.0
5385,202,6,179,1106426975.07,21.0
5386,347,3,194,309152679.49,6.6
5387,2588,14,355,345562759.79,7.0
5388,1767,2,170,241825345.58,3.5
5389,4420,12,23,1310536620.91,22.5
5390,1416,4,327,135836837.54,2.5
5391,900,8,57,703486759.98,10.5
5392,2137,5,294,905700881.03,12.5
5393,3400,14,161,480438034.17,7.0
5394,1444,15,85,906338875.37,10.5
5395,4635,14,339,421490744.06,7.0
5396,3268,15,98,315339595.69,3.5
5397,4211,7,322,214381272.94,3.0
5398,1601,2,174,1002208117.79,17.5
5399,853,13,184,177407845.99,3.5
5400,4415,4,34,320563813.99,5.0
5401,4677,6,314,533766355.56,8.4
5402,3909,15,72,2142718477.55,28.0
5403,51,6,110,456653680.14,8.4
5404,4008,11,292,188659921.19,3.0
5405,2864,7,148,659328512.29,12.0
5406,4641,10,34,190837567.7,3.0
5407,4827,10,18,466734139.81,7.5
5408,3366,13,35,219893075.8,3.5
5409,2294,12,218,551028235.09,9.0
5410,600,10,229,492249674.66,7.5
5411,1824,14,307,455942149.95,7.0
5412,1134,7,34,325642840.69,4.5
5413,506,8,232,676097146.72,10.5
5414,1715,4,196,319774666.18,5.0
5415,3503,6,1,572951308.78,8.4
5416,976,14,9,521271206.47,10.5
5417,2871,1,248,404668764.98,7.5
5418,4164,11,134,223304765.61,3.0
5419,1220,13,17,433390583.43,7.0
5420,4552,2,309,213598540.75,3.5
5421,738,7,301,230493646.38,4.5
5422,4969,6,310,252928180.65,4.2
5423,2150,15,123,477150615.18,7.0
5424,3224,8,21,218816980.91,3.5
5425,370,12,254,888087384.38,13.5
5426,451,9,178,602561141.61,9.0
5427,369,3,244,400015004.27,6.6
5428,755,1,204,297321259.58,4.5
5429,1964,10,39,205595132.29,3.0
5430,914,12,134,543155775.22,9.0
5431,3421,10,83,94797758.46,1.5
5432,2049,13,132,206538596.54,3.5
5433,2481,6,95,578615932.91,8.4
5434,1998,13,104,1708598074.05,28.0
5435,3503,6,242,2222974724.67,33.6
5436,2130,10,7,89537895.01,1.5
5437,822,4,317,168384963.63,2.5
5438,3193,4,358,773701072.69,12.5
5439,2111,4,190,430102875.53,7.5
5440,4789,11,350,194719820.03,3.0
5441,536,2,175,457518822.8,7.0
5442,3215,10,341,185569424.86,3.0
5443,609,5,314,511536210.32,7.5
5444,2725,11,113,378030784.33,6.0
5445,4077,9,326,1020795255.01,14.4
5446,31,15,157,472619998.27,7.0
5447,2981,6,41,1481640376.31,21.0
5448,4018,9,347,319014970.57,5.4
5449,1940,4,58,342243137.14,5.0
5450,927,13,114,673782276.01,10.5
5451,3261,10,159,631072512.31,12.0
5452,2079,6,265,514687561.97,8.4
5453,1788,5,283,369391107.15,5.0
5454,4500,7,359,86592045.28,1.5
5455,4370,6,149,2709652434.29,42.0
5456,3256,10,322,212691011.87,3.0
5457,1952,9,156,604088037.52,9.0
5458,656,10,133,221905751.55,3.0
5459,1164,15,354,1096234208.32,17.5
5460,634,14,282,244313617.45,3.5
5461,769,12,323,307750259.93,4.5
5462,4111,3,143,435674601.09,6.6
5463,2076,6,295,2798802110.56,42.0
5464,2225,14,296,2357247261.04,28.0
5465,4090,7,305,288058064.93,4.5
5466,4428,12,100,1256911378.25,22.5
5467,1209,13,180,196518468.48,3.5
5468,2290,3,331,591500388.04,9.9
5469,4149,1,198,857034717.84,15.0
5470,1179,3,41,232595406.7,3.3
5471,866,14,59,200248205.01,3.5
5472,1573,15,163,1071707781.67,17.5
5473,1542,7,227,241606624.18,4.5
5474,4439,11,306,390900154.76,6.0
5475,604,3,88,2039894176.91,33.0
5476,6,14,209,1700127988.2,28.0
5477,119,15,239,249606177.92,3.5
5478,4065,14,63,2457862109.71,35.0
5479,1006,11,75,316786828.47,6.0
5480,878,8,181,1786371468.14,28.0
5481,4446,7,202,254325885.98,4.5
5482,4603,11,80,187826980.87,3.0
5483,3230,3,325,469121284.69,6.6
5484,3219,15,284,655568541.06,10.5
5485,4287,11,230,583004846.66,9.0
5486,4213,1,119,170683099.38,3.0
5487,1833,7,266,102466247.96,1.5
5488,3655,8,50,237401815.31,3.5
5489,2256,14,330,1647822638.91,28.0
5490,2726,13,137,487235107.58,7.0
5491,3543,7,62,109897970.72,1.5
5492,4182,10,43,320803211.6,4.5
5493,4916,8,175,213348210.56,3.5
5494,469,5,144,301092284.62,5.0
5495,987,5,187,140192420.1,2.5
5496,3320,1,255,360673553.76,4.5
5497,3022,2,163,208618077.73,3.5
5498,4688,10,82,89777855.5,1.5
5499,1421,13,271,1823884639.2,28.0
5500,1480,8,350,646231820.47,10.5
5501,2037,6,174,2636810083.4,42.0
5502,2615,5,214,148125669.4,2.5
5503,3969,9,125,334649966.1,5.4
5504,3578,2,248,493732604.0,7.0
5505,3609,14,36,1148706950.87,17.5
5506,120,3,306,1876615944.69,26.4
5507,4064,5,365,156356162.78,2.5
5508,612,9,272,269681735.49,3.6
5509,4787,10,307,417944236.31,7.5
5510,2101,10,147,95625988.77,1.5
5511,3414,11,67,180536340.56,3.0
5512,9,6,344,326102086.59,4.2
5513,2448,3,4,190881619.2,3.3
5514,4460,2,182,438065560.6,7.0
5515,3967,1,19,166769027.51,3.0
5516,1549,4,314,188998878.94,2.5
5517,3295,10,341,125404264.98,1.5
5518,723,12,139,1098968926.03,13.5
5519,4402,5,281,387364453.68,5.0
5520,969,13,32,1699037569.38,28.0
5521,4436,9,24,977820472.98,14.4
5522,2846,6,234,273228292.92,4.2
5523,1853,1,185,121682318.65,1.5
5524,4636,6,306,843626512.67,12.6
5525,3374,2,287,553445423.89,10.5
5526,291,2,243,228261972.84,3.5
5527,4473,11,12,938985728.73,15.0
5528,3480,14,329,213013160.36,3.5
5529,4121,9,221,125178388.41,1.8
5530,1382,15,334,193902849.92,3.5
5531,3165,11,58,853054505.74,15.0
5532,2332,6,278,3012161083.72,42.0
5533,1191,13,263,524457459.91,7.0
5534,1865,4,6,1660258917.77,25.0
5535,4277,4,89,1607470247.02,25.0
5536,3688,13,148,402570381.97,7.0
5537,4213,4,134,421740897.37,7.5
5538,917,12,276,1798088095.04,22.5
5539,2745,2,161,241175958.8,3.5
5540,1630,5,300,342193449.37,5.0
5541,4508,5,245,460607082.58,7.5
5542,1553,5,171,191225236.42,2.5
5543,1510,8,62,725532175.56,10.5
5544,4979,4,121,1583230787.05,20.0
5545,1212,8,267,1705276212.42,28.0
5546,3397,12,175,3065687421.29,45.0
5547,1935,15,27,566491307.29,10.5
5548,3389,8,275,791984901.59,10.5
5549,443,15,202,748921851.74,10.5
5550,3756,5,13,500639700.53,7.5
5551,2411,10,129,279590655.4,4.5
5552,485,11,294,370951515.03,6.0
5553,1642,5,160,152689557.38,2.5
5554,851,3,10,2607314860.09,33.0
5555,2911,15,225,1534799028.05,28.0
5556,1132,15,157,1783001172.41,28.0
5557,4366,3,58,207584120.72,3.3
5558,3723,15,293,1963643606.33,28.0
5559,4970,7,190,217249663.0,3.0
5560,925,1,254,290750847.67,4.5
5561,3972,3,219,1277346472.85,16.5
5562,1119,4,338,153509021.51,2.5
5563,4073,9,180,542515396.72,9.0
5564,2310,1,311,964526376.3,12.0
5565,3687,14,98,228689110.46,3.5
5566,160,8,141,496688975.75,7.0
5567,4978,14,364,485315964.83,7.0
5568,703,5,116,183261460.68,2.5
5569,3086,14,95,589600411.89,10.5
5570,326,8,151,1937477701.47,35.0
5571,3914,8,235,245338073.06,3.5
5572,1763,5,227,1998657542.09,25.0
5573,2563,4,59,655408954.29,12.5
5574,2147,12,109,789526348.61,13.5
5575,692,10,232,291955404.82,4.5
5576,2489,4,66,134733067.11,2.5
5577,4824,13,303,355725212.97,7.0
5578,2553,5,138,183032252.3,2.5
5579,233,10,82,947939165.86,15.0
5580,4503,13,60,1218177370.26,17.5
5581,4367,14,335,354279831.36,7.0
5582,1231,9,240,271140052.58,5.4
5583,528,5,247,159955857.54,2.5
5584,601,6,96,821380823.94,12.6
5585,729,2,241,606773244.89,10.5
5586,3298,3,49,354772556.01,6.6
5587,3189,4,241,346401132.46,5.0
5588,4059,8,209,1024029805.56,17.5
5589,1446,14,312,507111142.59,7.0
5590,2993,3,332,720883417.45,9.9
5591,4728,8,323,414907228.66,7.0
5592,410,10,102,225351629.61,3.0
5593,4208,11,222,1841849546.93,24.0
5594,3004,7,134,641947694.56,12.0
5595,896,1,261,109653134.95,1.5
5596,1698,5,73,122710327.46,2.5
5597,3910,15,288,1922727167.85,35.0
5598,149,10,106,93416514.95,1.5
5599,3008,1,311,97537263.67,1.5
5600,2207,10,89,223523662.25,3.0
5601,4236,4,124,318682647.19,5.0
5602,733,7,93,915422223.16,15.0
5603,2998,15,34,2220298805.48,35.0
5604,1644,15,350,747064587.58,10.5
5605,4334,9,176,95234589.66,1.8
5606,1035,13,310,2166938691.71,35.0
5607,4944,4,7,289310901.17,5.0
5608,2079,10,53,664081278.57,12.0
5609,4730,13,134,462510650.67,7.0
5610,4598,9,1,447631165.14,9.0
5611,1517,6,256,2125717483.44,33.6
5612,3322,10,111,913976840.77,15.0
5613,4230,3,249,355453885.99,6.6
5614,642,3,69,433993964.62,6.6
5615,2927,2,103,222891588.12,3.5
5616,4378,3,281,257819299.75,3.3
5617,1263,12,178,1438119844.44,22.5
5618,4248,3,329,886435611.07,16.5
5619,919,13,2,1302740450.02,17.5
5620,2593,6,185,1457140544.11,21.0
5621,37,7,169,606912001.27,7.5
5622,2932,6,362,987928945.58,12.6
5623,3305,11,159,300134746.71,6.0
5624,2870,6,44,486463526.37,8.4
5625,1283,4,140,531851180.32,7.5
5626,2160,15,177,1240334030.9,17.5
5627,3076,11,278,428192150.72,6.0
5628,3893,15,219,1541236853.01,28.0
5629,1152,2,270,398182685.49,7.0
5630,2867,13,168,606453513.24,10.5
5631,110,2,93,1251996594.18,17.5
5632,1960,14,120,602905250.73,10.5
5633,3578,5,197,440512571.44,7.5
5634,4849,12,68,899897395.18,13.5
5635,3850,13,237,602265885.0,10.5
5636,1514,3,272,360262466.4,6.6
5637,1243,6,155,314955570.96,4.2
5638,2891,13,331,1096398935.82,17.5
5639,2712,4,105,156026849.89,2.5
5640,4765,1,97,105494728.69,1.5
5641,2608,5,189,191932014.64,2.5
5642,4969,8,304,698788303.87,10.5
5643,1754,14,204,2527133185.43,35.0
5644,456,7,253,294640174.44,4.5
5645,4295,4,290,322927074.61,5.0
5646,5000,7,42,172511551.61,3.0
5647,639,11,248,600155526.34,9.0
5648,1489,2,297,427424684.34,7.0
5649,2338,1,44,172308111.5,3.0
5650,3688,5,306,132824583.37,2.5
5651,3253,14,332,212144355.69,3.5
5652,97,15,171,483485248.53,7.0
5653,736,9,239,333586611.23,5.4
5654,4758,15,181,387897586.81,7.0
5655,1964,9,47,1267684740.83,18.0
5656,4854,15,352,725704892.98,10.5
5657,336,10,115,276834165.3,4.5
5658,3794,2,318,2087984246.31,35.0
5659,4262,4,45,431267706.95,7.5
5660,3222,10,134,184855386.11,3.0
5661,3598,10,42,199600433.49,3.0
5662,4668,2,88,732879466.85,10.5
5663,1426,2,176,1010095797.62,17.5
5664,236,7,196,229019848.92,4.5
5665,92,6,314,277834303.61,4.2
5666,1783,13,186,1014635158.32,17.5
5667,3881,14,153,538254955.29,7.0
5668,4389,8,136,363360501.39,7.0
5669,3488,8,259,520672902.33,7.0
5670,4205,9,172,122785373.44,1.8
5671,2159,5,246,366019626.13,5.0
5672,3968,4,191,181074512.43,2.5
5673,1815,9,234,267482842.78,3.6
5674,558,10,142,534175063.81,7.5
5675,713,12,183,337083921.06,4.5
5676,1788,2,354,1184854104.28,17.5
5677,2091,8,230,242019456.64,3.5
5678,2736,13,65,1013709624.12,17.5
5679,3607,4,344,121660356.04,2.5
5680,1443,13,351,673285950.31,10.5
5681,2032,1,317,103912601.61,1.5
5682,439,10,291,748202229.02,12.0
5683,4224,6,269,600901283.09,8.4
5684,1988,1,320,91405102.65,1.5
5685,1251,3,106,1619194415.51,26.4
5686,3250,13,238,415360479.55,7.0
5687,4297,2,117,217018819.26,3.5
5688,1198,10,147,760243303.92,12.0
5689,2307,12,156,279334852.51,4.5
5690,2415,15,192,1075242589.41,17.5
5691,3173,14,87,1802513274.88,28.0
5692,2017,9,136,262655013.63,3.6
5693,3411,7,242,119830908.07,1.5
5694,4394,3,234,1377332822.34,26.4
5695,1701,2,131,975334770.67,17.5
5696,912,12,354,851658469.5,13.5
5697,4827,4,155,331416824.65,5.0
5698,362,12,240,1598268195.17,22.5
5699,3252,3,268,177054069.01,3.3
5700,995,9,327,766704162.87,14.4
5701,83,6,33,748917067.27,12.6
5702,3456,9,274,115721335.83,1.8
5703,1245,9,142,266784602.27,5.4
5704,3587,9,327,125388933.37,1.8
5705,2107,5,202,1325037230.08,20.0
5706,3667,9,4,632560109.16,9.0
5707,216,15,305,682061052.62,10.5
5708,1580,13,3,203145489.08,3.5
5709,3997,1,193,316682534.04,4.5
5710,365,4,63,150886973.03,2.5
5711,66,15,78,652156008.16,10.5
5712,1244,13,204,159213635.07,3.5
5713,53,3,193,198536669.47,3.3
5714,121,13,104,515576980.64,7.0
5715,4525,4,257,174607897.37,2.5
5716,2463,4,84,336041358.05,5.0
5717,955,14,143,1202529864.37,17.5
5718,507,11,246,384678006.11,6.0
5719,1069,1,209,85529038.16,1.5
5720,1624,2,338,211795270.48,3.5
5721,492,4,29,213873564.37,2.5
5722,972,6,114,917756032.95,12.6
5723,784,15,45,238743076.33,3.5
5724,1968,15,126,465924564.16,7.0
5725,3843,7,167,213288996.34,3.0
5726,244,12,145,749044377.04,13.5
5727,2740,10,56,196390633.39,3.0
5728,844,15,73,205436200.34,3.5
5729,421,14,62,631313557.9,10.5
5730,4609,13,224,383096797.63,7.0
5731,3744,1,37,268190774.63,4.5
5732,123,4,168,469778228.15,7.5
5733,249,11,239,236794500.76,3.0
5734,108,15,66,2454662160.1,35.0
5735,569,3,230,316250902.52,6.6
5736,658,14,175,713101311.01,10.5
5737,3610,4,29,1755169263.83,25.0
5738,4425,8,86,1437050235.28,17.5
5739,1836,13,230,233615568.72,3.5
5740,3843,2,47,195057148.37,3.5
5741,4895,8,42,1835817187.65,28.0
5742,4722,13,59,1227547133.41,17.5
5743,3171,9,95,1301685749.73,18.0
5744,1610,4,105,462998740.04,7.5
5745,1531,6,291,569386798.76,8.4
5746,4949,1,103,468899761.3,7.5
5747,1664,11,129,172982331.23,3.0
5748,4757,3,65,439082918.68,6.6
5749,510,14,31,1837587798.96,28.0
5750,2134,3,23,213571292.04,3.3
5751,1449,8,265,481531119.24,7.0
5752,2920,3,154,189760903.55,3.3
5753,3150,1,224,251154866.89,4.5
5754,359,7,87,499443521.16,7.5
5755,2317,2,149,206174366.24,3.5
5756,3942,10,95,279072530.17,4.5
5757,3585,11,321,410431673.08,6.0
5758,2765,14,81,2844543722.06,35.0
5759,3566,6,352,252815387.29,4.2
5760,3731,8,103,212135771.03,3.5
5761,14,4,23,1505714028.34,25.0
5762,3170,14,227,1362285412.26,17.5
5763,4945,1,73,109576975.03,1.5
5764,2564,8,116,744106053.85,10.5
5765,3585,1,104,433425895.63,7.5
5766,4629,6,181,667038168.89,8.4
5767,3086,14,248,467423201.74,7.0
5768,1680,8,252,998728540.48,17.5
5769,4810,4,279,477355381.04,7.5
5770,433,9,149,121335418.26,1.8
5771,1008,6,273,250444947.21,4.2
5772,1170,3,91,652454927.67,9.9
5773,333,15,336,234380847.8,3.5
5774,3385,3,199,191301342.42,3.3
5775,1579,13,261,559533373.72,10.5
5776,31,14,241,493947277.41,7.0
5777,3440,2,107,965372402.09,17.5
5778,2990,3,213,451956100.75,6.6
5779,1009,6,217,2672708888.9,42.0
5780,3020,5,295,378380651.58,5.0
5781,120,6,352,1535419876.49,21.0
5782,4586,14,139,214547069.49,3.5
5783,4194,2,261,1465619323.42,17.5
5784,504,4,186,270085894.2,5.0
5785,3996,12,56,584427226.17,9.0
5786,4962,9,325,332323638.92,5.4
5787,2167,9,211,250577873.55,3.6
5788,652,9,226,282413207.14,5.4
5789,3989,4,7,172100254.81,2.5
5790,2328,10,114,1057115277.77,15.0
5791,3962,1,267,337480335.25,4.5
5792,2076,10,121,193160059.79,3.0
5793,2004,15,206,232538198.09,3.5
5794,2832,15,136,2563534313.7,35.0
5795,501,9,205,218821714.42,3.6
5796,3357,1,2,479962508.37,7.5
5797,1941,10,57,185744754.12,3.0
5798,4415,6,352,2186361345.04,33.6
5799,2700,4,51,438592733.69,7.5
5800,2311,15,301,240516000.8,3.5
5801,4700,8,292,516464161.59,7.0
5802,3179,15,297,525406086.47,7.0
5803,1153,7,111,860910115.39,12.0
5804,3726,10,307,926834069.42,12.0
5805,570,11,196,189706395.87,3.0
5806,4613,9,243,214294078.8,3.6
5807,1703,13,255,752770100.55,10.5
5808,298,1,287,69669661.95,1.5
5809,134,4,192,181695499.93,2.5
5810,960,5,44,654852712.84,12.5
5811,2547,12,352,283540390.31,4.5
5812,149,4,195,142852847.78,2.5
5813,4034,12,262,986342184.04,13.5
5814,4779,6,284,2062459514.84,33.6
5815,106,8,50,214899042.61,3.5
5816,716,8,280,210508365.5,3.5
5817,3272,1,61,203540309.05,3.0
5818,1533,11,4,1893597640.73,24.0
5819,2556,7,28,105627567.58,1.5
5820,3698,11,317,386029738.12,6.0
5821,2663,9,116,109888662.53,1.8
5822,1046,12,60,2678260794.25,45.0
5823,2371,11,289,890602917.23,15.0
5824,1825,14,83,482706982.92,7.0
5825,2950,14,297,407682215.22,7.0
5826,3331,15,107,476285737.99,7.0
5827,1994,15,174,673956391.66,10.5
5828,1577,8,50,210801031.22,3.5
5829,2686,1,79,491376576.07,7.5
5830,284,1,344,320146165.76,4.5
5831,2125,4,152,445364285.62,7.5
5832,4210,14,327,535406899.0,10.5
5833,3200,3,154,1954208576.92,26.4
5834,4304,5,7,1410925475.82,20.0
5835,3390,3,318,246222616.88,3.3
5836,4645,14,169,1798234363.5,28.0
5837,3878,1,338,222484101.29,3.0
5838,4755,2,240,648830470.17,10.5
5839,1081,11,344,193611224.25,3.0
5840,3094,4,136,134713285.27,2.5
5841,245,15,106,1107275273.25,17.5
5842,1729,11,275,199830532.71,3.0
5843,3542,6,308,814558358.76,12.6
5844,1116,11,289,172268996.92,3.0
5845,1648,14,276,445631639.89,7.0
5846,2449,3,209,230161178.36,3.3
5847,464,7,310,439891140.76,7.5
5848,3723,2,235,1780613883.81,28.0
5849,1128,12,295,517585017.5,9.0
5850,818,9,1,277133663.45,3.6
5851,3134,11,157,2193491463.89,30.0
5852,4061,11,61,611600005.99,9.0
5853,4724,10,45,475575082.97,7.5
5854,3760,15,61,1674483793.65,28.0
5855,1009,1,226,81019051.07,1.5
5856,4606,15,303,1655410175.34,28.0
5857,1323,7,50,106036095.94,1.5
5858,3565,13,258,315874511.37,7.0
5859,198,8,225,824506529.68,10.5
5860,3671,5,211,144800242.87,2.5
5861,560,2,200,204738043.29,3.5
5862,3558,9,199,124059806.9,1.8
5863,1837,3,262,201833104.77,3.3
5864,4914,5,233,264806037.37,5.0
5865,3353,13,138,2486816206.69,35.0
5866,2115,6,129,1503355708.47,21.0
5867,2351,10,362,210387626.94,3.0
5868,118,5,140,379973906.56,7.5
5869,3896,2,190,207715198.57,3.5
5870,2021,4,328,182274223.88,2.5
5871,1748,6,72,1229522813.94,21.0
5872,2884,9,171,904000894.67,14.4
5873,1936,12,221,786109158.65,13.5
5874,3230,11,299,376579615.33,6.0
5875,1125,12,296,879865666.8,13.5
5876,4160,3,293,811369620.83,16.5
5877,2551,3,312,196227345.03,3.3
5878,440,15,126,613106226.06,10.5
5879,4846,8,28,251563734.31,3.5
5880,4196,8,207,751456777.92,10.5
5881,4824,14,290,724506746.17,10.5
5882,4626,10,58,314247929.96,4.5
5883,2560,3,169,458045448.31,6.6
5884,2217,14,195,1263597300.01,17.5
5885,2115,3,5,506782603.63,6.6
5886,4716,3,255,1070278656.0,16.5
5887,1173,15,196,397328648.84,7.0
5888,1725,14,187,1131489736.61,17.5
5889,4663,1,334,385293627.71,7.5
5890,3381,11,57,165164660.45,3.0
5891,2620,14,167,643762734.01,10.5
5892,3434,4,296,1977348327.3,25.0
5893,3100,12,193,510304349.1,9.0
5894,331,14,115,428493409.57,7.0
5895,4789,12,34,929996815.19,13.5
5896,4823,8,78,610931834.03,10.5
5897,765,4,33,823146214.67,12.5
5898,3630,3,152,727080406.66,9.9
5899,4614,3,246,373789741.1,6.6
5900,3498,7,187,803678913.08,12.0
5901,3717,2,97,231851040.46,3.5
5902,355,4,104,165798047.58,2.5
5903,4556,12,82,487389317.57,9.0
5904,2655,14,294,195235066.63,3.5
5905,2726,4,142,484293099.36,7.5
5906,3287,15,303,488287480.49,7.0
5907,2884,15,147,440070983.91,7.0
5908,3439,4,168,1401058299.03,20.0
5909,4939,6,358,1371270930.99,21.0
5910,3657,14,211,603811879.58,10.5
5911,4802,13,122,622970617.31,10.5
5912,4053,9,153,452729275.76,5.4
5913,1524,15,306,285374332.74,3.5
5914,4676,1,313,82927928.72,1.5
5915,3164,8,147,1187990675.0,17.5
5916,4885,2,348,661684301.73,10.5
5917,437,15,82,1104975860.26,17.5
5918,3751,6,149,1174560120.9,21.0
5919,3269,14,231,403955051.3,7.0
5920,2012,5,204,431797757.22,7.5
5921,4616,11,91,185679273.56,3.0
5922,415,7,138,210963377.29,3.0
5923,4683,9,48,108736477.08,1.8
5924,610,3,345,868606153.25,16.5
5925,4884,12,190,810939770.46,13.5
5926,1301,2,258,222936836.41,3.5
5927,1745,9,148,584520772.17,9.0
5928,3278,5,99,350359075.34,5.0
5929,440,4,183,133383345.64,2.5
5930,3455,11,48,207574487.48,3.0
5931,3683,5,127,180664763.17,2.5
5932,4114,11,105,390988143.5,6.0
5933,3279,9,153,225491222.64,3.6
5934,548,8,88,217305380.75,3.5
5935,2277,7,48,343549379.79,4.5
5936,4654,11,337,402870828.95,6.0
5937,439,3,34,1077270473.82,16.5
5938,3536,3,318,497796579.38,6.6
5939,1834,7,361,197334635.95,3.0
5940,1916,8,256,428803705.83,7.0
5941,2479,15,47,249213536.48,3.5
5942,4149,9,234,102039798.4,1.8
5943,4390,1,83,101853415.16,1.5
5944,1680,4,156,1225434560.1,25.0
5945,4599,1,72,101176077.0,1.5
5946,218,2,143,410256334.87,7.0
5947,3756,13,65,1021457273.15,17.5
5948,3145,1,147,178954591.59,3.0
5949,1186,2,302,473450166.98,7.0
5950,3770,3,157,1640815032.28,26.4
5951,4289,10,354,195262954.3,3.0
5952,2991,1,330,278583753.8,4.5
5953,1374,2,348,566287980.09,10.5
5954,4500,12,340,333656339.49,4.5
5955,3869,14,178,1186414237.22,17.5
5956,4569,13,260,632445196.83,10.5
5957,4783,2,205,925909517.04,10.5
5958,3899,15,328,1090973857.1,17.5
5959,4088,5,178,1067083900.32,20.0
5960,141,15,321,1086910075.28,17.5
5961,3673,4,275,273855494.35,5.0
5962,1423,1,311,214556295.44,3.0
5963,4672,10,220,267853428.88,4.5
5964,184,11,267,202045869.88,3.0
5965,2767,1,359,470107797.7,7.5
5966,3024,12,32,2781239083.32,45.0
5967,1349,15,34,216238900.85,3.5
5968,681,10,207,196769514.95,3.0
5969,3637,15,163,210292651.32,3.5
5970,575,8,63,502151804.78,7.0
5971,2968,3,13,395744529.17,6.6
5972,512,12,280,246961719.88,4.5
5973,1330,15,176,271799789.62,3.5
5974,529,5,185,487199874.77,7.5
5975,2108,13,256,659849767.83,10.5
5976,1171,8,48,234928996.74,3.5
5977,1838,7,319,84272698.87,1.5
5978,4868,10,94,730912200.34,12.0
5979,2875,2,321,1113595082.75,17.5
5980,2544,6,86,293383851.17,4.2
5981,1537,10,59,89015655.97,1.5
5982,4166,14,105,458026061.09,7.0
5983,1440,8,326,1091927434.32,17.5
5984,2737,1,62,93681145.91,1.5
5985,790,12,133,524514525.63,9.0
5986,1826,11,119,2317366250.46,30.0
5987,262,1,123,174523692.71,3.0
5988,4204,15,239,165341198.84,3.5
5989,1966,1,239,272345092.76,4.5
5990,3194,13,26,604077077.54,7.0
5991,2788,5,136,296204494.3,5.0
5992,2066,10,241,365799877.05,4.5
5993,4856,5,105,428654059.72,7.5
5994,3565,9,279,187233886.71,3.6
5995,1952,10,181,95893848.93,1.5
5996,1870,5,341,330255031.96,5.0
5997,4526,4,311,1361083863.61,20.0
5998,2661,5,73,450235365.53,7.5
5999,3540,7,248,95261987.22,1.5
6000,3963,10,246,516334898.83,7.5
6001,3127,13,76,247420680.19,3.5
6002,5000,6,157,790026615.28,12.6
6003,3838,4,185,279906137.36,5.0
6004,782,4,279,296584973.35,5.0
6005,303,15,12,1109956907.82,17.5
6006,4720,2,263,229436665.22,3.5
6007,3551,2,228,486644248.03,7.0
6008,3312,6,352,512283410.76,8.4
6009,1065,14,56,388379298.81,7.0
6010,1364,8,152,1072951729.42,17.5
6011,2963,15,244,1445885554.63,28.0
6012,1700,11,225,929552447.13,15.0
6013,3852,5,330,338029612.35,5.0
6014,2703,7,222,103851124.42,1.5
6015,351,10,6,132568085.94,1.5
6016,2453,10,58,269785838.49,4.5
6017,828,14,279,683564706.0,10.5
6018,3952,15,126,427128100.36,7.0
6019,4442,10,193,822320719.6,12.0
6020,3179,14,3,1129643738.14,17.5
6021,4848,1,14,101950926.28,1.5
6022,4027,1,239,462035855.25,7.5
6023,2268,4,294,1488367005.43,20.0
6024,289,1,70,966026933.53,12.0
6025,2397,14,13,658937391.96,10.5
6026,1085,5,292,260303112.96,5.0
6027,3268,5,330,187456728.09,2.5
6028,1402,11,181,919053903.89,15.0
6029,1105,14,87,379743354.24,7.0
6030,3505,14,8,525327081.38,7.0
6031,1355,4,244,163759219.67,2.5
6032,132,7,93,157599690.93,3.0
6033,1532,6,253,685571863.66,8.4
6034,2630,9,279,99941900.47,1.8
6035,3848,13,129,706195789.77,10.5
6036,3634,6,355,877997545.65,12.6
6037,2682,9,278,843892297.76,14.4
6038,1034,3,207,490193939.15,6.6
6039,4233,9,362,219424262.96,3.6
6040,884,3,191,450792728.16,6.6
6041,4921,9,18,114881511.17,1.8
6042,1068,13,62,1876159176.94,28.0
6043,533,12,332,630811806.04,9.0
6044,4630,1,260,201625108.46,4.5
6045,2330,9,359,131279696.55,1.8
6046,3040,10,176,109769597.23,1.5
6047,2489,1,69,323278078.04,4.5
6048,1835,1,203,555273998.52,7.5
6049,2440,11,108,194328972.45,3.0
6050,4448,4,288,131902342.02,2.5
6051,2873,15,63,202157212.3,3.5
6052,539,6,156,262619829.15,4.2
6053,4007,2,157,203340694.95,3.5
6054,4203,1,186,176653424.11,3.0
6055,95,5,145,326108851.58,5.0
6056,2668,3,88,375860400.79,6.6
6057,2494,10,17,84065215.15,1.5
6058,2329,4,263,1349626301.53,20.0
6059,919,3,225,203248924.95,3.3
6060,2318,4,331,404531208.79,5.0
6061,3805,4,341,1548414170.09,25.0
6062,795,9,299,626416183.23,9.0
6063,3496,6,266,840611179.71,12.6
6064,999,9,333,437799709.08,5.4
6065,2994,12,150,568143446.72,9.0
6066,4414,5,137,615190736.22,7.5
6067,3923,13,152,793548068.59,10.5
6068,4197,2,90,1078531614.91,17.5
6069,4554,1,4,109221532.01,1.5
6070,1985,2,233,2265710597.08,35.0
6071,514,14,300,574328420.07,10.5
6072,533,14,324,741472488.03,10.5
6073,1310,12,342,359090457.2,9.0
6074,1388,8,60,238877025.96,3.5
6075,1290,10,95,100717030.29,1.5
6076,3642,13,147,1613607826.59,28.0
6077,4413,7,342,237554016.42,3.0
6078,4382,8,296,606063594.54,10.5
6079,1271,1,356,113911496.62,1.5
6080,3818,6,263,2413096565.46,42.0
6081,1078,10,132,288572179.25,4.5
6082,2635,4,172,314826101.81,5.0
6083,1973,10,299,102896551.85,1.5
6084,1712,11,344,353069798.32,6.0
6085,1851,6,137,468472865.14,8.4
6086,3169,8,84,535227211.55,7.0
6087,3762,5,80,270010795.0,5.0
6088,1383,9,40,224239237.52,3.6
6089,4735,15,218,632687416.5,10.5
6090,1715,12,360,1394092842.5,22.5
6091,55,4,214,349028794.89,5.0
6092,1093,12,246,482168771.77,9.0
6093,1287,2,335,501438722.58,7.0
6094,3851,6,274,913142333.3,12.6
6095,1976,1,51,596795867.15,7.5
6096,1572,3,317,235222866.69,3.3
6097,446,3,125,2086619967.48,33.0
6098,2965,11,344,217248365.38,3.0
6099,664,10,232,447063588.09,7.5
6100,1668,9,277,135672451.6,1.8
6101,2512,11,122,388005099.01,6.0
6102,934,10,83,156459767.89,3.0
6103,3956,1,95,731080109.45,12.0
6104,1089,14,213,478035108.39,7.0
6105,3704,15,303,1028876811.38,17.5
6106,2914,4,156,421504689.48,7.5
6107,250,12,243,633482679.82,13.5
6108,2088,4,74,162307022.4,2.5
6109,329,2,281,1585095849.22,28.0
6110,2617,13,88,447666287.77,7.0
6111,2988,4,362,308484843.27,5.0
6112,1312,4,245,159454875.2,2.5
6113,1026,1,265,87605470.61,1.5
6114,4011,14,80,490680070.19,7.0
6115,4233,1,137,274296095.63,4.5
6116,2541,4,360,1568434588.35,20.0
6117,1137,3,235,525504876.71,9.9
6118,1632,2,317,232456686.68,3.5
6119,4486,14,82,589069803.03,10.5
6120,3771,12,261,751009973.38,13.5
6121,2144,1,263,196673865.71,3.0
6122,3178,11,337,669009083.47,9.0
6123,851,5,265,375579023.79,5.0
6124,3811,2,100,171113423.83,3.5
6125,2303,4,46,243714681.61,5.0
6126,427,12,49,1011033537.09,13.5
6127,1411,8,129,202148288.89,3.5
6128,4795,1,303,213028721.83,3.0
6129,4966,9,105,141339743.42,1.8
6130,2553,12,364,1479952882.0,22.5
6131,3217,2,341,578201374.11,7.0
6132,4196,12,175,738853504.31,13.5
6133,1430,6,14,616607716.72,8.4
6134,3150,6,93,1259455587.46,21.0
6135,1590,12,197,2629252358.88,45.0
6136,2155,4,256,308886419.99,5.0
6137,439,9,74,227238608.97,3.6
6138,1964,10,276,330972088.17,4.5
6139,3147,8,261,1853579962.97,28.0
6140,1941,13,246,430305796.77,7.0
6141,476,13,36,838694137.21,10.5
6142,3080,9,299,211729618.15,3.6
6143,4087,2,280,1140143839.89,17.5
6144,1021,15,281,1180830970.23,17.5
6145,173,7,60,217866023.77,3.0
6146,864,14,245,1213039096.42,17.5
6147,3333,11,357,418989391.4,6.0
6148,3278,12,325,552433099.08,9.0
6149,1837,8,344,624608213.13,10.5
6150,163,15,322,775355479.75,10.5
6151,1651,9,80,549240595.86,9.0
6152,4407,11,148,961499523.5,15.0
6153,2620,10,215,91593445.53,1.5
6154,268,7,300,498169026.71,7.5
6155,2899,2,101,224175878.46,3.5
6156,1807,5,182,131411486.86,2.5
6157,1693,4,171,251569628.14,5.0
6158,77,9,10,870555099.62,14.4
6159,1837,4,304,416124714.45,7.5
6160,2399,12,329,3293593272.85,45.0
6161,885,12,39,469744264.53,9.0
6162,722,2,116,2369360618.84,28.0
6163,1307,10,59,87001032.98,1.5
6164,2543,9,60,1382965618.76,18.0
6165,3239,7,73,96701608.71,1.5
6166,4371,2,341,954274923.23,17.5
6167,2050,4,335,1223956527.05,20.0
6168,1581,13,12,412524459.85,7.0
6169,3558,3,43,510235299.32,6.6
6170,2003,9,282,325822957.12,5.4
6171,1911,6,25,534380361.13,8.4
6172,2669,15,124,207400136.49,3.5
6173,2730,3,183,200371556.89,3.3
6174,1815,11,221,2112768040.95,30.0
6175,27,13,1,429736837.56,7.0
6176,4377,9,96,111506693.56,1.8
6177,1558,14,122,454727469.92,7.0
6178,541,13,90,247668183.96,3.5
6179,984,7,67,928155620.87,12.0
6180,621,13,189,2336507942.07,35.0
6181,351,1,22,559006673.37,7.5
6182,1244,6,284,259263012.21,4.2
6183,2974,4,179,396123671.37,5.0
6184,380,11,21,350350332.8,6.0
6185,1765,13,124,219305678.72,3.5
6186,318,3,127,185734624.93,3.3
6187,3582,5,104,349261446.45,5.0
6188,4977,11,360,336888972.05,6.0
6189,4867,14,315,1287007942.69,17.5
6190,3271,2,48,329001011.97,7.0
6191,2384,1,80,1060538799.7,15.0
6192,2153,12,350,649254281.7,13.5
6193,629,1,9,258134859.25,4.5
6194,3287,8,44,682577650.18,10.5
6195,4080,5,78,623726307.97,12.5
6196,3039,2,151,238341686.25,3.5
6197,4314,11,305,187210432.59,3.0
6198,4259,1,180,107103284.96,1.5
6199,4402,6,80,494323903.59,8.4
6200,1573,14,287,1546770761.81,28.0
6201,3844,12,121,263685672.2,4.5
6202,3330,6,260,331193478.41,4.2
6203,3218,7,110,134032383.74,3.0
6204,2115,4,7,149611021.9,2.5
6205,589,4,196,1759256264.83,25.0
6206,858,11,5,388377188.03,6.0
6207,3603,3,197,187129264.28,3.3
6208,2827,8,195,1034816491.36,17.5
6209,778,1,69,106977706.95,1.5
6210,738,5,14,247002267.98,5.0
6211,205,5,187,279423852.41,5.0
6212,4304,4,38,374745681.27,5.0
6213,1408,5,80,154831520.17,2.5
6214,2092,10,300,333741001.37,4.5
6215,1629,3,17,388905651.08,6.6
6216,796,5,274,526177397.45,7.5
6217,2648,11,285,240469880.2,3.0
6218,432,9,118,121422593.75,1.8
6219,4587,6,2,798759561.62,12.6
6220,3948,7,246,270256694.12,4.5
6221,4838,12,365,299377462.79,4.5
6222,369,11,101,362524343.53,6.0
6223,4249,9,229,218877601.18,3.6
6224,1756,4,258,423288940.33,7.5
6225,1122,2,303,398999523.71,7.0
6226,4495,11,27,710403088.5,9.0
6227,4426,7,124,431313673.65,7.5
6228,1222,10,195,218382209.31,3.0
6229,2981,10,158,94664736.58,1.5
6230,2354,10,169,105118966.78,1.5
6231,2550,3,76,743752433.74,9.9
6232,35,13,15,1196065998.47,17.5
6233,4198,10,228,778977558.16,12.0
6234,1074,11,359,665444248.04,9.0
6235,798,2,242,492392709.87,7.0
6236,1708,6,129,2362843647.78,33.6
6237,3508,9,62,270675491.92,5.4
6238,1422,5,245,1296798948.48,20.0
6239,3259,2,178,233225734.71,3.5
6240,502,13,87,2060201370.62,35.0
6241,2526,2,272,1160403481.83,17.5
6242,2509,11,229,154709158.54,3.0
6243,953,14,314,442219856.72,7.0
6244,124,1,57,194189763.51,3.0
6245,2458,14,137,236625123.46,3.5
6246,869,15,199,671437416.84,10.5
6247,3020,12,202,995076452.51,13.5
6248,4256,3,62,1790511530.82,26.4
6249,1558,8,75,981268917.03,17.5
6250,1769,10,217,209456196.48,3.0
6251,3501,11,164,1050753194.56,15.0
6252,675,13,207,194340391.93,3.5
6253,548,7,260,94088738.2,1.5
6254,30,2,19,545019641.49,10.5
6255,1706,8,33,368290597.58,7.0
6256,1548,6,352,601566913.26,8.4
6257,341,4,263,453366414.01,7.5
6258,2778,8,280,219706702.84,3.5
6259,1711,4,54,180587965.81,2.5
6260,2137,15,113,651688030.68,10.5
6261,3839,15,220,849481148.49,10.5
6262,4528,15,340,245501636.45,3.5
6263,3784,4,289,1246456966.46,20.0
6264,2251,8,202,481736254.22,7.0
6265,1550,7,11,165240766.31,3.0
6266,3309,12,142,598792316.89,9.0
6267,2614,15,291,439647929.45,7.0
6268,4730,3,351,1667017661.71,26.4
6269,39,13,127,244532273.55,3.5
6270,2504,12,164,2132392556.7,36.0
6271,3431,14,115,2077534397.24,35.0
6272,1329,13,99,192087972.34,3.5
6273,3058,15,119,653882088.01,10.5
6274,1078,9,101,125898257.36,1.8
6275,2706,9,52,229179318.95,3.6
6276,3559,11,2,618161915.26,9.0
6277,2311,14,279,2055430316.46,35.0
6278,2427,5,264,151817830.27,2.5
6279,3637,7,168,185489151.3,3.0
6280,4339,8,173,2630135448.24,35.0
6281,3207,3,131,220420450.57,3.3
6282,1843,15,146,216344676.76,3.5
6283,198,2,107,782736960.81,10.5
6284,2458,11,209,668273593.76,9.0
6285,2030,7,262,311932989.19,4.5
6286,2828,2,197,1164552303.49,17.5
6287,3665,11,72,245602531.78,3.0
6288,4807,10,27,178129398.58,3.0
6289,4919,10,281,509962543.8,7.5
6290,458,12,289,279450197.68,4.5
6291,1553,9,107,347748183.1,5.4
6292,4577,14,127,783802205.26,10.5
6293,1249,11,78,686576134.06,9.0
6294,4983,15,255,608712798.36,10.5
6295,1458,5,172,294715780.3,5.0
6296,2334,10,71,857676307.7,15.0
6297,925,10,50,536120898.94,7.5
6298,1722,7,289,103554465.44,1.5
6299,982,7,294,95407515.86,1.5
6300,1947,15,347,1295531209.54,17.5
6301,4973,3,345,936306843.28,16.5
6302,1241,1,351,215301393.04,3.0
6303,1042,4,121,166712740.95,2.5
6304,2236,6,335,756991397.68,12.6
6305,1295,15,174,183259066.82,3.5
6306,4685,13,58,1173419838.76,17.5
6307,409,12,353,1277730126.89,22.5
6308,1294,2,255,182479997.83,3.5
6309,373,3,349,217653206.09,3.3
6310,3888,15,307,254101356.13,3.5
6311,69,4,83,378690819.63,5.0
6312,118,9,110,291323405.32,5.4
6313,736,8,165,223114644.52,3.5
6314,4742,10,116,328696463.96,4.5
6315,1044,3,302,2744053480.72,33.0
6316,282,4,292,154316529.52,2.5
6317,3749,7,313,184414249.36,3.0
6318,4087,3,153,1037812245.5,16.5
6319,4592,13,48,424584158.98,7.0
6320,474,2,123,1203322355.75,17.5
6321,4666,11,110,529068625.96,6.0
6322,3217,5,337,156456588.37,2.5
6323,727,15,58,239612652.65,3.5
6324,1819,11,31,579640802.4,9.0
6325,3891,10,210,324728006.2,4.5
6326,4862,3,358,242591696.9,3.3
6327,4629,9,85,1025248128.22,14.4
6328,4257,15,336,1046610547.58,17.5
6329,4142,1,126,455268781.98,7.5
6330,818,14,318,520298747.12,10.5
6331,4743,15,188,429346760.09,7.0
6332,3362,5,114,132330671.29,2.5
6333,452,14,244,782947878.08,10.5
6334,1218,12,173,554205759.83,9.0
6335,2114,13,25,651136675.77,10.5
6336,284,4,215,174749758.12,2.5
6337,4275,4,320,1006824334.58,12.5
6338,4576,10,219,375656484.19,4.5
6339,545,4,31,141978033.67,2.5
6340,3900,3,113,228626955.2,3.3
6341,4479,9,203,331742096.21,5.4
6342,1873,9,16,231526110.72,3.6
6343,1896,15,82,1188630655.57,17.5
6344,4933,1,208,817033579.08,15.0
6345,981,13,142,688939838.99,10.5
6346,4664,8,153,756799649.12,10.5
6347,4504,1,80,85978930.45,1.5
6348,1909,14,262,280506183.37,3.5
6349,4035,2,8,732652986.59,10.5
6350,3422,7,223,503331152.88,7.5
6351,2397,6,70,298208758.65,4.2
6352,2409,4,74,195491493.08,2.5
6353,972,10,175,981525581.82,15.0
6354,621,9,48,317437733.11,5.4
6355,406,5,285,302888189.67,5.0
6356,4225,4,10,867184813.89,12.5
6357,4167,2,352,220977747.51,3.5
6358,299,12,33,264502199.51,4.5
6359,3003,10,48,96158817.93,1.5
6360,45,1,199,251453738.46,4.5
6361,2597,12,346,278417941.7,4.5
6362,1467,3,337,474320802.3,6.6
6363,1687,15,253,2091363843.03,35.0
6364,1808,12,256,331054412.56,4.5
6365,3851,3,89,551906912.79,9.9
6366,4878,4,144,449273160.79,7.5
6367,1304,5,324,331251538.54,5.0
6368,1977,11,292,173759826.74,3.0
6369,3329,3,207,213242579.23,3.3
6370,419,1,222,297029548.8,4.5
6371,4607,9,352,390896772.31,5.4
6372,531,8,61,2260362586.44,28.0
6373,3731,14,180,1037430231.67,17.5
6374,505,6,132,265249641.53,4.2
6375,1489,4,267,160874360.33,2.5
6376,3040,2,283,402798481.85,7.0
6377,256,14,38,238293376.7,3.5
6378,2582,4,106,179514352.44,2.5
6379,2779,2,10,244202936.71,3.5
6380,2164,7,240,652429344.37,12.0
6381,3120,8,319,1127590520.4,17.5
6382,820,14,42,725078294.3,10.5
6383,630,11,243,185330662.71,3.0
6384,1214,15,16,250582194.31,3.5
6385,2329,11,217,208122266.32,3.0
6386,1562,15,164,198397549.66,3.5
6387,146,10,80,77195978.86,1.5
6388,563,11,184,839477429.37,15.0
6389,2154,1,228,245315351.77,4.5
6390,2790,1,358,78259953.92,1.5
6391,2554,5,347,142531208.57,2.5
6392,2251,3,98,1143385480.31,16.5
6393,2853,13,306,366089689.61,7.0
6394,3872,13,290,2119944419.4,28.0
6395,895,5,179,156578229.38,2.5
6396,1069,15,8,531795485.75,10.5
6397,3826,15,132,182368782.02,3.5
6398,201,1,180,95804393.42,1.5
6399,4023,4,130,399474627.54,5.0
6400,590,2,161,946313420.91,17.5
6401,16,3,60,206427722.65,3.3
6402,3311,6,118,235923827.23,4.2
6403,2308,2,99,472796601.15,7.0
6404,3032,5,348,321660314.47,5.0
6405,413,1,308,189659504.8,3.0
6406,2789,9,91,109381331.25,1.8
6407,3588,13,78,483135852.17,7.0
6408,1605,15,89,217190700.81,3.5
6409,1729,8,296,709944709.42,10.5
6410,1016,7,143,93840119.37,1.5
6411,4754,8,220,2281874032.11,35.0
6412,4712,5,276,1566098649.82,25.0
6413,3900,1,108,214647480.23,3.0
6414,2151,9,42,123548844.19,1.8
6415,59,5,66,334277805.59,5.0
6416,3196,11,251,576947568.55,9.0
6417,274,5,276,1371567047.27,20.0
6418,1762,15,158,1183704928.99,17.5
6419,290,12,275,311951476.18,4.5
6420,769,1,53,100647355.37,1.5
6421,656,15,206,243895639.79,3.5
6422,701,11,345,637427410.07,9.0
6423,76,10,196,233371685.61,3.0
6424,3071,8,286,1177165062.42,17.5
6425,2547,8,135,451384039.34,7.0
6426,642,9,245,96388743.43,1.8
6427,3435,11,195,847029298.76,15.0
6428,4079,15,19,903655613.96,17.5
6429,3802,9,93,298311410.8,3.6
6430,4352,6,53,1410717895.79,21.0
6431,180,9,78,239352241.32,3.6
6432,3290,12,225,307622693.1,4.5
6433,4848,12,312,333218996.33,4.5
6434,276,3,123,713621007.96,9.9
6435,2323,15,42,912300433.88,17.5
6436,1984,12,220,2201083223.17,36.0
6437,4687,12,212,1324577223.65,22.5
6438,3334,10,213,101895720.66,1.5
6439,1214,7,362,119252019.32,1.5
6440,2671,5,353,1149897883.23,20.0
6441,2065,1,207,1247363015.66,15.0
6442,4580,13,188,427806338.71,7.0
6443,4342,2,61,192429461.74,3.5
6444,1213,1,82,312731495.11,4.5
6445,1385,8,116,267380752.66,3.5
6446,4175,11,246,857716502.17,15.0
6447,4466,9,359,614682126.98,9.0
6448,3517,4,6,437251033.13,7.5
6449,3188,1,58,919326293.43,15.0
6450,4747,14,39,257520464.42,3.5
6451,2647,15,81,210566263.0,3.5
6452,204,6,212,400277181.43,8.4
6453,914,1,74,69182040.26,1.5
6454,1528,4,295,150717982.63,2.5
6455,4682,15,243,245805776.82,3.5
6456,3740,6,158,2735429818.47,33.6
6457,1909,8,63,773007032.26,10.5
6458,4963,1,219,250212164.82,4.5
6459,748,13,186,2434937705.94,35.0
6460,965,3,247,545827135.07,9.9
6461,1040,3,1,213795880.55,3.3
6462,1385,8,335,1221830860.6,17.5
6463,3267,4,307,317724601.2,5.0
6464,1149,4,238,473915094.34,7.5
6465,4844,7,364,98972129.48,1.5
6466,3266,15,154,461153427.36,7.0
6467,2306,4,243,164140966.45,2.5
6468,511,5,153,367960534.8,5.0
6469,1230,1,267,236761890.35,4.5
6470,4046,4,360,200862625.18,2.5
6471,2104,8,64,2046390978.56,28.0
6472,4330,13,155,864899852.92,17.5
6473,4443,15,98,654305915.49,10.5
6474,2500,6,300,795486093.94,12.6
6475,4290,15,326,196224651.72,3.5
6476,3413,12,263,329629782.63,4.5
6477,732,13,25,2091259532.93,35.0
6478,466,6,75,606773862.37,8.4
6479,3251,12,234,585994818.1,9.0
6480,1749,13,48,731082613.88,10.5
6481,2574,11,225,192435243.46,3.0
6482,3672,7,209,570547446.02,7.5
6483,4601,9,168,110131318.18,1.8
6484,2726,10,120,93747510.85,1.5
6485,1654,11,57,391094148.08,6.0
6486,3719,2,332,211722204.52,3.5
6487,563,15,341,238466763.32,3.5
6488,124,3,332,222259862.19,3.3
6489,3178,1,272,312179078.59,4.5
6490,3770,13,250,656487714.95,10.5
6491,755,14,231,1316940316.86,17.5
6492,426,12,81,584206878.87,9.0
6493,1494,10,214,292089159.91,4.5
6494,3037,11,31,351369415.43,6.0
6495,754,12,80,349978014.77,4.5
6496,3461,3,258,940048213.89,16.5
6497,2289,4,330,1236374349.83,20.0
6498,925,15,246,244399266.13,3.5
6499,1459,12,210,344104492.55,4.5
6500,1038,4,18,264888144.73,5.0
6501,1185,1,305,205343953.55,3.0
6502,4474,1,185,275568848.9,4.5
6503,2312,4,130,1571503606.44,20.0
6504,699,2,184,223198317.95,3.5
6505,4515,2,231,492145756.33,7.0
6506,116,9,10,572990838.66,9.0
6507,4220,9,310,272222887.32,3.6
6508,3849,4,166,443245011.44,7.5
6509,4140,5,242,1274998957.07,20.0
6510,4655,6,239,286077273.43,4.2
6511,1902,7,279,114796756.87,1.5
6512,2545,15,121,458875758.48,7.0
6513,1120,12,253,697209128.08,9.0
6514,1430,12,3,556151095.45,9.0
6515,3881,13,341,790458955.98,10.5
6516,313,12,266,1025349857.57,13.5
6517,4460,14,130,412001961.99,7.0
6518,1456,14,360,262449143.09,3.5
6519,577,10,143,417702860.12,7.5
6520,1686,12,38,940831128.16,13.5
6521,2682,7,289,136204168.28,3.0
6522,3149,10,329,178819711.73,3.0
6523,2223,9,264,88644169.23,1.8
6524,2100,4,245,130847648.04,2.5
6525,2157,11,146,558150298.16,9.0
6526,4698,2,122,237265066.93,3.5
6527,1249,4,103,432537863.18,7.5
6528,4450,4,309,418879528.92,7.5
6529,3707,4,159,256443758.98,5.0
6530,4139,15,258,589401292.39,10.5
6531,2170,6,341,281692696.3,4.2
6532,4153,8,235,1422004568.25,17.5
6533,3644,5,268,289817965.78,5.0
6534,2126,14,267,215842052.43,3.5
6535,1625,9,181,242424365.76,3.6
6536,4474,10,16,199457232.53,3.0
6537,538,12,280,2507921032.14,36.0
6538,3648,14,256,488789996.56,7.0
6539,4306,5,100,433337852.02,7.5
6540,3666,8,357,370355407.14,7.0
6541,142,2,257,504474260.42,7.0
6542,3526,2,269,245023924.85,3.5
6543,792,12,279,1477471363.84,22.5
6544,3862,7,108,267588213.45,4.5
6545,1593,11,192,193677944.94,3.0
6546,3663,8,156,2332316738.52,35.0
6547,438,7,336,85909838.19,1.5
6548,1497,9,118,101654232.18,1.8
6549,982,10,290,88953536.62,1.5
6550,3444,11,53,349897300.28,6.0
6551,3070,11,204,214676484.11,3.0
6552,3276,5,140,419783934.11,7.5
6553,4902,6,306,3190336202.42,42.0
6554,2503,9,331,114734058.05,1.8
6555,4318,2,249,611768851.84,10.5
6556,1840,11,4,1591803133.5,24.0
6557,3584,10,94,99127957.27,1.5
6558,2333,4,4,944514392.12,12.5
6559,3499,9,334,652287797.35,9.0
6560,1703,3,335,715144953.33,9.9
6561,2308,6,333,2784075978.78,33.6
6562,1572,7,18,119098760.77,1.5
6563,3592,1,273,552398066.84,7.5
6564,2359,3,330,627458569.3,9.9
6565,2111,3,270,180168819.69,3.3
6566,4610,5,178,1550307447.15,25.0
6567,2033,13,39,438492709.98,7.0
6568,4358,3,148,468860543.19,6.6
6569,400,7,57,581393479.54,7.5
6570,3012,8,174,414148331.59,7.0
6571,153,13,163,1311418679.08,17.5
6572,1614,1,136,109562365.27,1.5
6573,668,9,148,604252429.1,9.0
6574,4802,6,197,940164210.96,12.6
6575,4648,3,177,208637592.57,3.3
6576,453,12,260,488051204.3,9.0
6577,4321,1,165,75852355.87,1.5
6578,1495,15,347,416256820.93,7.0
6579,211,2,156,2396666572.28,35.0
6580,3121,14,300,238835357.6,3.5
6581,674,13,319,475481781.56,7.0
6582,677,7,62,405323171.22,7.5
6583,472,8,247,360980631.64,7.0
6584,2182,9,312,214455116.46,3.6
6585,258,11,310,412638798.35,6.0
6586,2324,12,90,2698299084.94,45.0
6587,4647,4,160,690731551.49,12.5
6588,4822,2,102,2096856857.5,28.0
6589,3033,3,127,436127563.36,6.6
6590,2949,9,93,493338693.04,9.0
6591,305,6,297,308804924.48,4.2
6592,582,6,20,279631860.89,4.2
6593,3280,2,110,252050471.62,3.5
6594,404,2,26,585150410.23,10.5
6595,4699,14,345,205811815.66,3.5
6596,2644,5,5,815880953.78,12.5
6597,2841,12,249,271172626.63,4.5
6598,3825,3,313,235399439.15,3.3
6599,110,14,360,2988360069.93,35.0
6600,920,13,128,424478566.87,7.0
6601,4370,8,242,228547401.04,3.5
6602,1766,7,351,328665242.04,7.5
6603,1333,4,356,1490484425.8,25.0
6604,688,11,208,424145539.22,6.0
6605,186,7,5,192123685.83,3.0
6606,4776,11,70,247435156.17,3.0
6607,3525,7,302,102117900.2,1.5
6608,3295,3,60,261984475.15,3.3
6609,3772,15,195,252569536.87,3.5
6610,825,14,44,456176001.74,7.0
6611,3237,6,203,268492098.47,4.2
6612,311,3,87,408316182.98,6.6
6613,3586,3,60,229362522.01,3.3
6614,2515,7,162,145939417.89,3.0
6615,4999,15,192,457588690.95,7.0
6616,2894,4,250,420221482.01,7.5
6617,4279,11,148,377824285.87,6.0
6618,2736,6,257,1303341661.66,21.0
6619,2924,1,314,194812466.61,3.0
6620,1077,4,308,334901565.22,5.0
6621,657,2,279,203571858.56,3.5
6622,3382,2,47,437329124.45,7.0
6623,792,15,67,249193890.89,3.5
6624,1319,7,266,185655287.42,3.0
6625,2080,8,68,235041387.7,3.5
6626,1886,8,297,1257499022.9,17.5
6627,4530,14,84,2200076513.55,28.0
6628,4277,8,281,746082490.96,10.5
6629,3375,11,76,203485704.19,3.0
6630,1244,3,335,406367598.7,6.6
6631,3114,7,31,895928928.11,15.0
6632,3941,4,128,183748212.29,2.5
6633,2872,11,27,1619288230.3,30.0
6634,2206,8,187,666699062.47,10.5
6635,4444,7,173,207875647.59,3.0
6636,1392,12,351,297927872.85,4.5
6637,549,7,26,1238354312.92,15.0
6638,3334,1,223,556472498.79,7.5
6639,3040,8,176,534425709.97,10.5
6640,3321,9,73,509898282.51,9.0
6641,3155,9,344,131829109.36,1.8
6642,2534,11,8,1493129169.22,24.0
6643,1854,6,283,335967437.45,4.2
6644,740,14,83,225831915.45,3.5
6645,4912,14,223,238784312.19,3.5
6646,2434,15,264,1303988433.89,17.5
6647,1485,12,105,665822424.8,9.0
6648,4266,12,267,1568218958.57,36.0
6649,2704,5,350,448773533.25,7.5
6650,3519,2,80,464594435.82,7.0
6651,1482,6,120,689187982.47,8.4
6652,4328,12,160,282434401.78,4.5
6653,1081,7,184,96931147.57,1.5
6654,81,15,217,219420055.44,3.5
6655,3780,14,193,791028735.39,10.5
6656,2184,14,292,441063827.32,7.0
6657,3840,10,124,186116396.46,3.0
6658,4412,13,233,210742473.77,3.5
6659,2123,15,223,235265782.16,3.5
6660,703,11,330,416450252.09,6.0
6661,2243,4,251,128350494.92,2.5
6662,3966,10,195,1133179611.94,15.0
6663,1121,8,274,2721488686.76,35.0
6664,4709,10,23,261771052.2,4.5
6665,529,12,356,479541144.54,9.0
6666,4738,13,295,1160067520.82,17.5
6667,1637,12,358,2263700679.23,36.0
6668,4870,6,323,204190765.78,4.2
6669,4730,5,178,336456357.73,5.0
6670,3166,4,289,1010796007.59,12.5
6671,4916,9,186,333607695.38,5.4
6672,798,11,229,188046931.51,3.0
6673,4318,2,334,396588896.66,7.0
6674,2503,14,12,238789623.24,3.5
6675,201,8,287,245847665.89,3.5
6676,1982,9,56,106451114.76,1.8
6677,2228,14,298,268316546.21,3.5
6678,1698,10,301,786243223.48,15.0
6679,4783,3,198,241416787.04,3.3
6680,4079,8,38,230907002.04,3.5
6681,196,4,142,449232842.19,7.5
6682,1871,6,151,671898717.84,12.6
6683,241,8,329,472190640.38,7.0
6684,3747,11,294,600855801.28,9.0
6685,2467,8,137,251459405.71,3.5
6686,1101,4,196,431576258.99,7.5
6687,603,3,116,2115716472.45,33.0
6688,1677,14,47,615465932.73,10.5
6689,1503,15,151,221156038.85,3.5
6690,6,14,229,220777241.11,3.5
6691,4250,5,38,507239636.75,7.5
6692,4913,12,44,1401266944.47,22.5
6693,30,8,17,1628718584.95,28.0
6694,1397,9,195,335815792.22,5.4
6695,1423,8,341,716669002.67,10.5
6696,3758,10,3,184539505.39,3.0
6697,1443,6,140,479221956.51,8.4
6698,4987,6,135,250507883.44,4.2
6699,4298,7,225,102876076.43,1.5
6700,570,5,8,315085637.39,5.0
6701,3288,14,213,2590442570.98,35.0
6702,3589,9,49,358370090.98,5.4
6703,4821,13,289,261857051.32,3.5
6704,1346,10,338,190251623.16,3.0
6705,601,1,15,191701655.05,3.0
6706,3919,3,347,211584317.36,3.3
6707,2563,8,10,1754990639.8,28.0
6708,3589,4,135,168336953.63,2.5
6709,330,14,269,657605621.33,10.5
6710,3188,13,250,482709903.64,7.0
6711,4047,6,162,798300196.06,12.6
6712,4492,5,60,151563354.85,2.5
6713,1260,10,266,235113346.87,3.0
6714,4266,5,87,155868696.17,2.5
6715,4741,3,60,223186749.09,3.3
6716,937,10,159,95277466.74,1.5
6717,1004,9,248,252341687.88,3.6
6718,2444,1,114,322188971.67,4.5
6719,3647,14,193,289242769.29,3.5
6720,1240,11,129,345414736.54,6.0
6721,3858,4,178,675873381.0,12.5
6722,447,12,234,635061098.56,9.0
6723,825,8,164,403953474.86,7.0
6724,800,9,117,395449361.81,5.4
6725,2900,9,83,98528955.84,1.8
6726,3026,2,29,384249864.21,7.0
6727,1581,14,338,1885897706.58,28.0
6728,2702,9,237,693547363.99,9.0
6729,186,5,177,381585614.83,5.0
6730,466,1,363,104815634.71,1.5
6731,4750,14,271,510064731.35,7.0
6732,1788,9,106,97944618.8,1.8
6733,2528,5,243,529182437.92,7.5
6734,3925,2,144,472802146.74,7.0
6735,4333,6,261,482632058.9,8.4
6736,3239,11,69,554379440.77,9.0
6737,19,6,307,1332406893.09,21.0
6738,4343,1,276,467725609.22,7.5
6739,982,5,256,798010588.5,12.5
6740,1730,8,220,255824878.46,3.5
6741,4852,14,102,227786544.1,3.5
6742,4881,4,30,153786992.11,2.5
6743,2315,2,74,2057114739.32,28.0
6744,2914,12,71,301660072.97,4.5
6745,2429,10,18,177532935.01,3.0
6746,2655,12,279,262258485.96,4.5
6747,4493,5,172,973141177.71,12.5
6748,72,8,98,1129874338.06,17.5
6749,1434,9,323,293101949.38,5.4
6750,1193,1,296,231205731.77,3.0
6751,3695,15,344,625108398.87,10.5
6752,3004,3,231,611666447.06,9.9
6753,853,5,41,734224845.09,12.5
6754,916,2,301,494372187.29,7.0
6755,244,12,327,527068412.99,9.0
6756,693,14,31,283503654.21,3.5
6757,3525,11,104,378880722.96,6.0
6758,2662,12,358,463246750.21,9.0
6759,433,13,158,432895327.42,7.0
6760,2756,11,88,1882815497.05,30.0
6761,2550,9,20,253095238.51,3.6
6762,230,4,24,431868132.14,7.5
6763,751,4,305,187584144.46,2.5
6764,1729,4,216,525438298.39,7.5
6765,73,3,254,678421907.04,9.9
6766,1384,9,216,146544454.71,1.8
6767,4425,5,25,320121665.53,5.0
6768,3283,5,261,589532545.79,7.5
6769,4190,10,18,228257307.81,4.5
6770,3493,1,64,622809998.51,7.5
6771,3445,11,266,790756818.02,15.0
6772,351,6,168,954780039.1,12.6
6773,3855,9,159,123553130.94,1.8
6774,2188,4,48,713249620.51,12.5
6775,3114,3,159,1702322505.1,26.4
6776,1576,1,219,179006077.98,3.0
6777,1957,3,160,202837912.02,3.3
6778,4199,6,191,690471772.25,12.6
6779,916,14,342,1965629183.53,28.0
6780,679,6,347,539917949.75,8.4
6781,2528,7,34,367753614.11,4.5
6782,3021,13,36,1814141085.74,28.0
6783,1697,10,63,622665447.81,7.5
6784,3977,7,119,276426232.81,4.5
6785,1372,4,271,872904753.47,12.5
6786,132,1,11,79876768.99,1.5
6787,331,8,144,1302486099.75,17.5
6788,616,6,348,2476454470.86,33.6
6789,2807,9,41,563498723.52,9.0
6790,4797,12,1,1216578980.52,22.5
6791,3763,8,91,2006423356.9,28.0
6792,4375,13,187,646825773.55,10.5
6793,1797,6,292,201520659.26,4.2
6794,2040,4,57,425554516.19,5.0
6795,561,12,359,812010339.01,13.5
6796,4039,4,265,474708076.54,7.5
6797,1122,11,271,207645851.37,3.0
6798,4100,1,198,186901685.74,3.0
6799,3931,10,212,86831870.49,1.5
6800,1957,11,37,703156169.07,9.0
6801,1431,1,44,92065805.29,1.5
6802,1538,9,15,112079621.12,1.8
6803,4891,10,179,92576937.88,1.5
6804,3065,7,110,114564292.18,1.5
6805,897,12,202,228024291.99,4.5
6806,1609,5,18,1531956762.74,25.0
6807,3537,11,355,554231048.98,9.0
6808,4110,9,337,676427179.07,9.0
6809,2315,12,328,2512823922.28,36.0
6810,3243,9,66,299621852.89,5.4
6811,2282,13,238,204281289.84,3.5
6812,3896,6,349,259824879.59,4.2
6813,1232,11,167,205026393.18,3.0
6814,3083,1,331,1100424789.38,15.0
6815,874,15,25,756834232.74,10.5
6816,2402,9,104,340264190.54,5.4
6817,1680,6,81,2243869893.75,42.0
6818,3426,3,205,848127373.23,16.5
6819,1086,5,130,415716038.32,5.0
6820,1725,8,77,410252077.81,7.0
6821,551,13,355,842451070.77,10.5
6822,399,3,41,1190626815.75,16.5
6823,3683,6,55,792908915.25,12.6
6824,2353,2,215,1012873609.34,17.5
6825,1730,8,15,281513330.94,3.5
6826,1224,8,253,753245506.25,10.5
6827,3375,12,174,3567425270.93,45.0
6828,4104,6,351,269741748.41,4.2
6829,3268,15,117,1292105522.1,17.5
6830,2895,11,226,176949751.6,3.0
6831,3532,1,32,947013896.96,15.0
6832,2943,1,132,91822948.69,1.5
6833,2819,7,244,480257912.79,7.5
6834,3786,9,336,109140504.89,1.8
6835,2931,14,233,1606294477.53,28.0
6836,1922,11,322,580920546.48,9.0
6837,2509,9,194,100377787.31,1.8
6838,4993,10,88,179396439.88,3.0
6839,3004,7,178,290726818.3,4.5
6840,1517,3,260,369585913.31,6.6
6841,3812,2,18,416790415.01,7.0
6842,3506,12,352,585931558.57,9.0
6843,2905,8,119,514245827.92,7.0
6844,94,8,312,2643123663.54,35.0
6845,3293,1,56,89469309.84,1.5
6846,4470,1,119,756630056.91,12.0
6847,2546,5,43,885377003.25,12.5
6848,843,14,40,659427891.02,10.5
6849,2864,10,92,188496632.65,3.0
6850,1811,8,178,260259131.69,3.5
6851,4263,11,219,559402504.43,9.0
6852,1531,6,199,928920294.45,12.6
6853,358,10,296,249923156.05,4.5
6854,1554,12,135,321455020.07,4.5
6855,3884,9,317,794084941.28,14.4
6856,4550,5,245,158174412.13,2.5
6857,3990,15,196,636407653.33,10.5
6858,3046,10,201,94289040.42,1.5
6859,3546,3,256,1656489963.28,26.4
6860,3290,2,215,1290477393.84,17.5
6861,2849,1,235,179119475.35,3.0
6862,4689,1,258,199894462.63,3.0
6863,1565,14,42,477600048.24,7.0
6864,3071,1,239,91231787.91,1.5
6865,1505,4,48,505219692.59,7.5
6866,537,5,21,503818700.63,7.5
6867,4271,2,35,201153334.75,3.5
6868,3471,7,57,149664638.01,3.0
6869,4608,6,26,577387195.42,8.4
6870,459,6,14,785912052.41,12.6
6871,4839,3,110,600653484.24,9.9
6872,577,14,88,342821384.47,7.0
6873,2891,9,74,118940811.3,1.8
6874,4730,3,106,1687190213.44,26.4
6875,62,15,42,1722809102.01,28.0
6876,4329,13,114,373650681.92,7.0
6877,2073,15,37,1757400288.01,28.0
6878,1129,15,4,185504375.63,3.5
6879,458,15,146,650917610.02,10.5
6880,305,13,33,428161127.81,7.0
6881,2642,12,238,2589093105.86,36.0
6882,2967,6,75,262637765.98,4.2
6883,1717,3,39,1035859419.09,16.5
6884,2307,3,321,413576549.61,6.6
6885,343,4,333,360739213.49,5.0
6886,4069,11,165,521175903.52,9.0
6887,3441,10,207,92998271.36,1.5
6888,950,14,222,433634636.6,7.0
6889,209,2,48,1560328545.53,28.0
6890,1590,8,199,194413586.39,3.5
6891,4198,11,125,194126586.75,3.0
6892,41,9,56,327055665.27,5.4
6893,854,15,84,213157893.55,3.5
6894,2939,1,15,212686758.18,3.0
6895,1984,11,118,194319752.06,3.0
6896,1829,6,352,778750686.58,12.6
6897,3672,11,229,205244269.01,3.0
6898,3877,6,174,504375539.95,8.4
6899,2568,2,257,297200074.94,3.5
6900,3825,2,272,222447859.74,3.5
6901,1171,7,222,450855111.73,7.5
6902,1095,12,246,316481370.08,4.5
6903,4446,15,120,159194761.2,3.5
6904,822,4,305,772406154.38,12.5
6905,4573,8,214,793778142.84,10.5
6906,1400,7,62,222036321.03,3.0
6907,4254,11,364,401850754.33,6.0
6908,2502,5,193,416152437.79,7.5
6909,126,1,288,83458189.66,1.5
6910,1936,13,239,499941116.38,7.0
6911,2405,13,338,2027650140.8,28.0
6912,4138,4,347,1344466808.63,20.0
6913,4914,5,229,247764283.33,5.0
6914,4211,11,92,625560118.3,9.0
6915,3346,6,165,2120782619.69,33.6
6916,527,15,61,231496878.44,3.5
6917,1026,8,34,247917035.0,3.5
6918,2130,5,328,141451396.35,2.5
6919,4001,3,141,434076251.9,6.6
6920,3611,6,181,272855327.66,4.2
6921,1643,2,173,422739918.26,7.0
6922,2577,14,239,1640312696.49,28.0
6923,1190,3,355,426698425.74,6.6
6924,4444,5,248,331695660.82,5.0
6925,4696,5,8,495723573.36,7.5
6926,2794,8,126,1139352322.4,17.5
6927,3217,4,80,269539658.88,5.0
6928,3484,5,64,165853387.59,2.5
6929,3161,11,221,402631493.24,6.0
6930,2508,12,321,679109562.27,9.0
6931,487,5,125,275965141.22,5.0
6932,1627,3,316,185364920.06,3.3
6933,598,7,187,116275184.2,1.5
6934,1451,13,138,1625214323.97,28.0
6935,2938,4,217,810739788.67,12.5
6936,1233,11,184,523089695.41,9.0
6937,2748,11,342,401478775.86,6.0
6938,3437,15,204,404772431.34,7.0
6939,4367,10,237,293700899.8,4.5
6940,3286,10,38,185104889.71,3.0
6941,4548,6,247,925029828.76,12.6
6942,2722,12,259,675102549.14,13.5
6943,1986,13,127,217373777.59,3.5
6944,1557,1,64,84550456.09,1.5
6945,4688,6,346,271881265.14,4.2
6946,3434,2,100,2525242936.84,35.0
6947,4931,15,272,1323211662.06,17.5
6948,1261,4,173,159153738.46,2.5
6949,4445,6,90,1006175320.95,12.6
6950,604,4,227,1578405265.21,25.0
6951,234,15,152,427163932.59,7.0
6952,4727,12,153,808821098.15,13.5
6953,1689,2,316,987895237.12,17.5
6954,2574,12,131,1993804016.38,36.0
6955,3963,4,269,376352808.3,5.0
6956,2575,13,335,261363554.86,3.5
6957,4578,2,48,218901616.63,3.5
6958,2733,5,244,186849075.69,2.5
6959,3580,6,213,1149725966.29,21.0
6960,3734,5,152,980423099.67,12.5
6961,3486,6,169,2621054484.56,42.0
6962,4417,3,143,1200978953.32,16.5
6963,4765,1,313,82233026.86,1.5
6964,2460,10,188,819239437.78,12.0
6965,2413,11,48,610285606.72,9.0
6966,4674,9,23,97260646.78,1.8
6967,1381,12,160,492025061.26,9.0
6968,4709,2,130,273051596.19,3.5
6969,407,8,328,260837047.0,3.5
6970,3648,9,292,112350227.0,1.8
6971,4482,2,262,532659901.14,7.0
6972,4492,1,193,310425643.25,4.5
6973,4335,10,352,508002602.34,7.5
6974,3797,11,225,178861954.41,3.0
6975,2818,13,62,1747649888.29,28.0
6976,1167,11,338,589993230.75,9.0
6977,3817,5,84,162738901.62,2.5
6978,2398,13,79,2213623521.04,35.0
6979,4179,3,85,238833647.49,3.3
6980,1318,10,211,116304839.46,1.5
6981,2565,11,299,217296816.84,3.0
6982,932,5,312,410356667.86,7.5
6983,2779,15,270,805489006.17,10.5
6984,4119,14,331,406031877.12,7.0
6985,3903,5,161,314364689.41,5.0
6986,1966,10,324,102514037.69,1.5
6987,4609,14,227,717526040.78,10.5
6988,3788,6,216,260878505.06,4.2
6989,2898,8,188,249886140.57,3.5
6990,1756,3,5,502331490.1,6.6
6991,600,6,57,871852527.88,12.6
6992,4542,15,21,1460827326.91,28.0
6993,4602,13,98,204763413.19,3.5
6994,1497,15,244,645219955.1,10.5
6995,2523,13,55,670306700.97,10.5
6996,239,8,285,1412624264.64,17.5
6997,3975,3,87,428560182.81,6.6
6998,2765,9,241,135038847.94,1.8
6999,4996,13,142,512298918.89,7.0
7000,3223,5,304,326838088.77,5.0
7001,1287,8,55,2014477052.94,28.0
7002,4516,2,268,187072109.33,3.5
7003,118,4,235,1541585838.19,25.0
7004,4598,5,323,289321997.89,5.0
7005,4330,2,173,179166217.52,3.5
7006,3983,15,311,474041927.62,7.0
7007,3218,3,146,194588080.28,3.3
7008,908,10,319,97349283.19,1.5
7009,3765,13,346,236957302.55,3.5
7010,4917,12,170,1888779890.17,36.0
7011,1893,9,317,232937256.72,3.6
7012,12,5,154,1526003532.2,20.0
7013,650,6,22,893293158.04,12.6
7014,1278,10,162,92598012.61,1.5
7015,236,5,344,115659824.94,2.5
7016,2435,12,334,2415791982.8,45.0
7017,4009,5,217,1623120175.7,25.0
7018,147,10,154,219309030.63,3.0
7019,78,4,329,189271379.21,2.5
7020,1081,15,196,1207521752.66,17.5
7021,3976,10,19,194547631.97,3.0
7022,4386,14,167,195758254.39,3.5
7023,1751,4,201,351469718.71,5.0
7024,3490,6,28,747406493.25,12.6
7025,2769,4,115,409453770.7,5.0
7026,2298,5,226,297693070.43,5.0
7027,4585,2,117,556581204.89,10.5
7028,4700,3,176,211084025.3,3.3
7029,1900,5,332,480941588.54,7.5
7030,3641,5,334,881923125.02,12.5
7031,2342,1,45,105341261.04,1.5
7032,4516,15,355,212910072.21,3.5
7033,794,5,75,339683436.15,5.0
7034,2542,2,16,1112543058.15,17.5
7035,684,11,273,202707078.42,3.0
7036,2957,15,27,477784617.39,7.0
7037,429,14,3,779764895.76,10.5
7038,678,5,64,412441082.36,5.0
7039,2362,3,310,1025870389.55,16.5
7040,2371,4,8,148454373.26,2.5
7041,3627,12,304,303349474.02,4.5
7042,3956,3,330,2331177495.05,33.0
7043,125,1,179,411670521.83,7.5
7044,2663,12,165,1419997403.98,22.5
7045,4782,2,127,1627008026.4,28.0
7046,3828,15,52,156099873.81,3.5
7047,1600,8,190,248464987.32,3.5
7048,1347,14,243,656920570.3,10.5
7049,470,12,237,640803556.79,9.0
7050,859,7,310,108866630.7,1.5
7051,2543,12,42,1032801075.28,13.5
7052,1357,12,121,1047682079.18,13.5
7053,2093,9,260,1198763837.67,18.0
7054,1177,1,13,94444013.04,1.5
7055,3019,9,12,253770458.61,3.6
7056,670,8,259,239981395.84,3.5
7057,1270,12,274,2290432600.57,36.0
7058,3136,2,30,840571650.71,10.5
7059,2212,10,276,888422285.36,12.0
7060,2995,15,36,197338660.84,3.5
7061,4835,10,280,187012671.26,3.0
7062,3797,6,321,1918725454.7,33.6
7063,2895,2,346,490359518.87,7.0
7064,1427,2,354,1699961515.52,28.0
7065,2593,1,240,87879999.38,1.5
7066,224,11,278,441724467.12,6.0
7067,1628,8,8,528009928.44,7.0
7068,1596,1,266,106761275.23,1.5
7069,1083,13,159,453647710.57,7.0
7070,3070,8,316,643493566.75,10.5
7071,3196,13,112,1858938780.64,28.0
7072,129,9,127,552706634.27,9.0
7073,2796,10,167,193661176.45,3.0
7074,3453,5,226,760833399.36,12.5
7075,4675,3,116,1971902012.04,26.4
7076,3274,5,160,122416321.33,2.5
7077,1088,3,276,591353617.11,9.9
7078,618,8,66,649977336.18,10.5
7079,1652,2,358,1067883190.74,17.5
7080,4968,8,205,422421472.44,7.0
7081,2956,5,332,1291730164.91,25.0
7082,1674,11,212,168396102.02,3.0
7083,2000,14,341,1982819701.52,28.0
7084,4819,7,17,274229400.94,4.5
7085,3568,14,56,613233551.55,10.5
7086,822,11,252,918466410.54,15.0
7087,4725,10,170,345442557.52,4.5
7088,4615,3,349,1503123785.33,26.4
7089,2628,11,266,1462373513.13,24.0
7090,1959,14,48,510371675.56,7.0
7091,3914,6,7,804165786.15,12.6
7092,4075,5,199,160960220.65,2.5
7093,4036,4,251,171975119.78,2.5
7094,1352,2,251,576175698.44,10.5
7095,3809,4,81,758315449.44,12.5
7096,2164,9,54,88288926.49,1.8
7097,461,6,79,284405159.74,4.2
7098,3265,14,60,648443696.75,10.5
7099,2774,10,21,1202748714.82,15.0
7100,287,13,77,394073357.55,7.0
7101,3326,4,280,1329006784.43,20.0
7102,497,4,231,154738009.41,2.5
7103,2863,8,223,253000366.69,3.5
7104,4570,15,2,215964258.31,3.5
7105,380,10,14,86239684.73,1.5
7106,629,1,174,223580118.32,3.0
7107,1238,14,296,1278092921.03,17.5
7108,782,4,351,447989958.16,7.5
7109,4462,6,144,731413619.33,12.6
7110,251,11,123,571703680.11,9.0
7111,2057,5,276,548423952.03,7.5
7112,680,11,27,171590255.42,3.0
7113,4097,2,344,582037231.48,10.5
7114,4935,10,94,177907735.68,3.0
7115,1781,15,265,767114552.0,10.5
7116,1767,6,297,479566585.78,8.4
7117,2060,11,36,360914088.13,6.0
7118,1628,12,209,1739669389.34,22.5
7119,2612,10,56,151509095.69,3.0
7120,1827,7,84,94168716.63,1.5
7121,3945,1,34,206938365.56,3.0
7122,410,2,38,1272656103.64,17.5
7123,334,9,129,333485702.58,5.4
7124,2167,13,246,497781021.1,7.0
7125,3878,7,146,497857095.37,7.5
7126,2012,11,55,885512532.1,15.0
7127,1513,11,102,401861462.02,6.0
7128,2743,9,284,322436368.02,5.4
7129,783,6,345,1497581326.61,21.0
7130,118,4,143,465056189.37,7.5
7131,490,8,307,401378889.92,7.0
7132,2836,4,165,265216951.61,5.0
7133,2382,3,40,463369819.3,6.6
7134,2905,15,225,227374451.72,3.5
7135,4283,2,176,2294765292.17,28.0
7136,1059,4,219,1649003759.79,25.0
7137,980,1,177,289773864.1,4.5
7138,603,12,345,324320310.14,4.5
7139,2373,11,208,334983505.1,6.0
7140,550,15,18,1730789552.42,28.0
7141,1210,11,215,225688589.05,3.0
7142,2185,15,47,610657187.81,10.5
7143,3242,7,118,211569588.48,3.0
7144,1005,13,308,240751449.81,3.5
7145,2291,12,51,255339403.73,4.5
7146,4086,12,323,2469567049.88,36.0
7147,2067,15,28,1175821415.89,17.5
7148,688,2,243,260368509.41,3.5
7149,1379,6,262,772813811.68,12.6
7150,4968,12,22,1965719060.28,36.0
7151,3863,12,130,775971333.18,9.0
7152,1540,2,359,1514210963.49,28.0
7153,4059,15,91,225649112.97,3.5
7154,3816,13,151,1120708266.33,17.5
7155,3159,1,83,176590800.75,3.0
7156,267,4,299,401102543.89,5.0
7157,2531,13,361,236065362.54,3.5
7158,3148,15,164,1320151089.01,17.5
7159,1740,5,88,163265569.32,2.5
7160,3825,2,85,254931640.4,3.5
7161,1753,7,276,195336477.84,3.0
7162,1304,2,337,495298657.79,7.0
7163,3492,2,349,1297763619.26,17.5
7164,3061,11,349,423329752.61,6.0
7165,2128,11,221,399146451.57,6.0
7166,3035,11,230,385435967.81,6.0
7167,1238,9,147,597644093.72,9.0
7168,3301,10,92,111534308.29,1.5
7169,1639,13,216,1185032249.17,17.5
7170,3679,13,222,630860722.29,10.5
7171,775,7,273,307978138.21,4.5
7172,3458,9,81,133779217.71,1.8
7173,3722,15,307,267169604.18,3.5
7174,1794,14,66,216914750.44,3.5
7175,633,5,214,819457450.94,12.5
7176,1435,9,177,96426484.98,1.8
7177,2260,2,58,2013976678.37,35.0
7178,1749,2,328,202897992.11,3.5
7179,3937,11,339,869901406.87,15.0
7180,4853,4,53,380280712.52,5.0
7181,2962,12,58,1734906811.94,22.5
7182,4582,12,259,832898683.33,13.5
7183,950,12,120,831862500.82,13.5
7184,4133,5,86,1173639560.61,20.0
7185,2901,1,133,535284531.77,7.5
7186,4361,11,74,491167123.75,9.0
7187,1080,13,8,1848066129.55,28.0
7188,2794,5,197,329792941.4,5.0
7189,3517,4,238,1479201754.85,25.0
7190,4987,13,154,206399041.31,3.5
7191,3105,9,162,648239879.1,9.0
7192,2507,1,122,153317607.1,3.0
7193,632,8,341,1024032585.08,17.5
7194,2692,9,258,556558699.11,9.0
7195,465,11,34,177704592.72,3.0
7196,4209,12,235,2141883814.77,36.0
7197,384,2,221,207909418.14,3.5
7198,1747,5,169,471994300.11,7.5
7199,3201,3,114,560589858.23,6.6
7200,1475,2,298,2490313260.86,35.0
7201,3629,6,268,2136657121.98,33.6
7202,3418,1,291,101325224.36,1.5
7203,658,8,261,236614324.17,3.5
7204,1698,10,251,75645760.2,1.5
7205,2619,7,10,834528921.63,12.0
7206,445,2,139,663243190.84,10.5
7207,13,14,364,533457647.42,7.0
7208,1193,12,75,634160183.91,9.0
7209,1523,9,211,216533072.72,3.6
7210,1927,4,8,161885574.0,2.5
7211,108,12,149,1588021629.91,22.5
7212,4729,11,180,402195287.75,6.0
7213,4631,15,57,456850990.43,7.0
7214,2523,2,300,167860641.47,3.5
7215,4660,2,25,476362494.23,7.0
7216,1724,4,190,520446421.63,7.5
7217,379,12,114,675111823.07,9.0
7218,4331,5,251,173313518.88,2.5
7219,4414,15,248,1061117068.91,17.5
7220,2917,9,94,107100305.33,1.8
7221,3137,9,309,266879253.61,3.6
7222,622,9,193,110909846.13,1.8
7223,1885,2,210,445620826.71,7.0
7224,4615,10,334,185752495.9,3.0
7225,3644,3,38,1722701450.38,33.0
7226,4896,5,322,738514781.45,12.5
7227,3438,10,145,1123871713.76,15.0
7228,3035,13,256,2589981303.87,35.0
7229,1361,7,279,243329419.48,4.5
7230,3406,7,239,223659510.59,4.5
7231,174,1,95,86685952.59,1.5
7232,3155,7,57,120616124.74,1.5
7233,2673,6,187,278007173.59,4.2
7234,4545,7,227,108351839.25,1.5
7235,4919,15,338,1949824695.52,28.0
7236,3746,2,6,753961020.97,10.5
7237,2044,11,70,623987244.11,9.0
7238,953,14,347,2099184079.88,35.0
7239,372,5,360,866741593.81,12.5
7240,3974,4,159,791159668.3,12.5
7241,535,13,261,1498990447.65,28.0
7242,2272,10,54,462261245.06,7.5
7243,4476,7,107,274226006.38,4.5
7244,714,8,186,490171008.68,7.0
7245,4765,10,54,628392254.97,12.0
7246,2793,3,245,410846896.51,6.6
7247,2756,11,212,607254648.31,9.0
7248,2182,7,285,151490670.43,3.0
7249,3605,13,86,418671029.68,7.0
7250,3916,9,301,230112184.72,3.6
7251,196,10,149,100492914.16,1.5
7252,751,7,2,451668156.39,7.5
7253,927,1,344,187505726.66,3.0
7254,3007,5,192,446178888.99,7.5
7255,646,9,22,679691679.3,9.0
7256,1966,14,230,1773289622.38,28.0
7257,1638,9,27,221191948.21,3.6
7258,1742,7,285,171730556.38,3.0
7259,3928,9,28,577855236.6,9.0
7260,3453,9,62,326916324.82,5.4
7261,4394,6,246,781223384.23,12.6
7262,1529,7,141,155047494.14,3.0
7263,194,13,344,799191801.54,10.5
7264,3681,6,99,490055077.67,8.4
7265,192,2,190,419995177.3,7.0
7266,1611,14,262,460765718.94,7.0
7267,1416,6,120,784144754.49,12.6
7268,130,9,158,786576032.23,18.0
7269,343,3,323,216055373.62,3.3
7270,4523,11,267,186937938.2,3.0
7271,2504,14,307,399788280.6,7.0
7272,4433,11,253,452304463.76,6.0
7273,3879,3,107,1124190688.66,16.5
7274,498,4,212,772235023.93,12.5
7275,1718,1,50,85630117.17,1.5
7276,118,4,264,835785411.39,12.5
7277,1044,9,25,275757306.16,3.6
7278,194,10,170,170313817.56,3.0
7279,293,12,164,233622587.13,4.5
7280,1357,10,172,1260167207.13,15.0
7281,630,8,132,644045165.52,10.5
7282,1506,3,252,2036775086.3,33.0
7283,1941,11,210,504832146.3,9.0
7284,3955,9,295,108002354.74,1.8
7285,4588,6,94,1453649469.07,21.0
7286,1564,8,107,2327431792.93,35.0
7287,3961,9,297,228744548.45,3.6
7288,1258,4,105,1093603518.25,20.0
7289,1997,11,225,182542519.25,3.0
7290,3054,15,292,419939567.31,7.0
7291,4192,15,15,2177026889.87,35.0
7292,4772,4,96,1502990057.78,25.0
7293,3420,4,283,320827842.56,5.0
7294,1334,2,204,554283056.86,10.5
7295,4325,10,184,837662140.12,12.0
7296,1331,8,359,1224001600.72,17.5
7297,474,4,220,443181409.44,7.5
7298,3292,9,36,196529834.9,3.6
7299,3100,4,163,790234154.34,12.5
7300,3182,8,185,579408686.26,7.0
7301,734,14,335,240703985.7,3.5
7302,4819,5,237,1647714330.96,25.0
7303,4595,9,347,303024498.36,5.4
7304,3020,13,324,260576110.45,3.5
7305,543,15,228,668779195.49,10.5
7306,4278,14,275,640458539.29,10.5
7307,4376,2,101,1161181892.48,17.5
7308,3938,2,223,181596460.48,3.5
7309,1131,8,171,2268433986.99,28.0
7310,615,11,75,1868748257.96,30.0
7311,1609,7,255,887268633.79,15.0
7312,3869,13,330,509200871.65,7.0
7313,1496,5,138,182631287.35,2.5
7314,665,15,265,1230128891.99,17.5
7315,3505,10,70,503058437.99,7.5
7316,517,7,208,224720833.2,3.0
7317,4504,1,12,236118587.77,4.5
7318,4185,10,176,482693129.81,7.5
7319,1834,4,87,866554386.36,12.5
7320,1878,3,140,319615138.25,6.6
7321,2143,7,294,790741497.03,12.0
7322,4532,11,126,186939584.34,3.0
7323,3022,5,312,1109105616.16,20.0
7324,3099,2,77,2090753190.74,35.0
7325,4411,3,68,528899489.65,6.6
7326,2296,1,52,1116941662.39,15.0
7327,4601,7,93,294716923.14,4.5
7328,4822,7,189,461686833.07,7.5
7329,4706,2,13,502047778.13,7.0
7330,4604,10,351,111662123.74,1.5
7331,4475,12,327,673351332.2,9.0
7332,2258,14,100,1117402492.6,17.5
7333,3750,1,227,166079888.07,3.0
7334,61,9,285,242288802.25,3.6
7335,132,3,183,200889495.45,3.3
7336,3540,6,127,710705999.48,12.6
7337,2448,6,138,282539681.86,4.2
7338,4237,3,48,721782757.68,9.9
7339,1221,8,62,649456777.22,10.5
7340,4591,14,288,610988225.14,10.5
7341,2831,6,187,552536650.82,8.4
7342,4113,2,216,1051364196.78,17.5
7343,2294,14,207,1826623383.41,28.0
7344,2464,1,174,100094690.67,1.5
7345,4629,14,51,208773092.56,3.5
7346,4078,13,232,224098753.77,3.5
7347,185,9,35,132671649.05,1.8
7348,751,11,126,188339462.57,3.0
7349,1556,6,131,551853758.18,8.4
7350,3334,4,364,419505144.0,7.5
7351,2026,4,286,677826144.45,12.5
7352,1809,13,342,234230209.18,3.5
7353,1820,1,273,100006633.24,1.5
7354,3216,14,30,753978736.86,10.5
7355,3348,12,223,1016837454.29,13.5
7356,3068,6,54,1513794989.27,21.0
7357,2634,5,222,442035407.32,7.5
7358,3377,13,319,1088252836.83,17.5
7359,4583,1,332,104828916.2,1.5
7360,787,9,293,540926160.42,9.0
7361,2428,14,59,209351228.75,3.5
7362,1873,7,30,86220282.48,1.5
7363,585,1,220,263840786.16,4.5
7364,3649,15,133,657785374.24,10.5
7365,609,7,323,192015996.85,3.0
7366,1845,13,211,1171756411.04,17.5
7367,3063,6,334,2251725920.84,33.6
7368,3602,15,100,220503943.47,3.5
7369,2268,8,239,496701310.22,7.0
7370,2279,10,229,552497291.98,7.5
7371,904,15,61,1276734997.55,17.5
7372,781,8,140,199265155.47,3.5
7373,4647,11,350,213747450.87,3.0
7374,4763,7,153,112033970.41,1.5
7375,34,12,190,676175867.35,9.0
7376,942,5,284,1444692454.13,25.0
7377,2193,7,203,173992762.35,3.0
7378,4023,10,126,171189638.53,3.0
7379,1697,10,351,310796207.41,4.5
7380,2042,6,310,599764566.44,8.4
7381,4535,11,305,1701781442.07,24.0
7382,2240,12,81,3249566970.95,45.0
7383,1635,4,209,357528629.7,5.0
7384,4148,4,134,832923927.01,12.5
7385,437,15,119,229671579.05,3.5
7386,4564,10,355,688187439.3,12.0
7387,3461,14,165,204003827.5,3.5
7388,2951,10,10,827951825.7,12.0
7389,236,10,157,164367511.43,3.0
7390,1841,3,316,394274943.38,6.6
7391,1844,12,161,628259775.83,9.0
7392,3632,10,357,85948835.15,1.5
7393,818,3,171,253264412.3,3.3
7394,422,15,157,750675102.34,10.5
7395,3737,11,123,1835019268.2,30.0
7396,3914,5,308,182654330.78,2.5
7397,3690,8,84,1555548237.28,28.0
7398,1764,8,107,1738867912.19,28.0
7399,2040,15,28,1691228704.58,28.0
7400,345,4,302,752958394.54,12.5
7401,977,13,228,824544561.53,10.5
7402,3351,7,339,761829969.91,12.0
7403,4081,14,153,2422259492.63,35.0
7404,4956,2,193,490089604.6,7.0
7405,913,8,285,262161639.08,3.5
7406,951,14,156,683065732.44,10.5
7407,589,10,27,188372791.1,3.0
7408,561,11,91,1827951333.71,30.0
7409,2088,5,220,1292114565.28,20.0
7410,484,12,266,826560416.22,13.5
7411,3650,5,46,773688651.89,12.5
7412,2818,14,280,2828874162.38,35.0
7413,2713,13,2,444065977.82,7.0
7414,881,9,322,364035619.32,5.4
7415,1402,8,281,336235055.41,7.0
7416,598,12,228,365968318.23,4.5
7417,4055,14,26,231239315.82,3.5
7418,4762,11,331,405485528.26,6.0
7419,105,7,112,245146240.11,3.0
7420,2383,14,110,1111041802.06,17.5
7421,4294,11,28,453810396.07,6.0
7422,4628,4,351,743965452.57,12.5
7423,1048,6,148,2261156441.44,33.6
7424,3538,14,315,533672685.48,7.0
7425,1841,4,135,155555387.58,2.5
7426,4558,4,237,137359902.87,2.5
7427,2454,11,165,185818591.21,3.0
7428,3665,15,57,1043108711.35,17.5
7429,2380,6,169,258789010.39,4.2
7430,1528,13,106,462767301.93,7.0
7431,4464,10,268,279345638.37,4.5
7432,1883,8,55,489917608.89,7.0
7433,2467,1,21,296333486.37,4.5
7434,740,7,166,243330858.56,4.5
7435,1620,11,37,396934577.76,6.0
7436,2497,6,66,518074352.65,8.4
7437,2665,13,103,550963515.04,7.0
7438,372,15,3,864884890.93,10.5
7439,2777,6,338,648020369.14,12.6
7440,4146,11,163,1887919072.67,30.0
7441,1522,4,305,1386250322.09,25.0
7442,202,14,245,520213441.71,10.5
7443,358,5,133,304171539.12,5.0
7444,1036,10,137,189363820.81,3.0
7445,1392,7,38,181696465.34,3.0
7446,243,15,348,233891229.29,3.5
7447,2590,11,179,245797804.34,3.0
7448,164,5,359,353617131.94,5.0
7449,1997,6,292,285860179.22,4.2
7450,3013,14,86,243440520.85,3.5
7451,3572,9,307,122335646.09,1.8
7452,4787,11,54,181938894.17,3.0
7453,3177,12,202,318177755.01,4.5
7454,3467,7,13,193713863.18,3.0
7455,69,4,150,177634869.64,2.5
7456,54,8,232,2030952750.04,28.0
7457,2281,13,146,426184513.76,7.0
7458,4262,4,60,333183064.37,5.0
7459,2115,13,200,1246388670.19,17.5
7460,3826,14,107,1236091395.86,17.5
7461,2677,11,303,552172802.24,9.0
7462,3583,6,262,642939854.22,8.4
7463,4692,15,318,354893283.09,7.0
7464,3259,6,77,844430494.44,12.6
7465,127,13,165,191876573.69,3.5
7466,3780,12,350,707999847.05,9.0
7467,3275,14,201,233149739.77,3.5
7468,1099,2,106,2049222745.27,28.0
7469,2433,13,278,236328129.56,3.5
7470,1186,11,323,496098540.31,9.0
7471,4442,5,54,762403477.25,12.5
7472,437,3,28,187097928.1,3.3
7473,2429,13,336,516364941.28,10.5
7474,4606,14,254,1565355619.55,28.0
7475,4995,5,352,155368540.9,2.5
7476,4023,6,96,244793876.31,4.2
7477,162,1,285,859301427.55,12.0
7478,822,13,6,253206486.08,3.5
7479,3778,2,15,255823838.0,3.5
7480,4894,14,225,521701779.38,7.0
7481,527,6,271,2236270706.67,33.6
7482,4803,13,300,205720782.29,3.5
7483,3086,5,115,498030124.76,7.5
7484,882,4,121,1102221606.68,20.0
7485,4727,5,280,1423429980.78,25.0
7486,4397,10,188,331594512.68,7.5
7487,1268,12,288,313498923.75,4.5
7488,4347,13,35,1940249279.55,28.0
7489,338,14,183,977627430.3,17.5
7490,1281,10,307,286654018.71,4.5
7491,2578,13,154,456831578.91,7.0
7492,689,15,186,459445367.44,7.0
7493,2007,8,275,347322063.31,7.0
7494,1407,14,212,1604577786.4,28.0
7495,4669,1,137,93298172.5,1.5
7496,352,10,102,162216476.18,3.0
7497,1133,15,267,257374254.98,3.5
7498,1813,7,138,1030658495.5,15.0
7499,2910,5,323,935499478.81,12.5
7500,766,6,308,256642884.65,4.2
7501,635,6,50,665225240.5,8.4
7502,2921,7,337,501888106.2,7.5
7503,1157,2,194,240729864.59,3.5
7504,1986,2,249,491243734.65,7.0
7505,3866,8,363,1073565099.31,17.5
7506,1501,15,24,710636340.69,10.5
7507,1057,3,208,396962548.24,6.6
7508,1003,3,209,1054153011.64,16.5
7509,761,2,19,510004435.61,7.0
7510,3255,8,157,503779433.41,10.5
7511,3704,5,19,266947496.34,5.0
7512,1089,7,158,938581587.59,15.0
7513,1113,3,175,217593290.15,3.3
7514,1543,4,281,757104315.73,12.5
7515,3050,6,33,300809967.29,4.2
7516,1956,14,270,362256569.37,7.0
7517,679,6,305,1700005856.92,33.6
7518,439,3,359,1828403386.07,26.4
7519,3842,5,181,150389871.39,2.5
7520,4843,14,200,1053476122.18,17.5
7521,445,12,107,960989327.57,13.5
7522,2528,11,139,1186894675.71,15.0
7523,1581,4,153,179961903.94,2.5
7524,1582,5,1,1225583934.49,20.0
7525,744,13,221,264135269.8,3.5
7526,3582,10,164,261702216.04,4.5
7527,2546,7,9,523725492.92,7.5
7528,1702,12,268,642247194.99,9.0
7529,3540,6,253,248516184.23,4.2
7530,525,4,302,914744680.29,12.5
7531,1823,3,270,2332158507.44,33.0
7532,3175,13,28,343697767.15,7.0
7533,4265,8,244,2062517809.41,35.0
7534,222,7,186,535460456.06,7.5
7535,4187,1,231,701816363.95,15.0
7536,3047,14,123,217036625.2,3.5
7537,1792,15,195,1125209670.57,17.5
7538,3400,7,73,947274529.62,15.0
7539,2310,3,76,585028667.52,9.9
7540,2038,6,186,555387477.45,8.4
7541,161,1,21,187200524.7,3.0
7542,1282,7,355,106692164.73,1.5
7543,3809,15,270,251811935.03,3.5
7544,4665,10,74,753136583.53,12.0
7545,1440,13,95,517214484.89,7.0
7546,3442,11,75,1625896597.25,24.0
7547,3310,14,72,1846640141.28,28.0
7548,3045,15,220,238582359.3,3.5
7549,1297,6,67,1309152250.11,21.0
7550,3487,10,272,949436262.26,15.0
7551,3036,15,117,172508868.31,3.5
7552,4823,4,27,168434669.27,2.5
7553,3135,4,270,304759241.83,5.0
7554,4140,2,84,424380060.94,7.0
7555,3764,10,193,333355118.0,4.5
7556,3845,6,346,782330821.78,12.6
7557,2183,6,294,254528819.86,4.2
7558,2800,14,143,239189870.99,3.5
7559,1221,1,24,97090160.08,1.5
7560,1639,10,156,1048385837.08,15.0
7561,972,9,57,133269932.82,1.8
7562,2987,14,150,1184430075.53,17.5
7563,166,15,28,218972456.59,3.5
7564,566,7,193,103570807.94,1.5
7565,2786,10,359,94423445.76,1.5
7566,1125,11,354,508421795.97,6.0
7567,4832,9,132,434497147.11,5.4
7568,1436,2,256,1844099970.41,28.0
7569,4037,1,192,179510364.92,3.0
7570,3496,2,194,573515489.4,7.0
7571,2169,4,18,331066132.1,5.0
7572,2591,13,255,480279753.29,7.0
7573,2307,8,109,607608891.36,10.5
7574,1452,8,328,234545463.64,3.5
7575,3049,14,354,465007698.5,7.0
7576,507,9,128,190744590.57,3.6
7577,3520,6,79,242346049.38,4.2
7578,2667,9,291,304895177.48,5.4
7579,3095,10,238,107973722.9,1.5
7580,779,5,247,354040794.44,5.0
7581,2111,2,264,1895103143.46,35.0
7582,3549,7,96,279427701.2,4.5
7583,1469,1,283,254031220.31,4.5
7584,2846,15,183,605014861.85,10.5
7585,57,1,45,112858676.67,1.5
7586,1914,3,228,394157248.4,6.6
7587,4281,1,241,109229371.83,1.5
7588,2350,7,95,208061878.35,3.0
7589,2640,7,243,450160885.06,7.5
7590,1173,12,6,502893712.27,9.0
7591,314,12,171,316933300.85,4.5
7592,1168,5,158,263822837.32,5.0
7593,1368,2,81,651591216.68,10.5
7594,4190,1,139,206751931.62,4.5
7595,1219,13,292,210240664.64,3.5
7596,2472,8,52,1130452902.42,17.5
7597,4243,10,350,149042629.44,3.0
7598,2229,5,105,487967568.24,7.5
7599,2345,1,262,110381714.67,1.5
7600,241,5,107,1824103274.33,25.0
7601,4804,11,195,203627562.2,3.0
7602,4661,15,310,676578250.45,10.5
7603,3954,12,279,3382056834.34,45.0
7604,2395,9,239,1361292737.57,18.0
7605,804,1,14,95140847.24,1.5
7606,4805,13,170,2429466934.14,35.0
7607,4708,14,359,226639107.46,3.5
7608,1914,1,278,929321669.8,12.0
7609,3871,7,343,303152272.33,4.5
7610,221,6,2,1185760356.06,21.0
7611,3833,10,16,94389322.8,1.5
7612,2754,9,338,1335422387.43,18.0
7613,2026,1,120,379107181.77,7.5
7614,4670,7,152,179518989.22,3.0
7615,3613,7,6,645929576.34,12.0
7616,4468,13,172,329439632.7,3.5
7617,3090,2,153,969384505.07,17.5
7618,3307,10,304,91610114.63,1.5
7619,3766,2,166,738844727.88,10.5
7620,4707,4,35,278455266.58,5.0
7621,3675,2,243,742658646.78,10.5
7622,2325,14,260,219607856.12,3.5
7623,4724,9,332,124913379.58,1.8
7624,2939,15,323,2255925328.29,35.0
7625,2425,3,193,460543100.32,6.6
7626,2575,14,295,2638048137.4,35.0
7627,3474,13,363,654785008.69,10.5
7628,3346,7,219,113278709.96,1.5
7629,1244,1,351,81758927.73,1.5
7630,4014,5,21,501163427.02,7.5
7631,4239,12,219,2892398493.83,45.0
7632,3253,2,104,2005117499.3,35.0
7633,3040,10,326,759815575.0,12.0
7634,2124,11,365,208619962.88,3.0
7635,4312,12,100,1199199306.19,22.5
7636,1269,6,235,853997805.55,12.6
7637,3384,8,83,2292031047.47,28.0
7638,2449,11,175,967410344.5,15.0
7639,49,7,151,101114236.88,1.5
7640,543,2,38,509131219.53,7.0
7641,3197,2,192,797933688.06,10.5
7642,4063,8,233,196737807.31,3.5
7643,776,6,155,546909833.1,8.4
7644,682,2,261,739600613.09,10.5
7645,897,7,223,85784036.42,1.5
7646,2121,6,265,561195544.33,8.4
7647,3066,5,285,168174851.79,2.5
7648,1647,2,208,1480968053.63,28.0
7649,4977,11,164,171491565.8,3.0
7650,1966,3,4,1028733281.62,16.5
7651,1365,4,309,649525003.75,12.5
7652,2354,11,311,602910559.56,9.0
7653,1761,7,274,905971223.8,12.0
7654,4222,11,271,207270979.2,3.0
7655,4641,3,333,207474557.37,3.3
7656,1948,8,157,213171461.71,3.5
7657,4079,7,183,213887747.07,3.0
7658,4153,9,362,1007125356.38,14.4
7659,2067,5,105,194510044.9,2.5
7660,4550,14,194,422687629.39,7.0
7661,3034,13,209,689298912.07,10.5
7662,4004,2,250,656158706.55,10.5
7663,4539,3,362,418988582.86,6.6
7664,1123,14,347,2170374140.9,35.0
7665,397,9,83,84604829.03,1.8
7666,1900,1,159,290557906.11,4.5
7667,572,14,198,664343260.66,10.5
7668,3934,6,259,2682986888.39,42.0
7669,143,3,252,736841204.95,9.9
7670,3688,6,284,756684189.41,12.6
7671,922,2,276,216403874.98,3.5
7672,1805,2,312,681111683.32,10.5
7673,2624,9,352,313927152.16,5.4
7674,1578,1,52,509184722.89,7.5
7675,3876,11,94,608451889.49,9.0
7676,3813,6,307,615549168.14,8.4
7677,2123,3,142,203217581.32,3.3
7678,3861,15,68,245111856.31,3.5
7679,275,13,357,951911234.77,17.5
7680,3844,10,352,520308971.35,7.5
7681,3485,10,143,95484533.63,1.5
7682,291,6,251,869898584.93,12.6
7683,2545,9,337,346545350.18,5.4
7684,4415,14,349,226354495.37,3.5
7685,1023,12,250,270208230.04,4.5
7686,3351,2,151,768410508.57,10.5
7687,3092,2,163,1045153934.79,17.5
7688,4504,7,279,241057329.73,4.5
7689,2887,10,15,674706368.14,12.0
7690,3205,14,160,564673246.14,7.0
7691,2682,6,172,480551901.31,8.4
7692,4004,14,218,1303377741.55,28.0
7693,2433,13,347,394112407.81,7.0
7694,1615,15,261,443434303.69,7.0
7695,2925,8,31,212482257.64,3.5
7696,3335,9,2,420633207.51,5.4
7697,2584,13,4,498620514.27,7.0
7698,2335,14,29,421660382.27,7.0
7699,2155,6,230,198643468.73,4.2
7700,894,3,219,377476049.89,6.6
7701,1934,15,252,1036803185.15,17.5
7702,1433,3,208,479960447.21,6.6
7703,3480,13,162,477130798.55,7.0
7704,3084,8,108,1315280180.34,17.5
7705,4339,10,79,89105528.85,1.5
7706,2979,5,352,585700005.55,7.5
7707,591,11,12,353195474.7,6.0
7708,2433,6,261,2066661023.49,33.6
7709,4512,10,244,527987218.44,7.5
7710,3730,11,216,171694036.66,3.0
7711,1120,11,201,241729054.13,3.0
7712,2692,7,352,986305099.52,12.0
7713,4230,9,23,104859653.86,1.8
7714,1234,8,199,583290427.59,10.5
7715,3690,11,95,514017732.34,6.0
7716,4074,9,146,108581140.62,1.8
7717,4735,5,81,300841685.82,5.0
7718,939,5,69,158532001.69,2.5
7719,999,7,285,564859702.3,7.5
7720,4812,11,42,176543731.64,3.0
7721,4883,13,150,424982843.02,7.0
7722,3301,1,355,181394705.63,3.0
7723,909,10,318,94794847.77,1.5
7724,2599,10,144,214462735.26,3.0
7725,1805,8,257,246129828.74,3.5
7726,2257,1,139,89429709.76,1.5
7727,2634,12,322,477069932.72,9.0
7728,3641,1,135,197484563.3,3.0
7729,4907,7,314,1159815958.2,15.0
7730,3559,5,309,1538683428.32,25.0
7731,2822,13,281,2238995523.16,28.0
7732,493,11,122,450040978.85,6.0
7733,2942,3,232,2247406655.42,33.0
7734,4199,4,299,162786837.55,2.5
7735,4214,13,340,2314314220.58,35.0
7736,1806,10,207,541219164.6,7.5
7737,1950,6,13,1213088343.75,21.0
7738,1651,10,340,90588354.1,1.5
7739,2185,11,37,183337268.23,3.0
7740,251,9,107,643318250.19,9.0
7741,2165,1,250,256966278.55,4.5
7742,1768,4,324,281830394.66,5.0
7743,1300,14,158,2283252316.39,35.0
7744,346,6,102,1078031028.1,21.0
7745,774,1,227,335097794.86,4.5
7746,2002,12,44,846806044.43,13.5
7747,4110,10,265,340464189.64,4.5
7748,3410,2,234,1898836194.48,28.0
7749,4550,8,262,285004334.78,3.5
7750,1748,10,92,100536881.57,1.5
7751,251,12,348,325114335.06,4.5
7752,4007,2,284,1499811742.5,28.0
7753,9,8,253,571305342.93,7.0
7754,542,8,111,594714269.99,10.5
7755,4697,2,181,1912938949.76,28.0
7756,190,10,72,186440603.43,3.0
7757,3086,5,63,1283141205.43,20.0
7758,545,3,129,1114994878.31,16.5
7759,3522,5,122,495812786.73,7.5
7760,3734,5,236,1010731699.82,12.5
7761,1499,5,328,902807570.02,12.5
7762,3046,6,148,806036160.32,12.6
7763,829,12,98,507694453.44,9.0
7764,930,5,254,162585315.35,2.5
7765,1424,5,112,546194748.52,7.5
7766,2839,11,83,2087068951.17,30.0
7767,4573,11,118,1116081308.85,15.0
7768,1219,2,150,1795285839.23,28.0
7769,4811,7,75,183299061.78,3.0
7770,3913,6,304,334649231.25,4.2
7771,1137,4,194,422563667.36,7.5
7772,147,15,334,694921959.14,10.5
7773,4682,7,85,318279602.45,4.5
7774,3512,15,157,442038328.77,7.0
7775,341,14,135,633456032.8,10.5
7776,362,14,122,523626183.26,7.0
7777,1113,13,299,1000222738.12,17.5
7778,2,8,229,1204085023.72,17.5
7779,1208,15,105,246151625.58,3.5
7780,1562,10,249,101716303.41,1.5
7781,2726,6,242,399007818.45,8.4
7782,3099,10,29,96724338.39,1.5
7783,264,9,106,123092046.78,1.8
7784,4564,3,362,1132143099.5,16.5
7785,3624,11,240,194590431.38,3.0
7786,3656,5,91,324009081.96,5.0
7787,649,8,73,379335315.45,7.0
7788,3497,2,28,1655766126.98,28.0
7789,1421,12,62,905022196.18,13.5
7790,4977,13,247,207429669.24,3.5
7791,1113,9,308,515250449.41,9.0
7792,1687,8,290,409453850.2,7.0
7793,4846,3,247,1141250509.75,16.5
7794,3019,14,244,1173829924.06,17.5
7795,4267,3,288,620381373.05,9.9
7796,985,13,262,707410718.02,10.5
7797,3746,5,322,165484529.66,2.5
7798,2798,9,13,124761364.15,1.8
7799,4192,4,47,472509227.33,7.5
7800,1572,10,100,221449327.27,3.0
7801,2774,4,329,868318905.67,12.5
7802,2817,8,265,396964750.96,7.0
7803,3683,15,333,1936058069.22,28.0
7804,133,8,65,1774624330.03,28.0
7805,3112,8,52,601964943.69,10.5
7806,506,4,27,317286486.99,5.0
7807,4715,8,22,148824293.05,3.5
7808,143,6,22,877455513.11,12.6
7809,403,7,219,885316270.05,15.0
7810,1426,7,25,235669523.53,4.5
7811,1836,14,285,796292978.04,10.5
7812,3279,7,36,258086589.49,4.5
7813,4319,15,260,430292233.73,7.0
7814,1547,9,151,377140932.34,5.4
7815,566,7,330,473474930.6,7.5
7816,3555,12,334,1290654157.04,22.5
7817,3630,4,191,533475837.61,7.5
7818,453,9,272,859906238.96,14.4
7819,1221,5,120,289584739.15,5.0
7820,675,13,36,1264868072.76,17.5
7821,817,2,284,451529453.93,7.0
7822,1365,14,75,213260152.23,3.5
7823,2268,8,241,646544612.83,10.5
7824,1785,11,33,415093152.39,6.0
7825,1456,7,224,520179699.55,7.5
7826,3478,1,64,208918216.65,3.0
7827,3806,12,207,499273817.07,9.0
7828,433,12,59,1487981088.38,22.5
7829,882,1,62,442498421.48,7.5
7830,351,15,77,429442050.28,7.0
7831,3560,7,242,533549873.49,7.5
7832,3290,13,235,2014126694.13,35.0
7833,1435,11,14,178008358.03,3.0
7834,696,12,148,2969688213.62,36.0
7835,2197,1,86,100921639.52,1.5
7836,4996,8,81,251641688.8,3.5
7837,726,5,85,519892904.15,7.5
7838,3342,3,135,742568562.36,9.9
7839,67,1,179,254012783.37,4.5
7840,3748,12,292,2303576429.96,36.0
7841,1670,4,191,567258838.27,7.5
7842,388,14,29,467609420.34,7.0
7843,837,3,258,196522536.31,3.3
7844,4615,14,176,172626738.09,3.5
7845,932,14,160,225914374.78,3.5
7846,3787,4,127,849638513.47,12.5
7847,1304,12,179,286652760.93,4.5
7848,393,12,255,1316518333.11,22.5
7849,2117,11,31,462402763.55,6.0
7850,4359,6,149,1384943688.53,21.0
7851,2008,10,327,280469470.92,4.5
7852,3048,8,85,1078362748.42,17.5
7853,1857,3,327,476102441.18,6.6
7854,4198,5,305,129768128.89,2.5
7855,4059,12,126,726919830.81,13.5
7856,3516,15,318,334574206.0,7.0
7857,1555,11,170,820470206.76,15.0
7858,560,15,113,1010336365.57,17.5
7859,66,7,331,206872785.47,3.0
7860,355,1,213,552619593.49,7.5
7861,1972,3,286,350992424.06,6.6
7862,469,10,255,238498670.05,4.5
7863,391,10,35,109442498.16,1.5
7864,1878,8,110,1376748948.49,28.0
7865,3655,14,55,255681267.94,3.5
7866,3702,8,229,220750250.48,3.5
7867,4504,2,176,1840725472.74,28.0
7868,1190,13,239,359886501.31,7.0
7869,2007,11,84,655260820.32,9.0
7870,2510,10,249,86195305.63,1.5
7871,2062,5,77,189611960.24,2.5
7872,1603,13,308,2143523589.62,35.0
7873,1912,1,253,429444291.11,7.5
7874,3447,4,230,296750076.96,5.0
7875,751,12,238,638984674.2,9.0
7876,912,13,230,600152817.19,10.5
7877,3622,1,31,182068155.52,3.0
7878,1725,2,308,1145219520.83,17.5
7879,2101,6,340,2575919246.25,42.0
7880,565,10,50,193502916.89,3.0
7881,728,14,27,2613553009.62,35.0
7882,4015,11,149,172695796.94,3.0
7883,1782,5,66,172707103.1,2.5
7884,1678,10,233,200427673.39,3.0
7885,104,1,64,190079246.94,3.0
7886,2562,2,159,201730517.28,3.5
7887,1130,12,47,467326203.38,9.0
7888,2712,10,333,968087004.23,15.0
7889,1915,1,222,173887241.83,3.0
7890,2033,7,87,1208342151.25,15.0
7891,2727,4,41,1774561431.96,25.0
7892,2029,11,275,407885015.99,6.0
7893,4518,6,318,229346156.93,4.2
7894,3705,13,82,187204633.33,3.5
7895,4426,14,32,1996479513.32,28.0
7896,1468,10,173,187403454.46,3.0
7897,4257,2,170,533273283.46,10.5
7898,4643,13,35,475880588.57,7.0
7899,150,15,37,1283805080.88,17.5
7900,3028,1,322,161932077.35,3.0
7901,3157,11,66,181815384.49,3.0
7902,3760,7,120,315616297.68,4.5
7903,3741,13,216,477067215.51,7.0
7904,2591,4,93,488414936.85,7.5
7905,3595,8,149,230182877.2,3.5
7906,4501,13,181,730202115.26,10.5
7907,3085,13,29,588652173.15,7.0
7908,3073,2,127,195221025.23,3.5
7909,4605,8,110,1963801495.67,28.0
7910,2365,5,128,1043627098.56,25.0
7911,2311,1,3,415412015.61,7.5
7912,4513,5,281,1751451592.23,25.0
7913,4161,3,143,231408635.12,3.3
7914,32,14,178,217082605.32,3.5
7915,4506,4,202,205986163.73,2.5
7916,1699,4,157,514434086.54,7.5
7917,3548,10,23,609542739.36,7.5
7918,3974,5,265,624733317.0,12.5
7919,3052,9,295,303256793.1,5.4
7920,394,14,357,671422565.32,10.5
7921,3550,10,187,540558903.86,7.5
7922,2244,12,126,897910478.03,13.5
7923,3951,5,89,292433446.17,5.0
7924,620,9,135,961022454.69,18.0
7925,2987,6,303,1265546732.59,21.0
7926,3278,11,209,1453511641.27,24.0
7927,1283,7,265,109170935.92,1.5
7928,4469,5,79,1258569806.85,20.0
7929,3523,10,42,940247388.65,12.0
7930,1494,11,278,1108347885.68,15.0
7931,4063,7,269,828207275.77,15.0
7932,3111,11,286,2044255936.28,30.0
7933,1383,6,112,268965322.17,4.2
7934,479,9,103,89553007.85,1.8
7935,1235,14,235,686420855.93,10.5
7936,1724,11,323,200826454.58,3.0
7937,4183,10,30,194857817.13,3.0
7938,1396,9,166,991495617.22,14.4
7939,4624,7,256,455698138.53,7.5
7940,3491,2,89,502458299.01,7.0
7941,3086,14,226,227613683.74,3.5
7942,431,12,281,629017322.02,9.0
7943,434,12,228,914690483.48,13.5
7944,3519,7,186,93593220.63,1.5
7945,688,8,141,2010832546.42,28.0
7946,2759,7,328,511970043.79,7.5
7947,4312,6,193,237337257.5,4.2
7948,4190,2,142,1590281234.08,28.0
7949,2685,3,25,193537831.08,3.3
7950,3791,4,72,811133112.01,12.5
7951,2629,8,270,314812230.82,3.5
7952,1067,1,113,88377967.08,1.5
7953,1386,2,196,1190179229.75,17.5
7954,1980,13,244,482186208.44,7.0
7955,2757,5,105,1326930150.02,20.0
7956,2634,2,214,190051143.2,3.5
7957,4584,7,301,98360052.87,1.5
7958,1431,12,82,591716623.01,9.0
7959,2213,12,93,347296990.62,4.5
7960,1695,11,78,277932724.62,6.0
7961,3261,8,82,250770161.74,3.5
7962,682,12,142,657389523.05,9.0
7963,1186,14,238,216905065.17,3.5
7964,165,6,8,227287183.85,4.2
7965,1731,13,253,280525947.5,3.5
7966,2249,2,22,683497284.63,10.5
7967,2708,15,337,312511226.67,7.0
7968,3506,2,353,1236525387.99,17.5
7969,729,9,292,106153304.86,1.8
7970,3365,7,180,106856124.99,1.5
7971,2273,13,364,716547064.29,10.5
7972,3025,12,340,1605925638.72,22.5
7973,1806,5,10,1503356456.95,25.0
7974,758,5,195,826217412.1,12.5
7975,3135,15,50,397051621.53,7.0
7976,503,5,37,1612799312.04,25.0
7977,857,8,358,266617576.0,3.5
7978,1110,9,329,328448596.18,5.4
7979,3073,12,308,461309266.06,9.0
7980,4850,8,319,236246584.12,3.5
7981,203,1,202,112085332.82,1.5
7982,1758,3,251,1025826778.23,16.5
7983,4624,13,348,570345736.5,7.0
7984,1767,8,283,1612607552.87,28.0
7985,4244,5,65,137663647.71,2.5
7986,4958,4,141,342954843.49,5.0
7987,1942,5,333,164430037.15,2.5
7988,2679,1,276,153949037.4,3.0
7989,4933,12,44,574309865.01,9.0
7990,1973,9,38,256852499.71,3.6
7991,1772,9,189,221392480.17,3.6
7992,1308,3,248,636260471.47,9.9
7993,687,8,182,1127411216.99,17.5
7994,3223,14,320,2082249888.08,28.0
7995,1891,14,229,665789945.48,10.5
7996,2780,9,268,1222735733.63,18.0
7997,3895,3,362,185146717.95,3.3
7998,1071,9,331,297506906.47,5.4
7999,3313,8,17,498977221.64,7.0
8000,1520,3,16,456808889.77,6.6
8001,2848,8,336,194830198.28,3.5
8002,1476,9,187,108334711.31,1.8
8003,3314,2,201,175828780.0,3.5
8004,2333,3,59,2355641521.21,26.4
8005,4657,13,326,1922664361.12,35.0
8006,1931,10,305,474836222.37,7.5
8007,2247,7,173,191431112.49,3.0
8008,2367,12,188,199309612.21,4.5
8009,4392,8,362,150506819.12,3.5
8010,4353,8,155,218591591.67,3.5
8011,2607,11,211,390604069.58,6.0
8012,819,15,48,496897888.65,7.0
8013,4062,2,58,691244678.25,10.5
8014,1917,13,26,246508412.93,3.5
8015,3261,3,248,1874463778.6,26.4
8016,1913,11,109,1645145334.66,24.0
8017,868,15,281,387452723.75,7.0
8018,4631,11,36,661310371.39,9.0
8019,769,12,305,1217560116.27,22.5
8020,4390,5,251,1437709484.33,20.0
8021,4264,2,262,384351250.9,7.0
8022,1799,15,106,274744752.09,3.5
8023,3682,11,145,160640647.89,3.0
8024,2254,3,301,926147741.26,16.5
8025,1572,4,138,615598966.66,7.5
8026,2063,7,42,1009992819.62,15.0
8027,2751,3,41,728881551.19,9.9
8028,4162,5,107,447368710.21,7.5
8029,1321,7,331,79318948.66,1.5
8030,1830,14,296,452970775.12,7.0
8031,4481,3,309,210201918.94,3.3
8032,3991,12,104,2270799180.96,45.0
8033,1788,11,178,176535486.92,3.0
8034,2524,8,194,980203895.4,17.5
8035,695,5,52,137730313.59,2.5
8036,3490,15,145,200956478.28,3.5
8037,2027,8,186,562232495.84,7.0
8038,3533,1,3,431572015.9,7.5
8039,4083,6,111,851532080.32,12.6
8040,3069,6,325,1459774801.12,21.0
8041,3546,7,85,273112308.3,4.5
8042,2256,10,295,422578853.05,7.5
8043,1837,15,106,1418515567.87,28.0
8044,3997,9,132,281415011.23,3.6
8045,2625,7,31,422759225.7,7.5
8046,2639,8,42,635099405.62,10.5
8047,4450,6,269,264718713.68,4.2
8048,1720,2,182,2152918318.95,35.0
8049,709,9,55,109402519.93,1.8
8050,4628,13,363,148522242.7,3.5
8051,763,13,110,209951782.52,3.5
8052,2587,14,224,812738806.72,10.5
8053,2616,2,191,1172330635.69,17.5
8054,1709,10,239,83617143.14,1.5
8055,4220,15,221,262031409.23,3.5
8056,451,3,202,1245977444.91,16.5
8057,1425,6,220,220687252.72,4.2
8058,2409,4,350,390731056.14,5.0
8059,787,15,139,520576652.52,10.5
8060,2301,10,236,310773711.28,4.5
8061,2536,13,206,927507725.93,10.5
8062,1987,12,232,311278621.84,4.5
8063,1954,7,291,464236327.31,7.5
8064,1257,10,247,109463626.78,1.5
8065,4993,6,112,1263627422.99,21.0
8066,4352,12,298,390822789.78,4.5
8067,803,5,96,828186580.62,12.5
8068,4942,1,55,164336295.55,3.0
8069,4268,6,31,2388035005.84,33.6
8070,2268,2,146,426590839.52,7.0
8071,3170,10,149,265071005.27,3.0
8072,4085,3,362,216852357.66,3.3
8073,3772,7,67,167793710.75,3.0
8074,182,10,23,197973967.99,3.0
8075,3956,12,349,3568492084.01,45.0
8076,4048,1,66,91796534.87,1.5
8077,3579,8,2,1121035413.67,17.5
8078,3139,14,26,218973184.09,3.5
8079,3257,10,185,822713195.43,12.0
8080,2679,9,106,458947017.59,9.0
8081,1595,1,354,268291456.23,4.5
8082,4440,12,359,558508405.84,9.0
8083,1091,12,83,235602715.87,4.5
8084,2816,9,168,229661582.97,3.6
8085,2956,7,160,183678528.82,3.0
8086,3916,11,116,578623045.09,9.0
8087,814,14,30,255245548.76,3.5
8088,204,13,57,643226792.2,10.5
8089,4150,3,116,487964360.32,6.6
8090,1675,9,295,105264312.07,1.8
8091,312,2,97,630864502.91,10.5
8092,2041,10,78,286486554.65,4.5
8093,4949,6,234,1383666830.55,21.0
8094,406,7,147,319416172.92,4.5
8095,1676,5,123,325918915.77,5.0
8096,4786,13,58,301050959.41,3.5
8097,3186,7,333,847196626.48,12.0
8098,2516,1,166,95147380.73,1.5
8099,4754,7,230,184407472.33,3.0
8100,340,10,227,231428874.25,4.5
8101,21,12,312,314806835.33,4.5
8102,1276,2,8,571628187.32,10.5
8103,3758,6,110,1337675114.44,21.0
8104,4554,8,293,513317281.37,7.0
8105,623,12,214,1581137672.66,22.5
8106,2090,6,333,480153277.39,8.4
8107,586,13,197,423191791.45,7.0
8108,41,6,149,261435805.02,4.2
8109,1062,7,255,293698782.86,4.5
8110,309,13,211,518723074.01,7.0
8111,1265,8,80,533863759.77,7.0
8112,4226,13,177,513671565.16,7.0
8113,1537,4,285,482688009.76,7.5
8114,4825,6,93,283506724.29,4.2
8115,3618,8,23,674818645.62,10.5
8116,1775,1,272,99301486.65,1.5
8117,2100,13,334,443641879.4,7.0
8118,2088,14,232,1231855520.4,17.5
8119,4223,8,30,1672021382.93,35.0
8120,4498,6,216,749242520.47,12.6
8121,3887,12,350,911247830.39,13.5
8122,2423,1,215,247410681.73,4.5
8123,2762,4,199,394141989.04,5.0
8124,4308,15,155,1504157418.91,28.0
8125,1480,12,66,318621559.65,4.5
8126,4793,1,329,192783580.83,3.0
8127,1096,12,138,286705644.09,4.5
8128,2684,14,21,2917878916.69,35.0
8129,4433,1,45,133443909.49,1.5
8130,3999,12,358,698740914.06,9.0
8131,3138,5,181,224114579.6,5.0
8132,2097,4,103,131990150.03,2.5
8133,589,11,362,1049978457.68,15.0
8134,1705,2,207,239734505.4,3.5
8135,616,6,273,277418759.09,4.2
8136,4850,10,187,427297388.23,7.5
8137,855,10,206,103802392.27,1.5
8138,1507,9,286,232126508.17,3.6
8139,3719,6,92,1972751770.01,42.0
8140,3033,13,172,926780144.81,17.5
8141,662,8,115,216570132.16,3.5
8142,1985,6,234,477810277.72,8.4
8143,673,5,56,168258547.61,2.5
8144,1915,11,190,1778523105.47,30.0
8145,3470,14,117,1943670551.67,28.0
8146,1071,1,193,219054960.91,3.0
8147,1654,15,81,253487606.21,3.5
8148,4648,2,177,809806107.5,10.5
8149,4439,12,296,882035699.51,13.5
8150,4208,14,38,1178093714.32,17.5
8151,4039,2,138,639759307.02,10.5
8152,9,15,201,197153410.46,3.5
8153,2505,7,152,174579511.03,3.0
8154,1232,15,244,2392725148.79,35.0
8155,1406,4,67,272595600.47,5.0
8156,1727,13,268,763026430.5,10.5
8157,717,3,230,152006039.67,3.3
8158,2012,6,207,239287251.02,4.2
8159,2689,1,296,331324076.3,4.5
8160,3466,12,297,268974089.34,4.5
8161,221,14,264,2179903671.99,35.0
8162,952,4,183,1101712499.57,20.0
8163,4159,12,177,2422926974.55,36.0
8164,780,12,233,330612423.15,4.5
8165,4744,3,343,363928396.72,6.6
8166,4154,8,321,288206675.49,3.5
8167,3084,1,86,102118449.66,1.5
8168,1908,8,6,239988385.24,3.5
8169,4245,7,159,529991420.59,7.5
8170,4044,12,63,2886339665.77,45.0
8171,1693,12,335,252906348.93,4.5
8172,3419,10,61,575568264.09,7.5
8173,2463,6,218,263625986.74,4.2
8174,2892,3,232,200957991.38,3.3
8175,4562,14,3,239252761.93,3.5
8176,662,9,154,508408275.96,9.0
8177,922,3,277,164744181.65,3.3
8178,1506,2,43,1053537467.32,17.5
8179,2046,14,92,1009728110.4,17.5
8180,38,4,208,176828734.46,2.5
8181,4748,15,65,2366374706.65,35.0
8182,3894,5,113,142570941.7,2.5
8183,4919,2,256,239693613.02,3.5
8184,4019,1,257,304214143.44,4.5
8185,2866,15,301,2070514630.84,35.0
8186,3870,11,66,1964816754.09,30.0
8187,730,14,347,939179115.75,17.5
8188,2703,4,194,168133346.85,2.5
8189,2556,1,136,534319686.36,7.5
8190,3502,4,308,377025671.36,5.0
8191,3668,11,153,181378117.5,3.0
8192,2781,4,54,391673277.16,5.0
8193,109,6,303,244873927.44,4.2
8194,516,1,294,188080335.45,3.0
8195,376,1,334,798747233.33,12.0
8196,1905,2,354,634764794.98,10.5
8197,2484,1,178,1057504564.72,15.0
8198,4030,15,320,503058409.16,7.0
8199,4941,13,119,506729069.35,7.0
8200,3698,15,200,190044839.63,3.5
8201,849,3,204,965311674.97,16.5
8202,1211,3,269,233139098.69,3.3
8203,1324,12,37,608317954.51,9.0
8204,4902,1,341,113489293.73,1.5
8205,4484,4,88,825534679.19,12.5
8206,4980,7,28,106124676.13,1.5
8207,4810,2,266,375963671.67,7.0
8208,841,13,360,233223978.2,3.5
8209,4525,11,305,599552558.93,9.0
8210,3629,1,74,936095359.96,15.0
8211,2481,10,98,250979997.28,4.5
8212,1094,4,34,180492121.9,2.5
8213,947,13,284,1291965045.48,28.0
8214,2992,3,30,208605909.65,3.3
8215,4990,5,81,1357464026.69,25.0
8216,427,15,200,2709254759.04,35.0
8217,4865,2,271,2254093694.68,35.0
8218,3182,13,325,511944686.7,7.0
8219,568,8,364,418470251.22,7.0
8220,1602,10,310,90195853.11,1.5
8221,3390,3,232,1695071813.63,26.4
8222,1461,4,85,359911207.78,5.0
8223,3419,4,310,176947494.08,2.5
8224,1227,4,268,389550667.7,5.0
8225,4847,1,73,194635261.02,3.0
8226,455,12,138,1750273456.17,22.5
8227,4711,10,44,818625129.49,15.0
8228,2987,10,140,463517292.59,7.5
8229,1365,6,143,237697081.09,4.2
8230,723,4,102,730230511.73,12.5
8231,4610,12,143,851159004.8,13.5
8232,4862,14,222,582880345.42,7.0
8233,1622,7,182,693718131.94,12.0
8234,927,10,365,75204212.13,1.5
8235,1530,12,287,2887923512.88,45.0
8236,4690,12,106,875482150.4,13.5
8237,3256,15,27,212992309.85,3.5
8238,3344,3,167,210439281.14,3.3
8239,3889,5,141,746339290.74,12.5
8240,511,5,75,386578664.8,5.0
8241,2477,12,201,284553902.19,4.5
8242,944,7,213,327337262.42,4.5
8243,2196,14,26,566605658.48,10.5
8244,248,7,27,87509606.06,1.5
8245,67,7,44,98121941.07,1.5
8246,1956,13,126,178402173.51,3.5
8247,2302,2,299,434951960.57,7.0
8248,2050,14,143,447995145.42,7.0
8249,3840,8,222,1893245020.15,35.0
8250,561,7,129,210774121.12,3.0
8251,3397,9,254,319230073.74,5.4
8252,4449,7,97,302041046.82,4.5
8253,3535,4,95,144961228.14,2.5
8254,2610,13,240,677987707.11,10.5
8255,3067,10,164,213379314.17,3.0
8256,2383,4,295,1731718040.8,25.0
8257,620,9,315,269836139.47,5.4
8258,3790,4,46,431921734.23,7.5
8259,531,9,36,422932013.81,5.4
8260,4641,2,315,691053365.32,10.5
8261,4927,9,36,835576340.98,14.4
8262,2372,4,7,312819365.15,7.5
8263,2176,8,196,182648228.61,3.5
8264,160,10,25,315709919.66,4.5
8265,1551,6,179,3056266919.1,42.0
8266,2920,8,3,1829948312.73,28.0
8267,2465,2,12,198054154.61,3.5
8268,4603,12,267,647193742.23,9.0
8269,586,11,147,612993793.74,9.0
8270,4994,10,169,1086004352.45,15.0
8271,3829,4,129,715681477.99,12.5
8272,594,7,153,99255148.84,1.5
8273,1813,13,163,250990102.45,3.5
8274,2083,15,102,429104918.02,7.0
8275,257,4,351,321348687.11,5.0
8276,4002,7,204,231479823.35,3.0
8277,1593,7,281,273394071.76,4.5
8278,3478,12,238,246224713.0,4.5
8279,2594,14,261,525826827.14,7.0
8280,3074,10,67,590738757.22,7.5
8281,422,14,217,516079655.9,7.0
8282,3919,13,12,227850846.94,3.5
8283,1436,9,28,269450561.19,3.6
8284,4349,7,178,664691710.22,12.0
8285,3490,5,320,1548941912.72,25.0
8286,4813,12,324,264443929.31,4.5
8287,2416,12,346,578612804.35,9.0
8288,4333,1,74,720130598.6,12.0
8289,2490,5,224,778877712.46,12.5
8290,3246,10,189,106262230.06,1.5
8291,2220,14,33,767778346.31,10.5
8292,90,13,241,1699558828.58,35.0
8293,2936,11,265,399001946.91,6.0
8294,4332,12,174,890340776.42,13.5
8295,3611,14,7,225290957.58,3.5
8296,3418,12,268,560069309.73,9.0
8297,2735,14,283,273236484.76,3.5
8298,2063,13,288,203485517.9,3.5
8299,3463,4,149,402919690.98,7.5
8300,4076,9,30,501256463.02,9.0
8301,3628,1,32,102422141.51,1.5
8302,2233,5,241,823791121.45,12.5
8303,144,3,261,406373852.93,6.6
8304,2634,9,106,115527472.32,1.8
8305,3312,10,99,230181623.72,3.0
8306,177,15,239,1908503518.73,28.0
8307,3232,7,213,448846610.3,7.5
8308,417,3,83,478628251.83,6.6
8309,1346,10,281,227156422.69,3.0
8310,1165,10,289,246498773.83,4.5
8311,1861,7,123,235914822.45,3.0
8312,4423,7,32,819370033.3,12.0
8313,889,10,90,721165674.59,12.0
8314,1935,7,176,114490051.62,1.5
8315,1910,14,332,268007592.44,3.5
8316,2017,12,113,776810609.14,13.5
8317,4469,7,99,995850808.59,15.0
8318,3057,13,206,1086322749.63,17.5
8319,2232,11,131,407965529.35,6.0
8320,4492,12,325,280321743.92,4.5
8321,1204,11,270,366775577.57,6.0
8322,2648,3,144,817430730.31,9.9
8323,2637,9,240,418039471.84,5.4
8324,1901,13,93,2228073795.88,35.0
8325,4888,11,258,361897805.48,6.0
8326,2076,1,107,703068199.2,12.0
8327,1838,14,7,322747334.58,7.0
8328,1747,13,168,714244728.46,10.5
8329,575,6,218,247618049.48,4.2
8330,3773,12,175,290658734.25,4.5
8331,1805,15,135,403385751.48,7.0
8332,2083,7,93,733417060.97,15.0
8333,4149,2,33,347155755.88,7.0
8334,543,10,192,1165620016.98,15.0
8335,2991,8,39,527616670.49,10.5
8336,4650,3,272,171888113.19,3.3
8337,1855,6,177,1277157971.59,21.0
8338,3243,4,242,872843001.88,12.5
8339,2243,14,311,479140822.06,7.0
8340,1853,11,219,226398966.9,3.0
8341,568,5,338,297912787.73,5.0
8342,2947,5,287,358324596.82,5.0
8343,3507,15,161,476119895.61,7.0
8344,1779,14,112,235674428.65,3.5
8345,973,6,5,835129656.82,12.6
8346,1126,2,329,1091146364.92,17.5
8347,4952,8,258,436119790.97,7.0
8348,1584,8,109,518296735.98,7.0
8349,695,14,274,602581164.78,10.5
8350,2564,13,87,217756141.13,3.5
8351,4442,4,292,1801796651.32,25.0
8352,4109,15,36,215208608.29,3.5
8353,3315,3,307,458540582.23,9.9
8354,2743,6,316,565743542.93,8.4
8355,3079,5,233,203575289.03,2.5
8356,804,2,242,499080081.65,7.0
8357,2975,9,183,117441800.46,1.8
8358,4299,11,120,189015181.75,3.0
8359,3440,15,183,900113824.53,17.5
8360,2521,12,46,2260928612.65,36.0
8361,4809,14,28,457898307.2,7.0
8362,2664,11,248,2181660417.66,30.0
8363,3735,11,91,1550694264.97,24.0
8364,2611,11,125,149935490.19,3.0
8365,1289,15,15,506353411.07,7.0
8366,879,8,156,274058823.77,3.5
8367,3083,4,36,356835655.77,5.0
8368,1021,9,316,657363080.62,9.0
8369,1596,10,93,206228646.29,3.0
8370,3171,15,331,256006729.33,3.5
8371,2751,1,263,244810617.98,3.0
8372,3809,8,206,1255037030.19,17.5
8373,1064,12,96,358338435.64,4.5
8374,3022,11,237,1927298366.38,30.0
8375,1305,2,293,1696850022.69,28.0
8376,72,8,186,720775455.3,10.5
8377,141,15,285,301920433.39,7.0
8378,4306,3,14,442269337.46,6.6
8379,256,1,280,242900875.16,3.0
8380,3969,3,14,213362647.07,3.3
8381,4989,10,314,164001117.87,3.0
8382,468,12,8,295277197.37,4.5
8383,784,7,205,162974624.73,3.0
8384,4385,4,2,165885551.36,2.5
8385,2550,12,13,2808181102.85,36.0
8386,3521,3,328,419877225.22,6.6
8387,3843,9,94,235104130.8,3.6
8388,374,3,144,223426187.1,3.3
8389,3119,9,195,85072180.67,1.8
8390,233,8,330,1655444210.9,28.0
8391,2047,14,328,2043050337.6,28.0
8392,4911,14,70,452103790.66,7.0
8393,4793,12,127,274838268.93,4.5
8394,688,2,141,751266495.07,10.5
8395,2434,1,84,97538149.55,1.5
8396,2425,13,70,932356491.79,17.5
8397,155,11,294,1670473737.04,24.0
8398,4093,4,115,845429958.08,12.5
8399,4353,7,212,317981815.69,4.5
8400,1617,10,307,202468521.55,3.0
8401,420,12,1,517602915.36,9.0
8402,4411,7,233,217216708.17,3.0
8403,557,10,1,536618547.6,7.5
8404,1873,8,62,501740524.68,7.0
8405,3111,5,131,887496568.45,12.5
8406,1200,12,126,262211642.45,4.5
8407,4512,2,242,753636394.69,10.5
8408,1715,8,358,162481225.0,3.5
8409,370,1,75,90322413.01,1.5
8410,4414,15,335,2428212920.94,35.0
8411,1061,13,71,187361979.92,3.5
8412,659,6,207,1214658587.2,21.0
8413,1025,6,193,581972227.17,8.4
8414,664,15,252,352133687.25,7.0
8415,2218,8,365,1056943600.64,17.5
8416,1211,7,119,166138443.73,3.0
8417,2695,7,302,192971864.52,3.0
8418,3976,12,123,823581489.91,13.5
8419,1045,9,20,108659329.49,1.8
8420,1833,1,232,290831750.23,4.5
8421,2389,9,227,127955461.73,1.8
8422,1408,6,164,225660587.24,4.2
8423,3537,11,190,1784582346.88,30.0
8424,1758,14,127,214622952.68,3.5
8425,2061,6,67,1205710883.87,21.0
8426,4815,12,88,848016198.83,13.5
8427,2408,7,243,288831093.91,4.5
8428,2579,9,231,235384419.63,3.6
8429,4036,10,269,334921036.59,4.5
8430,4531,15,315,654051923.81,10.5
8431,4336,5,123,157114143.98,2.5
8432,3426,12,171,2371075989.97,36.0
8433,41,1,118,93190260.85,1.5
8434,809,2,233,610385876.49,10.5
8435,1162,2,286,818661826.49,10.5
8436,617,11,50,203556818.04,3.0
8437,3189,6,165,284926094.03,4.2
8438,1956,4,71,375821290.42,7.5
8439,449,7,70,508423762.75,7.5
8440,4618,10,362,367911609.82,4.5
8441,949,15,86,175929650.11,3.5
8442,4032,7,304,80368795.61,1.5
8443,767,14,197,2245868186.79,35.0
8444,3446,12,53,1107424973.52,22.5
8445,1760,5,227,510255364.07,7.5
8446,3926,12,174,522950858.79,9.0
8447,659,11,200,199274513.25,3.0
8448,3365,15,80,621482409.88,10.5
8449,2564,7,189,933961153.94,15.0
8450,1638,5,115,384779445.98,5.0
8451,4488,3,128,201906663.19,3.3
8452,121,4,32,199723861.94,2.5
8453,3471,14,81,819157373.5,17.5
8454,379,1,251,632974203.19,7.5
8455,1840,14,133,2570114717.91,35.0
8456,280,11,351,617638290.69,9.0
8457,1910,9,251,235231772.59,3.6
8458,1916,13,125,609345426.9,10.5
8459,2376,12,59,299959294.79,4.5
8460,2118,10,343,83818167.43,1.5
8461,3801,10,295,102893650.08,1.5
8462,3840,10,163,549990402.69,7.5
8463,4701,13,243,240977533.35,3.5
8464,1673,4,265,334555005.36,5.0
8465,2826,1,278,684684807.19,12.0
8466,1846,15,146,431718401.24,7.0
8467,4027,1,128,109827195.0,1.5
8468,1371,2,201,557320303.44,10.5
8469,2153,7,322,81333468.32,1.5
8470,4689,14,296,580774712.49,7.0
8471,1766,11,183,1489310337.76,24.0
8472,2399,4,108,411885671.41,7.5
8473,3930,3,214,1095913754.38,16.5
8474,4539,10,21,928628107.0,15.0
8475,3893,3,29,1585834669.62,33.0
8476,142,1,183,1067603160.6,15.0
8477,2600,4,119,947161097.48,12.5
8478,558,6,73,319913635.85,4.2
8479,3791,13,90,229050505.47,3.5
8480,932,15,108,679472065.04,10.5
8481,2095,14,316,722116673.59,10.5
8482,1205,5,87,159039045.62,2.5
8483,2691,4,214,616429494.87,12.5
8484,4953,11,318,363047132.61,6.0
8485,3358,15,217,2136507665.57,35.0
8486,945,14,358,985589633.08,17.5
8487,1807,9,60,183212223.82,3.6
8488,2553,6,116,1657837684.61,21.0
8489,2542,4,73,336606821.24,5.0
8490,4910,3,171,1152088094.45,16.5
8491,456,12,348,3094013723.04,45.0
8492,3306,2,31,203837049.35,3.5
8493,1984,11,355,189773112.89,3.0
8494,3153,8,178,1268915833.43,17.5
8495,817,15,154,1929672918.68,35.0
8496,2326,6,152,588592418.99,8.4
8497,3851,10,175,180973281.26,3.0
8498,411,13,295,2453790487.1,35.0
8499,1377,9,322,1016902702.94,18.0
8500,4939,10,79,294169697.23,4.5
8501,3914,5,49,1576517996.16,25.0
8502,2552,6,197,577931579.91,8.4
8503,2626,3,58,1057849108.21,16.5
8504,917,8,216,2068914651.5,28.0
8505,4548,5,11,1565962143.3,20.0
8506,4536,7,289,91405699.55,1.5
8507,4515,11,211,383202203.31,6.0
8508,4245,13,364,2554646123.41,35.0
8509,4474,2,247,1534431119.63,28.0
8510,4286,8,349,216831594.27,3.5
8511,36,11,259,598726570.19,9.0
8512,71,9,158,119642956.85,1.8
8513,341,13,164,967951222.55,17.5
8514,2490,2,48,235097616.31,3.5
8515,4441,4,256,453847605.94,7.5
8516,1412,15,248,219980566.89,3.5
8517,734,12,54,685547338.23,13.5
8518,315,14,156,276682761.72,3.5
8519,4591,9,362,116371324.7,1.8
8520,1964,4,261,139536486.91,2.5
8521,1705,11,9,1046976504.38,15.0
8522,3484,13,193,394178238.2,7.0
8523,3235,5,142,148608768.6,2.5
8524,3668,3,303,1678425449.58,26.4
8525,1385,3,170,522007343.15,6.6
8526,380,2,365,644480390.1,10.5
8527,1266,10,78,344744017.23,4.5
8528,4002,5,254,644706027.02,12.5
8529,4687,9,77,373743590.85,5.4
8530,3019,9,190,105050740.28,1.8
8531,3190,12,326,216529396.2,4.5
8532,4412,14,329,2144016818.75,35.0
8533,71,15,261,859026540.3,10.5
8534,4307,3,322,429036465.03,6.6
8535,3500,3,195,1137740661.76,16.5
8536,2520,4,322,267857143.83,5.0
8537,4191,2,265,222692835.29,3.5
8538,4005,5,267,115976553.3,2.5
8539,4584,9,351,522051905.81,9.0
8540,1671,9,124,1066140746.66,18.0
8541,4194,4,234,927286100.57,12.5
8542,1387,13,59,219671336.78,3.5
8543,3666,3,143,169231357.22,3.3
8544,113,4,260,174599023.35,2.5
8545,2539,13,353,218658875.76,3.5
8546,3546,4,280,148581943.72,2.5
8547,4022,14,56,212095943.58,3.5
8548,4793,11,126,374893068.75,6.0
8549,1556,7,356,513665842.48,7.5
8550,3501,15,113,199527203.91,3.5
8551,1906,9,45,194834423.66,3.6
8552,4063,9,60,203926835.77,3.6
8553,1836,12,28,691026852.1,9.0
8554,3347,15,351,1812100391.25,28.0
8555,2239,4,165,298253824.46,5.0
8556,2977,1,162,107362709.7,1.5
8557,2437,9,306,344286657.97,5.4
8558,2122,9,188,310686344.82,5.4
8559,2871,4,91,158743985.18,2.5
8560,3279,11,237,380114755.3,6.0
8561,4525,14,354,248032481.74,3.5
8562,4752,15,104,416647166.15,7.0
8563,3998,6,107,282463428.16,4.2
8564,4750,1,142,297839682.0,4.5
8565,4892,7,212,298722931.52,4.5
8566,3138,5,22,701270844.05,12.5
8567,2737,12,314,1005050235.32,13.5
8568,395,3,250,429530574.87,6.6
8569,2750,4,322,330302165.85,5.0
8570,3248,5,103,1807096920.94,25.0
8571,908,12,185,1446675596.03,22.5
8572,2676,7,317,774162226.38,12.0
8573,3267,8,30,359767259.13,7.0
8574,1736,6,103,285525522.93,4.2
8575,4709,13,180,297195066.75,3.5
8576,4377,2,111,254586643.14,3.5
8577,4189,1,226,219446058.02,3.0
8578,3228,8,221,500584865.42,7.0
8579,4028,3,218,430798579.22,6.6
8580,4150,1,21,803815508.11,12.0
8581,2416,9,178,561605369.32,9.0
8582,2184,8,344,209382844.16,3.5
8583,976,12,268,527302027.34,9.0
8584,4154,3,95,687463926.28,9.9
8585,1220,6,184,276629265.95,4.2
8586,1467,8,39,255822172.86,3.5
8587,2846,7,104,83323680.26,1.5
8588,1661,11,4,414187876.12,6.0
8589,555,4,86,1764362253.65,25.0
8590,3137,14,116,1386026710.1,17.5
8591,4210,9,95,480854655.09,9.0
8592,387,8,186,201561017.68,3.5
8593,239,12,66,570573079.64,9.0
8594,33,10,63,543358182.56,7.5
8595,3005,15,162,1170712471.18,17.5
8596,3530,14,6,749093348.97,10.5
8597,581,5,156,340489890.45,5.0
8598,1892,12,51,663131070.81,9.0
8599,1762,6,211,2158973096.0,33.6
8600,1884,5,249,1326459733.92,20.0
8601,1140,15,305,583386737.34,10.5
8602,2115,6,100,297886117.51,4.2
8603,2752,9,313,276866082.24,3.6
8604,2184,8,336,442765957.46,7.0
8605,20,4,265,345669381.82,5.0
8606,1681,1,235,187136031.83,3.0
8607,3574,9,81,657567481.21,9.0
8608,2758,1,219,443902221.8,7.5
8609,2552,3,355,358832539.9,6.6
8610,4960,9,249,133056835.47,1.8
8611,2668,8,353,203982909.49,3.5
8612,2350,2,318,394489126.71,7.0
8613,2014,2,174,1230925960.88,17.5
8614,265,12,252,798369393.53,13.5
8615,3967,10,342,202612168.27,3.0
8616,3265,3,250,184805779.91,3.3
8617,4458,8,253,673223643.95,10.5
8618,2526,6,301,296530595.55,4.2
8619,3312,10,46,217359532.45,3.0
8620,3030,9,270,289132080.01,3.6
8621,904,6,161,1602324350.86,21.0
8622,236,11,9,149304232.13,3.0
8623,2130,4,111,659101322.55,12.5
8624,1541,15,212,551549955.92,7.0
8625,3438,9,79,612670370.95,9.0
8626,3285,9,87,780826045.39,9.0
8627,273,11,214,1454185512.98,24.0
8628,829,15,26,1205347366.94,17.5
8629,2626,10,298,787562438.65,12.0
8630,2796,11,109,991936266.12,15.0
8631,4994,11,269,479801767.1,6.0
8632,2311,10,190,109452005.91,1.5
8633,166,5,272,704298093.53,12.5
8634,2631,2,41,442316122.11,7.0
8635,361,13,308,1999220673.6,28.0
8636,668,12,94,2225088519.8,36.0
8637,3204,8,193,1278665183.2,17.5
8638,700,12,282,2320981980.28,36.0
8639,3906,8,310,217791903.83,3.5
8640,2628,1,27,311457316.09,4.5
8641,3131,5,38,1158668384.19,20.0
8642,1292,11,69,614372095.1,9.0
8643,2150,11,275,204808139.85,3.0
8644,3963,3,109,609325496.61,9.9
8645,3631,1,24,193806075.53,3.0
8646,1897,10,345,285566452.36,4.5
8647,512,3,331,516564345.22,6.6
8648,1484,2,309,222290292.49,3.5
8649,1272,1,264,70480232.85,1.5
8650,2218,2,235,216655802.87,3.5
8651,3929,8,275,258272975.48,3.5
8652,922,12,329,2324231781.04,36.0
8653,3455,11,27,594615235.76,9.0
8654,1906,2,247,667526322.4,10.5
8655,679,7,129,459879142.1,7.5
8656,1328,7,321,108725736.93,1.5
8657,3740,8,230,504675386.62,7.0
8658,3582,12,247,840604096.09,13.5
8659,4534,14,30,968374913.71,17.5
8660,2895,2,23,218349679.27,3.5
8661,2948,1,223,94274696.16,1.5
8662,72,15,7,487166479.02,7.0
8663,3691,14,12,760265123.76,10.5
8664,3224,7,232,1001046143.49,15.0
8665,895,1,153,96730271.29,1.5
8666,469,14,12,179759368.24,3.5
8667,817,14,216,616688670.41,10.5
8668,3633,13,316,1623089400.9,28.0
8669,510,10,237,246203062.1,3.0
8670,2193,10,349,87529179.32,1.5
8671,1766,11,211,178730776.78,3.0
8672,2034,3,47,383839332.87,6.6
8673,1436,10,30,311333525.18,4.5
8674,1073,3,33,434512213.5,6.6
8675,561,8,51,433376890.42,7.0
8676,4688,15,46,263919215.35,3.5
8677,3567,8,8,433875558.95,7.0
8678,676,14,271,1034120163.19,17.5
8679,2467,11,145,185213622.56,3.0
8680,1718,12,173,540651565.95,9.0
8681,4415,1,167,846704505.13,12.0
8682,2344,5,336,256774171.79,5.0
8683,3477,3,137,520200261.27,9.9
8684,3902,14,112,1131273081.19,17.5
8685,2810,15,181,227829105.88,3.5
8686,1002,7,96,313451403.82,4.5
8687,4929,11,95,182161312.31,3.0
8688,25,5,20,143354682.81,2.5
8689,2677,5,1,1166253778.76,20.0
8690,1402,3,180,413657266.02,6.6
8691,4129,14,218,239940393.17,3.5
8692,3422,1,85,89444774.92,1.5
8693,2698,4,275,324342766.99,5.0
8694,2585,9,274,185233636.09,3.6
8695,3333,6,62,530586727.78,8.4
8696,1458,15,36,625681931.67,10.5
8697,2008,13,10,218295867.51,3.5
8698,4419,11,88,205006497.54,3.0
8699,3208,14,134,821033650.51,10.5
8700,4310,14,96,477894273.15,7.0
8701,2363,8,285,454221194.23,7.0
8702,2694,2,5,1051455262.85,17.5
8703,1635,15,106,258702205.2,3.5
8704,1580,9,345,438160555.73,5.4
8705,3863,9,268,233053477.63,3.6
8706,2483,6,320,253126355.61,4.2
8707,3953,3,87,973914835.73,16.5
8708,4883,5,72,155939227.83,2.5
8709,720,5,197,447327013.08,7.5
8710,2560,13,31,1028638399.33,17.5
8711,2080,3,259,752906630.56,9.9
8712,2143,6,110,698067298.11,12.6
8713,3450,3,29,670143506.87,9.9
8714,3621,14,335,554321847.32,10.5
8715,3973,11,249,551308587.35,9.0
8716,2367,13,282,206671078.13,3.5
8717,2563,2,7,1232834887.68,17.5
8718,617,10,113,637689397.63,7.5
8719,787,9,271,203240321.06,3.6
8720,998,9,275,135062978.01,1.8
8721,1166,10,298,243631985.22,3.0
8722,96,10,101,92492399.7,1.5
8723,1767,5,144,164707885.59,2.5
8724,3700,15,267,221925484.88,3.5
8725,607,13,348,2260266367.23,35.0
8726,446,7,279,206022777.53,3.0
8727,4930,2,258,574155386.8,10.5
8728,431,10,248,190092036.01,3.0
8729,4104,12,277,595849785.55,9.0
8730,989,6,76,2075916298.89,33.6
8731,4004,2,263,940845061.3,17.5
8732,4314,9,206,1294245531.23,18.0
8733,2971,5,355,682909412.7,12.5
8734,1023,8,223,689735773.38,10.5
8735,349,8,282,705935683.08,10.5
8736,1801,6,295,2005819956.25,33.6
8737,4285,11,97,1962198208.17,30.0
8738,1590,13,196,1250595834.09,17.5
8739,58,10,186,266721344.49,4.5
8740,41,4,342,382262075.49,5.0
8741,2501,4,41,234043677.96,5.0
8742,2230,15,33,378179799.38,7.0
8743,2478,5,338,558728112.27,7.5
8744,3345,5,21,783287837.85,12.5
8745,3120,9,63,110015907.82,1.8
8746,3629,13,125,247035332.11,3.5
8747,3584,9,172,234221642.2,3.6
8748,1822,5,58,176528181.14,2.5
8749,2679,3,18,398481308.52,6.6
8750,2349,12,90,885767710.58,13.5
8751,344,5,174,306943856.51,5.0
8752,1795,14,329,454595242.65,7.0
8753,3507,4,149,522118297.85,7.5
8754,340,5,336,1307427534.91,20.0
8755,362,6,341,586197047.73,8.4
8756,1586,7,18,921928330.93,15.0
8757,2340,5,223,361236893.18,5.0
8758,958,5,256,455391748.22,7.5
8759,2763,11,361,499973769.14,6.0
8760,1309,1,208,196662548.11,3.0
8761,3477,5,306,622989432.32,12.5
8762,555,11,205,230001460.61,3.0
8763,2070,4,342,146595956.25,2.5
8764,898,13,270,512178745.83,7.0
8765,2984,15,71,447302906.17,7.0
8766,2367,5,85,348838428.51,7.5
8767,2443,8,271,674074008.9,10.5
8768,3751,8,95,638063494.26,10.5
8769,1825,3,258,1174076288.05,16.5
8770,1262,12,97,243268217.01,4.5
8771,1678,14,304,669185873.54,10.5
8772,3548,9,154,380157339.04,5.4
8773,4302,2,21,574781453.66,10.5
8774,3271,4,39,297474116.99,5.0
8775,564,6,220,775897364.64,12.6
8776,2482,8,311,746918923.21,10.5
8777,3649,5,115,289859674.49,5.0
8778,1719,10,194,289269734.61,4.5
8779,1513,1,250,108358948.1,1.5
8780,374,10,66,488937320.09,7.5
8781,4251,1,336,101945055.68,1.5
8782,2464,1,132,253837536.8,3.0
8783,1557,13,5,217208550.22,3.5
8784,4954,12,34,1510234880.95,22.5
8785,3492,7,23,810218346.23,12.0
8786,4589,7,136,113213425.09,1.5
8787,4433,3,313,494066326.05,6.6
8788,4978,15,274,2348297723.96,28.0
8789,4444,14,309,689448187.88,10.5
8790,2411,1,182,101570875.71,1.5
8791,2779,13,205,676623311.23,10.5
8792,2709,7,66,396311640.24,7.5
8793,2648,9,42,247387828.6,3.6
8794,3721,9,112,124991666.02,1.8
8795,2350,5,241,487692780.31,7.5
8796,4428,9,109,100695029.57,1.8
8797,2517,13,123,965196070.39,17.5
8798,2334,15,121,1041452429.44,17.5
8799,2713,5,96,465760435.01,7.5
8800,883,2,127,196494514.12,3.5
8801,3968,12,291,743545040.07,13.5
8802,3211,13,195,1246243346.78,17.5
8803,279,13,8,410320188.78,7.0
8804,2760,3,201,634758104.78,9.9
8805,3555,1,279,471258497.29,7.5
8806,2945,13,133,251665452.58,3.5
8807,591,13,122,1714506905.49,28.0
8808,2683,14,137,1615903780.84,28.0
8809,1936,15,163,2034187281.55,28.0
8810,4236,11,254,931732263.77,15.0
8811,1805,14,297,679537294.09,10.5
8812,4427,8,256,541876208.79,10.5
8813,2837,1,281,184351676.27,3.0
8814,2225,10,122,582999137.86,7.5
8815,3069,12,169,2618768724.82,45.0
8816,3273,6,365,249612134.13,4.2
8817,3389,14,161,253253240.28,3.5
8818,3864,2,108,226257685.23,3.5
8819,445,10,13,276043826.35,4.5
8820,43,14,322,2056784027.95,28.0
8821,4556,5,173,673401922.28,12.5
8822,989,2,251,214589227.58,3.5
8823,4609,2,72,181100932.3,3.5
8824,2155,3,277,159347457.26,3.3
8825,2160,8,280,687570238.76,10.5
8826,2144,8,134,442545016.64,7.0
8827,660,7,300,100202853.08,1.5
8828,2831,13,245,1095249751.56,17.5
8829,4010,15,21,420561214.26,7.0
8830,2008,9,115,242726504.15,3.6
8831,3412,12,358,610639262.85,9.0
8832,2190,4,134,165923407.84,2.5
8833,4835,6,107,2044287585.74,42.0
8834,1823,14,260,238260262.24,3.5
8835,3000,12,278,1172566929.26,13.5
8836,3634,3,26,680520558.17,9.9
8837,4145,12,175,634786598.44,9.0
8838,4668,1,107,152813955.19,3.0
8839,4719,15,131,412180182.42,7.0
8840,3085,11,151,164681568.56,3.0
8841,4052,4,350,1539828450.7,25.0
8842,955,8,131,917317678.73,17.5
8843,4696,11,318,805782899.7,15.0
8844,642,7,320,472498227.3,7.5
8845,3162,12,287,303311151.34,4.5
8846,4681,13,264,209988253.16,3.5
8847,1697,6,292,1611989811.14,21.0
8848,751,10,69,96720130.35,1.5
8849,70,14,192,644209914.73,10.5
8850,771,14,273,230320784.87,3.5
8851,4798,9,225,185556995.33,3.6
8852,3440,12,338,853103960.58,13.5
8853,1045,2,32,655571417.52,10.5
8854,4081,12,232,268347778.58,4.5
8855,3253,6,127,803453836.62,12.6
8856,3362,3,42,1256405504.33,26.4
8857,4302,9,115,284370436.1,5.4
8858,2668,13,6,177730927.2,3.5
8859,43,12,117,2517295131.37,36.0
8860,1081,2,96,343018658.45,7.0
8861,395,11,217,215605357.67,3.0
8862,3591,10,344,357881777.11,4.5
8863,4916,1,44,783713166.79,12.0
8864,2064,6,333,606476974.32,12.6
8865,2654,7,262,111887670.02,1.5
8866,3656,14,261,231645443.91,3.5
8867,153,7,114,198628924.36,3.0
8868,922,9,136,522369129.1,9.0
8869,3558,11,96,646422885.27,9.0
8870,1694,10,123,737800394.42,12.0
8871,3058,2,38,955424533.28,17.5
8872,1259,1,31,308702620.77,4.5
8873,4713,10,285,230876429.19,4.5
8874,3496,5,263,390476503.46,5.0
8875,2268,5,173,185814220.06,2.5
8876,226,2,339,775530037.48,10.5
8877,4232,1,166,99659546.89,1.5
8878,4510,2,357,211106585.66,3.5
8879,3023,11,56,204695873.24,3.0
8880,594,11,177,392100595.58,6.0
8881,1193,9,201,442479538.14,5.4
8882,2629,2,89,2692297393.32,35.0
8883,746,13,56,254290985.52,3.5
8884,4167,6,200,551510674.08,8.4
8885,3955,12,327,682868716.97,9.0
8886,2232,14,364,768637473.87,10.5
8887,77,1,308,262644147.15,4.5
8888,3402,5,293,156118590.09,2.5
8889,4103,12,74,1529538563.25,22.5
8890,3371,3,77,1041376276.82,16.5
8891,3968,4,157,178553133.33,2.5
8892,1913,13,139,647880839.04,10.5
8893,1466,5,30,617041367.53,7.5
8894,1964,14,57,694895992.0,10.5
8895,412,13,224,689564837.56,10.5
8896,1852,12,311,1209868781.85,22.5
8897,2774,12,47,634658817.95,9.0
8898,594,2,93,190356103.6,3.5
8899,407,3,13,1106326035.04,16.5
8900,3084,7,350,176675749.6,3.0
8901,934,9,340,109146550.04,1.8
8902,4247,5,155,146127836.72,2.5
8903,1927,4,46,142618116.7,2.5
8904,868,12,323,1286063219.4,22.5
8905,921,15,113,228224708.78,3.5
8906,667,1,107,661057558.03,12.0
8907,3360,13,94,443784978.83,7.0
8908,2251,13,202,716671265.77,10.5
8909,215,14,307,404448256.59,7.0
8910,3697,2,19,504589023.08,10.5
8911,3153,7,51,99457088.85,1.5
8912,3520,2,138,1092213951.86,17.5
8913,4649,6,219,216405859.76,4.2
8914,183,9,53,336132846.58,5.4
8915,1589,13,106,228096258.31,3.5
8916,3700,2,225,493594412.63,7.0
8917,4840,13,22,1127734777.31,17.5
8918,23,11,346,394472673.15,6.0
8919,4032,8,329,209681066.22,3.5
8920,4490,15,96,424874622.41,7.0
8921,4408,14,322,391869906.52,7.0
8922,1264,8,51,235402666.27,3.5
8923,1757,5,262,1054337248.45,12.5
8924,4857,5,103,561109039.07,7.5
8925,2924,12,47,1546935342.52,22.5
8926,3753,6,11,2567927853.32,42.0
8927,2754,13,16,2061011665.87,35.0
8928,3086,3,312,1664359180.41,26.4
8929,4146,12,276,264599646.01,4.5
8930,375,1,31,508980632.43,7.5
8931,3457,12,277,246776517.01,4.5
8932,996,14,266,1273295348.0,17.5
8933,4616,4,7,264781953.35,5.0
8934,3432,14,267,401069859.42,7.0
8935,1836,4,22,1050067726.12,12.5
8936,1888,3,244,1917922400.82,33.0
8937,3672,5,348,323770596.13,5.0
8938,1821,13,8,444437710.61,7.0
8939,190,3,69,1751488892.89,26.4
8940,4312,4,242,333816664.34,5.0
8941,1857,11,41,1597094879.26,24.0
8942,3242,5,149,351173697.17,5.0
8943,3134,13,208,234444179.25,3.5
8944,2782,15,95,623449107.14,10.5
8945,13,15,315,230192809.84,3.5
8946,1958,7,284,100765881.62,1.5
8947,3369,10,123,702067938.89,12.0
8948,1240,12,216,796362227.72,13.5
8949,3686,12,66,1370099440.54,22.5
8950,837,12,163,909301092.09,13.5
8951,2469,10,155,221779100.08,3.0
8952,2513,4,55,607191352.09,12.5
8953,4653,10,334,218918597.48,3.0
8954,4134,7,332,106249294.81,1.5
8955,509,2,69,490664573.73,7.0
8956,2556,4,51,795729556.85,12.5
8957,4565,3,287,1938327577.77,33.0
8958,2291,8,173,402129338.31,7.0
8959,1715,10,176,850520380.88,15.0
8960,3806,14,324,708640568.76,10.5
8961,835,1,351,236508290.37,4.5
8962,3081,14,150,1744834550.71,28.0
8963,1470,11,80,234741489.87,3.0
8964,2227,12,328,293844895.04,4.5
8965,3151,2,181,420114586.47,7.0
8966,2030,8,362,711969466.15,10.5
8967,2771,2,330,1131803627.75,17.5
8968,3563,13,278,2486975958.79,35.0
8969,2628,5,154,715244851.75,12.5
8970,156,7,214,297107367.27,4.5
8971,4241,15,331,519400349.24,7.0
8972,2082,13,21,1535190258.81,28.0
8973,484,8,298,1306620373.96,17.5
8974,3590,14,22,397846978.48,7.0
8975,3003,7,255,215045893.12,3.0
8976,1485,8,66,661807728.05,10.5
8977,4492,13,174,2063278642.39,35.0
8978,697,6,97,3063180908.87,42.0
8979,2242,13,150,1303669626.69,17.5
8980,4716,4,205,854640396.87,12.5
8981,2589,13,295,234240329.66,3.5
8982,1396,6,152,313903120.24,4.2
8983,3701,15,97,213450728.94,3.5
8984,1555,4,221,155739391.12,2.5
8985,1163,1,99,320213893.27,4.5
8986,4520,1,177,211765438.64,3.0
8987,1003,8,41,1174835184.89,17.5
8988,251,2,252,1184898799.94,17.5
8989,1666,15,91,523130654.58,10.5
8990,4843,7,360,233518200.64,4.5
8991,3348,9,197,240003370.73,3.6
8992,3581,3,310,205134381.27,3.3
8993,2655,5,196,791629908.77,12.5
8994,40,7,201,216721901.24,3.0
8995,3295,11,29,202028046.52,3.0
8996,4395,15,158,165809786.85,3.5
8997,2447,2,17,2210747548.5,28.0
8998,4028,14,161,686803959.72,10.5
8999,1815,13,19,647391461.55,10.5
9000,2478,1,30,232669937.44,3.0
9001,295,1,356,108774962.22,1.5
9002,3305,12,166,234943465.69,4.5
9003,4385,11,300,557700921.92,9.0
9004,1508,4,265,1296802959.45,20.0
9005,1734,6,344,505925142.67,8.4
9006,3017,14,250,259525090.45,3.5
9007,93,3,243,210100962.05,3.3
9008,34,5,27,1616324036.79,25.0
9009,3011,5,21,529921439.0,7.5
9010,4219,5,281,326132257.46,5.0
9011,2343,5,253,157685828.88,2.5
9012,3050,5,230,180616600.6,2.5
9013,730,2,304,260331046.76,3.5
9014,4309,9,73,913434617.53,14.4
9015,3561,7,242,208431017.62,3.0
9016,4961,5,24,198842343.88,2.5
9017,3127,1,129,562718581.47,7.5
9018,3316,5,238,267945049.65,5.0
9019,48,5,199,294669495.25,5.0
9020,3032,9,191,520294989.59,9.0
9021,364,3,306,440536735.07,6.6
9022,3808,15,160,1818920356.53,28.0
9023,2478,4,169,294044351.91,5.0
9024,571,12,267,621844488.69,9.0
9025,154,3,204,186865374.06,3.3
9026,4532,8,270,1517046225.4,35.0
9027,3710,4,128,361167777.25,7.5
9028,1963,2,349,215194276.16,3.5
9029,3072,3,323,1545043796.88,26.4
9030,4661,1,127,169652923.12,3.0
9031,1716,14,297,408595579.59,7.0
9032,1717,4,327,336028038.91,5.0
9033,3640,5,259,159798662.59,2.5
9034,3288,13,196,236849527.91,3.5
9035,2916,14,34,487938888.64,7.0
9036,3389,13,174,483437651.3,7.0
9037,2180,13,211,466302195.38,7.0
9038,3367,7,314,199403739.4,3.0
9039,2899,4,284,607706668.73,7.5
9040,3526,15,292,1243407327.76,17.5
9041,2559,13,189,2213289841.98,35.0
9042,4914,2,271,217158589.14,3.5
9043,3550,5,87,154075244.81,2.5
9044,1299,10,193,183095251.71,3.0
9045,3710,10,182,854233153.43,15.0
9046,420,15,277,836693022.83,10.5
9047,4122,10,314,512932270.57,7.5
9048,3445,5,315,340617687.22,5.0
9049,2622,14,71,203266694.83,3.5
9050,130,9,327,318998026.15,5.4
9051,3702,10,338,189617829.2,3.0
9052,1768,3,90,555412147.85,9.9
9053,2192,4,27,1298701507.54,20.0
9054,3921,4,112,442855723.29,7.5
9055,3438,1,150,93967511.89,1.5
9056,896,8,176,215513021.85,3.5
9057,3308,2,361,1905720822.6,35.0
9058,1185,13,15,638334032.21,10.5
9059,2503,7,290,501109381.33,7.5
9060,3920,6,97,1539413587.79,21.0
9061,1330,1,155,109633011.21,1.5
9062,1188,11,348,2002903855.79,30.0
9063,3358,12,226,1159900521.58,22.5
9064,2726,5,280,729365626.84,12.5
9065,1259,8,340,439805561.17,7.0
9066,634,1,133,215866382.57,3.0
9067,2245,7,21,244779807.6,3.0
9068,957,11,44,968871545.69,15.0
9069,3888,4,143,344710854.09,5.0
9070,3011,3,145,1662624307.5,26.4
9071,2791,3,304,424087207.24,6.6
9072,2917,2,201,701183294.09,10.5
9073,4143,3,264,675594994.74,9.9
9074,3296,10,253,194104323.6,3.0
9075,701,8,26,1295972439.97,17.5
9076,4266,6,242,859778474.7,12.6
9077,2272,4,300,310312676.33,5.0
9078,753,2,38,495983770.12,7.0
9079,4627,9,66,200679118.2,3.6
9080,3807,3,34,1409053475.49,26.4
9081,3765,8,105,451461901.36,7.0
9082,1505,9,289,375815839.15,5.4
9083,830,14,7,2588227298.38,35.0
9084,57,7,204,322759612.8,4.5
9085,3289,14,222,1082597972.01,17.5
9086,4349,3,109,2143539858.15,33.0
9087,184,9,167,540166689.68,9.0
9088,1606,15,312,1594694452.14,28.0
9089,3272,10,293,187714986.08,3.0
9090,52,6,92,696108547.61,12.6
9091,4485,13,86,781679919.13,10.5
9092,3074,8,61,251538144.94,3.5
9093,3690,3,113,250418574.82,3.3
9094,3577,13,319,230644209.81,3.5
9095,570,14,147,1082206435.09,17.5
9096,257,11,332,233104434.12,3.0
9097,1413,5,220,145655380.21,2.5
9098,2908,15,36,452657487.44,7.0
9099,3688,8,100,2006507723.87,35.0
9100,2829,11,14,591143685.19,9.0
9101,95,12,38,667555095.54,9.0
9102,3350,3,198,237860072.71,3.3
9103,4476,14,357,389729111.53,7.0
9104,4540,10,350,126028877.88,1.5
9105,2978,2,315,232145073.33,3.5
9106,3703,6,68,497655205.16,8.4
9107,798,4,315,315284245.75,5.0
9108,3247,9,341,523739096.78,9.0
9109,4688,6,278,555498221.44,8.4
9110,4256,13,173,1012352611.43,17.5
9111,3255,11,90,287852969.51,6.0
9112,297,7,229,288155525.83,4.5
9113,889,13,235,618687517.68,10.5
9114,2154,15,253,2210178340.21,35.0
9115,1387,10,313,476526767.43,7.5
9116,3941,8,141,654827447.94,10.5
9117,529,5,13,1264190623.02,20.0
9118,833,10,110,434161637.95,7.5
9119,2300,8,20,190809875.51,3.5
9120,4436,2,313,639128804.79,10.5
9121,3571,3,36,864590654.02,16.5
9122,2460,14,207,1849545895.39,28.0
9123,2405,1,75,950907242.67,15.0
9124,962,4,28,476268057.07,7.5
9125,707,3,330,255442308.47,3.3
9126,440,5,242,441467695.1,7.5
9127,4868,10,110,209275436.06,3.0
9128,1463,9,290,193007292.87,3.6
9129,3119,11,251,982265125.63,15.0
9130,1120,10,36,346442195.06,4.5
9131,4388,6,256,524429105.1,8.4
9132,278,8,27,793667460.86,10.5
9133,1159,8,3,2700687569.4,35.0
9134,2576,2,267,194267001.64,3.5
9135,2389,4,207,467641436.25,7.5
9136,4056,11,213,227954146.4,3.0
9137,4354,4,162,1483036358.12,20.0
9138,494,7,224,128032899.08,1.5
9139,4125,15,26,205386719.96,3.5
9140,4125,13,184,476172243.27,7.0
9141,207,15,135,498734752.04,7.0
9142,1680,14,143,218015720.57,3.5
9143,4380,14,199,439729434.64,7.0
9144,1923,14,153,623351581.33,10.5
9145,3866,9,226,214512110.8,3.6
9146,4053,15,28,2128785288.2,35.0
9147,4964,4,219,403639912.1,5.0
9148,538,7,123,111543448.74,1.5
9149,1009,5,120,771624858.44,12.5
9150,1323,5,259,814330291.18,12.5
9151,4254,7,45,212899015.19,4.5
9152,3481,5,254,150320211.33,2.5
9153,4684,4,108,378199907.38,5.0
9154,2362,4,258,860307113.41,12.5
9155,3818,11,329,193665726.82,3.0
9156,279,13,183,2599874188.13,35.0
9157,3105,9,351,122207891.05,1.8
9158,2629,6,176,300601751.82,4.2
9159,4207,7,360,284629897.61,4.5
9160,2600,2,237,2089995345.01,28.0
9161,3777,5,43,430515593.08,7.5
9162,764,14,352,1108994828.47,17.5
9163,3812,8,10,1151533438.1,17.5
9164,1305,3,9,195237176.54,3.3
9165,3784,4,261,148949357.29,2.5
9166,3596,7,361,1162099707.88,15.0
9167,2533,2,140,765695194.47,10.5
9168,950,13,169,329235877.31,7.0
9169,1599,8,339,1799294418.03,28.0
9170,799,9,262,120203710.19,1.8
9171,1892,11,301,381092626.65,6.0
9172,3702,14,44,580445111.58,10.5
9173,100,6,296,253707465.13,4.2
9174,3755,12,244,882304536.27,13.5
9175,399,3,307,392550714.06,6.6
9176,2425,12,252,913128596.77,13.5
9177,441,14,238,199942681.45,3.5
9178,2026,2,268,215131752.92,3.5
9179,1845,13,97,239480480.34,3.5
9180,3508,5,31,291311611.05,5.0
9181,3923,2,59,2278546984.31,28.0
9182,3478,6,56,2542238279.76,42.0
9183,1212,10,71,202307585.07,3.0
9184,4773,10,128,201416379.71,3.0
9185,1540,12,192,334382893.67,4.5
9186,3791,14,47,1250409448.75,17.5
9187,4231,5,34,176550431.08,2.5
9188,3703,2,245,222683117.39,3.5
9189,4118,8,91,1298570603.76,17.5
9190,1448,12,165,2260976316.6,36.0
9191,1892,14,238,736615376.5,10.5
9192,377,12,177,628537769.52,9.0
9193,4693,5,97,1621996521.72,25.0
9194,53,15,140,509847482.41,7.0
9195,3087,7,57,229121990.55,3.0
9196,976,9,306,201208822.34,3.6
9197,1937,15,66,2121102335.1,28.0
9198,4799,10,310,123044455.27,1.5
9199,522,14,329,512648507.08,7.0
9200,3932,12,47,850887980.15,13.5
9201,4588,10,151,1128683488.99,15.0
9202,3250,3,262,650691361.89,9.9
9203,3509,15,226,2216994111.86,35.0
9204,4028,1,340,285858279.51,4.5
9205,4384,3,35,2251897809.6,33.0
9206,3433,3,187,1010990449.07,16.5
9207,3357,7,270,493119350.89,7.5
9208,3040,12,248,2125904563.73,36.0
9209,164,12,158,284988220.14,4.5
9210,3455,3,171,249488665.26,3.3
9211,2739,9,33,327185186.22,5.4
9212,3868,6,109,520567939.45,8.4
9213,4586,5,163,729350268.29,12.5
9214,1485,7,20,81130929.19,1.5
9215,4837,2,192,249347878.65,3.5
9216,4948,2,230,1234620745.91,17.5
9217,4438,1,86,860963435.96,15.0
9218,3173,11,39,377716451.76,6.0
9219,1827,14,311,489889710.09,7.0
9220,3034,4,330,453060794.37,7.5
9221,2006,9,338,128452287.25,1.8
9222,3967,6,126,2171943318.22,33.6
9223,4051,6,105,1852544501.21,33.6
9224,1694,7,123,80259860.98,1.5
9225,1218,7,247,545649612.31,7.5
9226,4560,10,14,76578084.14,1.5
9227,781,13,39,1888697351.81,35.0
9228,4069,3,84,387715668.64,6.6
9229,3977,6,81,276254141.83,4.2
9230,529,11,165,205906433.4,3.0
9231,2200,7,7,185368268.29,3.0
9232,4981,1,136,103539787.66,1.5
9233,2754,15,175,1106490530.58,17.5
9234,1779,5,324,330562870.11,5.0
9235,2231,15,183,2286692201.16,35.0
9236,4099,4,208,346035619.5,5.0
9237,3927,8,226,581247197.89,10.5
9238,4505,11,204,539324797.14,9.0
9239,2829,10,21,176252666.72,3.0
9240,2270,3,244,377560618.22,6.6
9241,2378,7,51,239476546.71,3.0
9242,253,8,25,483383353.52,7.0
9243,3863,14,8,519801314.17,7.0
9244,1557,5,86,401354964.04,7.5
9245,1843,13,223,402794014.31,7.0
9246,289,6,254,1449984015.22,21.0
9247,1461,10,350,333290960.79,4.5
9248,1290,3,280,1143519223.53,16.5
9249,4445,2,90,1265777461.31,17.5
9250,4608,15,54,1136060831.95,17.5
9251,4274,13,260,1021332738.89,17.5
9252,4633,2,69,438328649.43,7.0
9253,3677,1,16,211048445.91,3.0
9254,1522,1,40,874343538.91,12.0
9255,2818,2,192,260231411.87,3.5
9256,582,10,147,790721686.97,12.0
9257,4326,13,68,752170374.64,10.5
9258,4711,15,285,227712155.74,3.5
9259,4979,7,19,111192191.32,1.5
9260,244,2,331,168587687.06,3.5
9261,1942,3,77,565662890.39,9.9
9262,396,9,353,136343852.54,1.8
9263,3245,5,22,1018305310.48,20.0
9264,2511,14,74,1212081643.24,17.5
9265,2711,4,343,141191350.68,2.5
9266,4460,7,282,442410264.65,7.5
9267,3985,13,60,1409267796.48,17.5
9268,4270,2,194,511881532.16,7.0
9269,3665,6,6,1376369728.91,21.0
9270,2619,13,364,674486755.07,10.5
9271,1323,13,257,230393648.84,3.5
9272,3817,8,190,805024868.45,10.5
9273,2928,3,13,192982436.43,3.3
9274,537,4,241,294231972.7,5.0
9275,297,11,152,1021078846.28,15.0
9276,434,9,33,333242007.18,5.4
9277,154,3,208,1479915140.65,26.4
9278,4787,15,182,206832844.64,3.5
9279,1044,7,29,100427675.87,1.5
9280,4800,7,283,741027007.49,12.0
9281,4695,4,336,137541694.52,2.5
9282,959,11,101,658896406.93,9.0
9283,2998,14,340,262572267.32,3.5
9284,3530,5,73,185323831.87,2.5
9285,4051,5,146,1042755697.18,20.0
9286,160,8,32,1533221603.74,17.5
9287,1904,13,199,2601380312.49,35.0
9288,377,14,161,715195593.2,10.5
9289,2211,1,270,889810868.9,12.0
9290,209,2,255,1005268435.72,17.5
9291,1293,4,293,288578382.19,5.0
9292,4441,10,44,231310774.44,4.5
9293,2187,13,199,247795855.49,3.5
9294,769,3,55,1565667151.75,26.4
9295,3442,8,321,926148498.97,17.5
9296,3494,9,229,190217419.83,3.6
9297,2663,4,257,135959866.28,2.5
9298,1103,7,309,201975709.27,3.0
9299,4936,2,154,237481804.28,3.5
9300,4312,2,301,434529548.46,7.0
9301,2084,5,23,300983884.01,5.0
9302,499,14,182,573412995.6,10.5
9303,1988,11,98,170969036.24,3.0
9304,1418,14,185,392240693.61,7.0
9305,4463,8,130,280933504.76,3.5
9306,3567,1,310,97772615.52,1.5
9307,957,1,173,94437168.8,1.5
9308,1833,2,261,1951148326.29,35.0
9309,539,7,234,164978803.9,3.0
9310,1567,12,143,875580693.88,13.5
9311,262,7,112,100585850.32,1.5
9312,397,14,283,215342427.02,3.5
9313,480,4,283,291634004.33,5.0
9314,930,14,309,187218736.14,3.5
9315,632,10,320,278514112.6,4.5
9316,3014,11,92,225363693.35,3.0
9317,3661,11,340,339926328.94,6.0
9318,2279,5,69,588379926.57,7.5
9319,3108,5,190,1284888071.26,20.0
9320,525,11,300,981410302.87,15.0
9321,3904,4,163,296205814.34,5.0
9322,768,14,42,485077713.73,7.0
9323,3114,2,63,221571571.34,3.5
9324,2162,11,169,419733776.54,6.0
9325,263,7,241,93171132.53,1.5
9326,3744,11,45,190297078.02,3.0
9327,584,2,225,430158815.16,7.0
9328,1670,11,289,724282795.09,9.0
9329,2478,12,66,632591470.0,9.0
9330,2161,12,296,1412505009.36,22.5
9331,3850,12,210,862206544.06,13.5
9332,4874,15,9,524282130.36,10.5
9333,1894,3,273,392846614.41,6.6
9334,4395,10,357,266535507.97,4.5
9335,2179,5,45,512753678.31,7.5
9336,83,12,365,509827848.96,9.0
9337,1046,15,118,706561671.93,10.5
9338,577,8,346,198770685.17,3.5
9339,4995,15,194,1062022977.95,17.5
9340,3742,6,217,900132256.09,12.6
9341,4107,2,24,478792836.46,7.0
9342,4618,2,357,251721572.36,3.5
9343,2409,12,336,3546921362.66,45.0
9344,3536,1,250,261199203.75,4.5
9345,4561,14,298,476792770.58,7.0
9346,1962,13,41,1183594024.81,17.5
9347,2458,6,144,2156401332.32,33.6
9348,1890,14,363,296742965.94,3.5
9349,1527,8,337,1132136992.85,17.5
9350,4115,15,124,1943211230.79,28.0
9351,2788,2,49,201219794.67,3.5
9352,4056,3,146,216410451.13,3.3
9353,1916,8,213,227287768.42,3.5
9354,2827,14,128,438108262.91,7.0
9355,3112,9,179,117921894.02,1.8
9356,4618,6,94,564692077.97,8.4
9357,2900,13,229,207150360.99,3.5
9358,2107,11,122,140670553.87,3.0
9359,1212,3,149,206774188.0,3.3
9360,2736,9,24,466660976.1,9.0
9361,129,1,10,862476024.73,12.0
9362,2862,15,109,472038281.2,7.0
9363,1407,15,334,1108136606.08,17.5
9364,2324,12,209,1642107234.46,22.5
9365,475,13,101,182568432.5,3.5
9366,3496,2,122,240003656.37,3.5
9367,1367,11,187,200530130.69,3.0
9368,1239,3,110,1735930747.54,26.4
9369,2475,13,214,711624197.33,10.5
9370,4123,7,175,204110283.83,3.0
9371,1536,8,288,537190297.03,10.5
9372,56,11,4,1346026230.33,24.0
9373,2282,10,270,90600528.05,1.5
9374,3349,6,310,722196368.49,12.6
9375,278,1,268,86538204.64,1.5
9376,3123,6,304,251912739.99,4.2
9377,1193,11,126,229678217.55,3.0
9378,223,14,323,846961578.41,17.5
9379,4969,6,65,835155606.35,12.6
9380,2824,10,50,166294862.48,3.0
9381,4019,8,288,189898169.38,3.5
9382,2999,9,287,221499392.16,3.6
9383,1121,9,202,1010001683.67,14.4
9384,4942,14,145,2062638501.34,28.0
9385,1611,4,186,1496159768.82,25.0
9386,4861,13,344,411033841.51,7.0
9387,2507,2,73,685011085.89,10.5
9388,3675,11,218,219497846.17,3.0
9389,3054,8,222,195326323.81,3.5
9390,4662,15,361,421186761.94,7.0
9391,615,13,343,241501250.36,3.5
9392,1633,4,88,364389649.15,5.0
9393,3733,6,65,512343100.85,8.4
9394,3724,15,163,679305982.65,10.5
9395,2711,9,365,207912294.42,3.6
9396,2608,10,199,188683510.37,3.0
9397,1591,13,165,450267385.01,7.0
9398,3118,3,8,211833985.04,3.3
9399,710,3,42,229048174.97,3.3
9400,1444,15,335,283173297.99,3.5
9401,55,10,182,105099712.48,1.5
9402,2806,11,25,522110537.76,9.0
9403,2474,12,36,3256482275.27,45.0
9404,4672,7,226,327732196.38,4.5
9405,1238,14,226,238310617.42,3.5
9406,4487,15,357,253962570.55,3.5
9407,805,11,271,206589275.38,3.0
9408,3835,9,125,191483966.21,3.6
9409,3987,11,294,197401342.51,3.0
9410,4852,5,292,401384507.08,7.5
9411,3616,5,201,161881742.54,2.5
9412,4543,6,346,2465792014.42,42.0
9413,3339,6,234,245113052.12,4.2
9414,4991,11,113,1665951265.57,30.0
9415,3819,12,189,1605826141.44,36.0
9416,4957,8,166,2675377555.91,35.0
9417,151,3,190,491326477.97,6.6
9418,4308,1,34,181989113.9,3.0
9419,4018,5,111,471705314.27,7.5
9420,1041,14,250,465048024.04,7.0
9421,2481,9,312,1179386102.89,14.4
9422,4672,4,100,923092397.76,12.5
9423,3367,12,27,3088941290.97,45.0
9424,2131,10,267,107063407.97,1.5
9425,227,14,143,2020497474.91,35.0
9426,242,15,276,201288152.08,3.5
9427,3400,4,235,1370970721.22,20.0
9428,654,4,322,759598235.27,12.5
9429,3664,4,35,356998523.23,5.0
9430,3531,5,299,168675364.07,2.5
9431,3659,5,124,120731011.6,2.5
9432,506,11,84,304765506.1,6.0
9433,2007,2,189,410608653.26,7.0
9434,3642,6,56,289811770.09,4.2
9435,2722,6,87,2133955182.03,33.6
9436,1966,11,29,370033291.49,6.0
9437,3781,11,61,207684748.62,3.0
9438,125,1,150,97865954.32,1.5
9439,2284,11,122,352245674.46,6.0
9440,4983,14,90,195047069.51,3.5
9441,2608,10,285,243889350.9,3.0
9442,295,4,120,869257677.96,12.5
9443,4222,7,198,96654224.85,1.5
9444,1650,7,362,105416521.53,1.5
9445,4591,10,24,146516424.21,3.0
9446,1945,15,247,206901245.36,3.5
9447,966,4,191,289883162.9,5.0
9448,4998,4,267,186330983.35,2.5
9449,1595,6,283,652515964.81,8.4
9450,1711,5,163,429423037.15,7.5
9451,134,8,122,251950650.44,3.5
9452,3582,6,62,1494358130.12,21.0
9453,2338,12,258,2746203237.95,45.0
9454,1139,8,187,686552538.25,10.5
9455,1807,2,324,385658035.63,7.0
9456,4425,8,30,1766010372.74,28.0
9457,3861,6,23,311470253.51,4.2
9458,936,1,336,268468539.03,4.5
9459,2590,4,295,195897079.73,2.5
9460,3835,12,342,535084344.2,9.0
9461,528,10,125,174548045.78,3.0
9462,804,12,90,636555960.77,9.0
9463,1186,2,32,461343907.21,7.0
9464,2246,4,82,369636657.34,5.0
9465,1782,12,27,522187072.21,9.0
9466,1269,4,334,155438720.61,2.5
9467,426,5,339,187681099.06,2.5
9468,2541,1,270,186836464.53,3.0
9469,1680,4,233,128204586.11,2.5
9470,446,9,153,102261996.36,1.8
9471,3707,6,258,526408078.77,8.4
9472,695,7,128,269763238.25,4.5
9473,3362,6,322,1236821431.09,21.0
9474,9,1,183,274333303.84,4.5
9475,3581,3,247,195985580.37,3.3
9476,2404,8,138,2820292843.31,35.0
9477,2482,7,329,513106551.61,7.5
9478,1268,9,71,204687398.67,3.6
9479,2901,2,86,1778819097.76,28.0
9480,1337,7,313,103902116.03,1.5
9481,1056,5,56,156092692.64,2.5
9482,2216,5,74,388809592.22,7.5
9483,4707,4,359,247233490.1,5.0
9484,3104,15,243,469549510.49,7.0
9485,3450,12,119,532337986.09,9.0
9486,2903,4,49,1422110237.88,20.0
9487,683,5,155,333057650.62,5.0
9488,2545,13,1,736330897.86,10.5
9489,4106,5,294,379813926.26,5.0
9490,4264,4,234,1529769906.92,25.0
9491,1191,10,166,89622516.7,1.5
9492,4178,15,67,1116030362.54,17.5
9493,4634,7,45,104655857.72,1.5
9494,970,9,91,935182538.63,14.4
9495,4567,9,134,229586994.65,3.6
9496,2900,13,209,1531132486.27,28.0
9497,3916,13,241,2026009278.57,35.0
9498,4948,3,324,196138641.46,3.3
9499,1635,15,180,1124328239.36,17.5
9500,2338,5,93,737214763.94,12.5
9501,1683,4,13,548522262.95,7.5
9502,1679,1,87,171514795.22,3.0
9503,3824,5,245,171745176.55,2.5
9504,2390,7,171,95749573.56,1.5
9505,860,7,156,418257015.79,7.5
9506,2578,14,125,459579478.02,7.0
9507,2286,12,30,276174867.91,4.5
9508,483,11,288,185349501.31,3.0
9509,1746,6,94,2553153837.57,33.6
9510,4253,5,268,1680021068.32,25.0
9511,1179,6,339,320408002.9,4.2
9512,1922,4,303,143911060.5,2.5
9513,1874,12,290,409974485.88,4.5
9514,543,6,313,839139015.65,12.6
9515,4758,8,286,716038300.35,10.5
9516,2838,3,23,2022317436.45,33.0
9517,4766,1,69,177054094.44,3.0
9518,3890,10,159,173068206.32,3.0
9519,2002,3,352,225666524.92,3.3
9520,743,9,150,236192507.51,3.6
9521,1230,6,16,1266275552.66,21.0
9522,3495,11,286,607533243.59,9.0
9523,415,14,300,206768088.73,3.5
9524,3726,14,309,200008094.38,3.5
9525,1100,1,353,82474136.71,1.5
9526,4263,15,334,200862876.02,3.5
9527,1966,12,6,544045595.03,9.0
9528,4431,9,176,125709939.51,1.8
9529,3124,12,345,488317300.81,9.0
9530,1276,15,295,889593071.91,10.5
9531,1202,4,259,767763753.64,12.5
9532,1150,14,134,654934987.84,10.5
9533,1179,14,132,737783637.26,10.5
9534,404,14,211,569138957.8,10.5
9535,2241,4,24,138246654.57,2.5
9536,4140,9,83,133027500.88,1.8
9537,432,10,326,116066571.3,1.5
9538,4400,12,53,859146996.16,13.5
9539,4351,2,45,212204782.64,3.5
9540,385,5,176,134389369.16,2.5
9541,1690,6,123,558668720.55,8.4
9542,1373,7,81,303850202.03,4.5
9543,560,14,200,254568035.44,3.5
9544,4206,7,341,97783668.26,1.5
9545,1797,12,144,622548095.93,9.0
9546,4134,11,65,867151464.97,15.0
9547,1414,5,109,750805092.45,12.5
9548,933,1,334,835691216.55,15.0
9549,3948,12,227,572204118.8,9.0
9550,3700,12,64,609846339.46,9.0
9551,3165,2,199,547617284.12,10.5
9552,4820,2,14,1104750688.38,17.5
9553,1776,2,323,474247296.66,7.0
9554,3690,6,311,2805485125.06,42.0
9555,1797,13,38,2156902431.17,35.0
9556,907,13,187,446829226.97,7.0
9557,4796,1,204,103691748.62,1.5
9558,2704,10,159,834921372.16,15.0
9559,697,9,132,251823859.92,3.6
9560,73,8,98,224260800.58,3.5
9561,4936,4,190,194616639.87,2.5
9562,933,8,352,198869377.67,3.5
9563,1305,9,31,105702387.82,1.8
9564,3965,15,153,231634162.84,3.5
9565,806,6,277,300987021.38,4.2
9566,2243,14,362,594325571.88,10.5
9567,3705,11,354,359567083.46,6.0
9568,1450,2,153,1992725400.05,35.0
9569,3505,6,95,1468914344.87,21.0
9570,3989,12,245,263043507.83,4.5
9571,4913,14,235,249500809.77,3.5
9572,135,10,191,352245929.05,4.5
9573,3273,3,251,404799703.73,6.6
9574,3672,9,239,529172334.74,9.0
9575,3087,9,279,954570011.71,14.4
9576,1318,9,100,235235517.06,3.6
9577,4552,14,211,553157036.6,7.0
9578,3700,3,355,204232040.0,3.3
9579,178,9,126,426896645.54,5.4
9580,1466,8,269,255365031.41,3.5
9581,2615,8,96,183929865.19,3.5
9582,4850,9,112,203084597.37,3.6
9583,451,2,341,788696883.93,10.5
9584,1418,8,29,205682329.71,3.5
9585,4017,5,129,772448558.25,12.5
9586,2008,11,115,631808686.93,9.0
9587,442,10,11,98678107.35,1.5
9588,4024,5,182,1183614790.98,20.0
9589,311,1,137,844185159.77,15.0
9590,4249,9,264,1217047065.88,18.0
9591,3737,6,124,243450971.05,4.2
9592,3357,3,251,384213465.99,6.6
9593,108,1,35,621878586.76,12.0
9594,2925,10,126,926275336.98,15.0
9595,2847,12,86,938634279.17,13.5
9596,4820,13,295,438002342.43,7.0
9597,866,1,264,134867649.46,3.0
9598,3694,10,239,77951933.59,1.5
9599,1259,10,311,236728655.59,4.5
9600,1027,8,24,233720324.18,3.5
9601,4985,14,316,716874417.51,10.5
9602,4109,11,167,496183452.95,9.0
9603,3618,8,332,486317310.54,7.0
9604,4109,4,131,293104090.25,5.0
9605,1752,4,103,1342224196.28,20.0
9606,2912,5,99,748025017.11,12.5
9607,441,13,1,2222081975.38,35.0
9608,2948,4,48,1634363916.04,25.0
9609,1506,15,233,484563352.13,7.0
9610,2273,6,95,2641333654.72,33.6
9611,1629,12,149,2926031585.7,45.0
9612,4126,2,284,2535583959.79,35.0
9613,1841,8,30,417208465.65,7.0
9614,1603,6,318,1782227557.71,33.6
9615,3391,6,33,262510447.92,4.2
9616,4662,12,135,291295268.39,4.5
9617,4010,3,52,336793450.22,6.6
9618,473,15,80,245610869.49,3.5
9619,1944,11,332,390978736.36,6.0
9620,2265,7,100,216975701.83,3.0
9621,2842,13,208,466306397.33,7.0
9622,3846,1,121,190838462.68,3.0
9623,1363,14,305,545518389.45,10.5
9624,4815,1,335,166133927.71,3.0
9625,4851,4,304,1139934120.52,20.0
9626,4098,9,22,90212065.19,1.8
9627,3918,11,119,356928240.88,6.0
9628,3313,1,180,201165208.24,3.0
9629,559,1,189,226760592.23,3.0
9630,37,4,153,355121596.98,5.0
9631,3121,3,251,421978506.22,6.6
9632,514,9,230,112290016.82,1.8
9633,1011,11,336,1104864264.71,15.0
9634,1934,12,309,606047756.83,9.0
9635,4573,9,143,870554243.76,14.4
9636,2254,12,303,2359610155.03,36.0
9637,3908,3,176,843655913.73,16.5
9638,4600,9,149,126742079.24,1.8
9639,1930,6,268,675147232.63,12.6
9640,3578,2,300,243825214.68,3.5
9641,2162,8,30,491070731.53,7.0
9642,1566,11,150,469704636.59,6.0
9643,2997,8,176,2110555931.4,28.0
9644,3257,4,362,1879517414.81,25.0
9645,1643,14,164,1289677190.54,17.5
9646,2832,9,301,375272371.43,5.4
9647,810,3,204,202782147.08,3.3
9648,3979,5,312,305225462.74,5.0
9649,720,15,156,490769414.4,7.0
9650,2016,8,94,244747759.82,3.5
9651,673,15,305,273441809.76,3.5
9652,3573,12,317,360401509.81,4.5
9653,1700,4,355,297064568.09,5.0
9654,4942,7,186,87413525.6,1.5
9655,1304,1,163,328815713.33,4.5
9656,1279,4,176,181585500.7,2.5
9657,641,3,140,475655510.66,6.6
9658,2040,1,23,116158552.37,1.5
9659,2036,7,348,974904316.52,12.0
9660,3561,5,353,193243890.1,2.5
9661,2420,11,246,386034905.23,6.0
9662,3241,4,22,316896228.52,5.0
9663,3758,11,362,385008152.28,6.0
9664,1914,4,252,404865696.96,5.0
9665,4002,7,324,87349626.27,1.5
9666,28,10,1,101991104.53,1.5
9667,1591,12,197,907497116.93,13.5
9668,1642,3,190,1113278833.58,16.5
9669,919,15,172,2072773379.68,35.0
9670,2881,1,181,122073138.23,1.5
9671,3989,12,64,333233222.25,4.5
9672,147,9,165,972583495.68,14.4
9673,1749,4,24,286497640.29,5.0
9674,4861,10,226,163101147.87,3.0
9675,2369,6,137,265601689.88,4.2
9676,1895,11,334,312878950.22,6.0
9677,4051,13,222,240770707.45,3.5
9678,4906,8,90,205021486.19,3.5
9679,2210,15,64,252965220.17,3.5
9680,3348,12,223,675777957.54,9.0
9681,3825,5,167,188050786.76,2.5
9682,3332,6,50,741374187.92,12.6
9683,2773,10,186,312570233.32,4.5
9684,3427,5,343,995160306.98,12.5
9685,2269,11,327,711782384.21,9.0
9686,2880,3,279,217024747.29,3.3
9687,4018,7,41,268688997.64,4.5
9688,2248,3,153,471648776.68,6.6
9689,3146,2,196,1919243438.33,28.0
9690,2260,8,324,1740401838.07,28.0
9691,4113,13,55,230724191.16,3.5
9692,2910,15,260,500477701.5,7.0
9693,193,8,195,1674616623.74,28.0
9694,3494,15,233,618934849.54,10.5
9695,2423,9,255,1306632914.65,18.0
9696,3920,3,300,1766463723.89,26.4
9697,746,12,296,599135973.39,9.0
9698,1890,12,71,364873955.49,4.5
9699,2122,9,350,100868932.11,1.8
9700,2973,14,222,218036318.82,3.5
9701,349,4,281,163317994.99,2.5
9702,3095,11,282,327454156.9,6.0
9703,596,8,244,726717470.04,10.5
9704,2260,4,333,161278501.74,2.5
9705,3068,3,77,199940512.71,3.3
9706,1699,13,133,511009207.07,7.0
9707,2339,11,215,1651193437.95,24.0
9708,889,3,288,439880120.29,6.6
9709,4346,11,58,1206103977.52,24.0
9710,413,7,156,92944306.79,1.5
9711,101,9,180,231670174.7,3.6
9712,3480,4,218,294533840.07,5.0
9713,4871,10,209,121789734.95,1.5
9714,2391,15,175,504242005.84,7.0
9715,4199,11,169,178323295.71,3.0
9716,2828,14,332,1141341937.0,17.5
9717,3268,1,62,105086498.65,1.5
9718,760,7,250,83756875.96,1.5
9719,2500,9,49,110321085.11,1.8
9720,1702,11,200,1568777600.03,24.0
9721,4260,2,112,447319455.1,7.0
9722,2466,13,85,435199531.07,7.0
9723,4014,10,63,85039888.78,1.5
9724,4907,15,22,2168884955.91,35.0
9725,344,10,161,103362618.98,1.5
9726,1113,9,96,228381823.77,3.6
9727,2994,10,5,94606047.13,1.5
9728,4523,10,150,454817920.16,7.5
9729,791,2,291,370099409.16,7.0
9730,290,2,52,1123413118.73,17.5
9731,3705,4,51,728787232.12,12.5
9732,736,10,304,65592720.43,1.5
9733,46,14,73,201920345.32,3.5
9734,356,13,276,636326212.24,10.5
9735,1733,5,137,180013599.89,2.5
9736,1220,3,37,927380837.87,16.5
9737,4548,2,297,199635443.29,3.5
9738,4970,8,271,2116227594.98,35.0
9739,3874,2,221,425484791.4,7.0
9740,1112,4,10,1208587505.35,20.0
9741,1757,5,181,487822021.32,7.5
9742,2017,2,342,386121246.12,7.0
9743,198,7,345,442978152.06,7.5
9744,3642,4,278,169353519.21,2.5
9745,4508,5,346,1673719004.29,25.0
9746,2543,3,73,463820844.27,6.6
9747,3144,6,204,635453191.15,12.6
9748,2439,6,216,277575136.37,4.2
9749,3052,11,292,1705596365.27,24.0
9750,4773,8,262,470427479.86,7.0
9751,4370,2,24,684628426.69,10.5
9752,780,1,104,116925169.6,1.5
9753,2512,5,283,328038339.23,7.5
9754,2714,12,111,2865391011.8,45.0
9755,2402,15,31,443296688.96,7.0
9756,4342,2,79,709108801.32,10.5
9757,2334,3,309,208150252.83,3.3
9758,1545,11,112,175632271.1,3.0
9759,4299,7,87,108872294.63,1.5
9760,4684,12,131,537583141.63,9.0
9761,3713,4,149,153104123.19,2.5
9762,3004,1,311,422612738.05,7.5
9763,4506,13,208,1294164759.3,17.5
9764,922,9,222,354239742.84,5.4
9765,1306,10,79,83374708.48,1.5
9766,4433,15,254,458450642.22,7.0
9767,3318,10,299,447667713.2,7.5
9768,3226,8,187,1070166605.67,17.5
9769,1324,15,257,1803450305.22,28.0
9770,3786,3,170,655146317.85,9.9
9771,125,14,15,478636371.2,7.0
9772,968,9,361,294788915.51,5.4
9773,838,1,175,626830479.33,12.0
9774,627,8,109,197535388.37,3.5
9775,869,7,245,293815986.87,4.5
9776,860,12,251,1021520093.04,13.5
9777,994,11,236,462463741.44,6.0
9778,4303,7,155,183510320.66,3.0
9779,3947,7,145,106348067.78,1.5
9780,7,10,73,746850965.23,12.0
9781,4269,3,150,1304852314.47,26.4
9782,181,1,23,84554059.26,1.5
9783,309,12,287,339530056.3,4.5
9784,4773,3,232,707283843.07,9.9
9785,165,7,104,161357648.56,3.0
9786,2585,14,145,355635141.53,7.0
9787,4332,4,213,176582066.5,2.5
9788,2182,14,25,2137992581.36,35.0
9789,3314,6,333,1075985893.93,21.0
9790,3741,15,221,755829115.81,10.5
9791,1512,8,312,619501407.6,10.5
9792,3856,7,76,215876103.91,3.0
9793,909,8,353,681890404.26,10.5
9794,3787,3,192,2169985745.74,33.0
9795,1923,12,26,1956192381.68,36.0
9796,3082,4,304,750495432.99,12.5
9797,3659,3,2,219435986.51,3.3
9798,3504,7,161,287880456.18,4.5
9799,370,9,362,645525919.5,9.0
9800,2940,8,181,205396149.07,3.5
9801,4579,1,97,338315995.63,4.5
9802,314,8,335,783054020.89,10.5
9803,2820,10,105,298716479.69,4.5
9804,3321,15,298,183062868.68,3.5
9805,1914,9,337,134394084.44,1.8
9806,1194,3,167,470290851.76,6.6
9807,3235,6,292,287779634.64,4.2
9808,4511,7,9,938752440.21,15.0
9809,2113,5,42,290463237.87,5.0
9810,4739,8,186,2227992589.37,35.0
9811,4775,15,61,697124640.93,10.5
9812,2305,5,141,182832339.66,2.5
9813,1836,9,57,403360487.12,5.4
9814,3880,10,86,351322043.45,4.5
9815,1963,9,34,137528755.03,1.8
9816,4837,11,286,463944622.76,6.0
9817,642,10,37,367596080.24,7.5
9818,4167,11,306,1785943750.81,24.0
9819,3210,10,13,91917015.88,1.5
9820,2317,6,47,252861342.92,4.2
9821,4888,6,95,218869374.99,4.2
9822,20,2,206,2718520552.63,35.0
9823,1496,14,45,286026086.55,3.5
9824,1252,3,327,1088868407.28,16.5
9825,1353,13,83,482364371.29,10.5
9826,601,9,294,1018923958.84,14.4
9827,484,7,2,336634052.81,4.5
9828,4175,14,233,421815801.78,7.0
9829,693,12,83,584218438.69,9.0
9830,149,11,142,345215887.15,6.0
9831,1799,13,325,642489071.0,10.5
9832,1847,13,322,474629318.4,7.0
9833,1522,4,148,314964630.61,5.0
9834,400,10,363,863332677.23,12.0
9835,3202,15,329,271111487.84,3.5
9836,1154,9,277,1025405199.5,14.4
9837,2031,4,10,312774881.2,5.0
9838,4916,12,30,330151695.52,4.5
9839,1792,14,220,774733561.47,10.5
9840,1598,5,104,1846704538.27,25.0
9841,2847,4,160,1675705667.67,25.0
9842,214,9,228,129104123.06,1.8
9843,1852,4,73,1302599003.12,20.0
9844,4875,3,51,809338227.66,16.5
9845,1231,13,94,237942795.87,3.5
9846,4844,4,27,158126633.37,2.5
9847,4677,15,157,219548051.59,3.5
9848,2550,14,337,1920524361.97,28.0
9849,3001,1,58,97361874.63,1.5
9850,1840,15,319,687880119.16,10.5
9851,4160,15,285,633145132.49,10.5
9852,2677,11,69,532113356.32,9.0
9853,518,10,154,332210937.08,4.5
9854,4727,12,8,248710695.12,4.5
9855,112,3,250,610904262.5,9.9
9856,1575,7,230,119679725.01,1.5
9857,3948,12,296,327334068.87,4.5
9858,600,11,99,456423096.39,6.0
9859,879,2,23,1777837481.43,28.0
9860,1495,8,5,729359616.85,10.5
9861,662,7,111,903196978.36,12.0
9862,4398,15,31,748803728.84,10.5
9863,3359,14,266,934037515.33,17.5
9864,3233,3,305,242886780.16,3.3
9865,3201,6,313,975875006.69,12.6
9866,3674,6,85,279178553.35,4.2
9867,1404,4,157,1364611075.08,20.0
9868,1746,5,344,542032223.27,7.5
9869,3855,11,161,386928718.47,6.0
9870,267,3,146,178142583.62,3.3
9871,256,12,299,1079635976.52,13.5
9872,4367,10,247,281442150.85,4.5
9873,2546,4,6,337911603.62,5.0
9874,2170,15,161,252420217.08,3.5
9875,937,4,229,299346377.35,5.0
9876,2966,9,118,218977924.58,3.6
9877,1766,9,282,197063196.55,3.6
9878,2770,7,17,265881786.24,4.5
9879,812,4,68,1522764829.2,25.0
9880,2020,11,104,759732905.82,9.0
9881,2881,2,96,764336540.89,10.5
9882,2728,8,171,499348874.77,7.0
9883,4478,9,156,326280253.45,5.4
9884,4802,6,56,792212926.45,12.6
9885,3715,9,240,933677416.08,14.4
9886,3753,12,364,542591078.7,9.0
9887,993,6,363,313780141.65,4.2
9888,397,7,150,205420949.97,3.0
9889,2492,12,88,642361297.04,9.0
9890,1217,11,279,216358355.47,3.0
9891,4989,1,72,174111164.65,3.0
9892,1000,15,263,490770790.38,7.0
9893,2536,5,164,170530630.04,2.5
9894,1682,9,182,138320270.11,1.8
9895,498,7,173,105887605.89,1.5
9896,3637,2,185,670182639.77,10.5
9897,1526,10,104,187270079.8,3.0
9898,2253,6,165,795936988.18,12.6
9899,4894,14,182,537022610.54,7.0
9900,1028,2,57,1337639053.57,28.0
9901,4190,6,148,2022892533.23,42.0
9902,377,7,102,1026744133.29,15.0
9903,4593,5,285,507990361.75,12.5
9904,3335,7,180,1139281286.82,15.0
9905,672,12,50,541894320.86,9.0
9906,181,5,235,1307457954.78,20.0
9907,391,9,354,843521687.01,14.4
9908,1146,6,199,2517504930.5,42.0
9909,1276,5,307,2031350999.68,25.0
9910,1884,14,38,463186839.61,7.0
9911,3973,4,216,344853678.09,5.0
9912,3188,11,89,165742655.66,3.0
9913,3871,9,21,422063921.42,5.4
9914,2000,13,119,255261190.26,3.5
9915,131,4,345,383473331.31,5.0
9916,1501,1,293,515819821.37,7.5
9917,483,8,269,197735454.89,3.5
9918,2407,10,305,179397267.74,3.0
9919,1062,12,260,911614552.57,13.5
9920,4404,9,13,646505425.57,9.0
9921,849,14,67,1794270087.41,28.0
9922,2249,7,122,488308437.04,7.5
9923,2657,13,97,2008729532.58,35.0
9924,3014,13,170,785711199.17,10.5
9925,843,7,30,89433609.24,1.5
9926,189,2,308,246943477.78,3.5
9927,1357,15,278,239790900.9,3.5
9928,589,3,161,180789897.3,3.3
9929,1784,4,359,705812469.4,12.5
9930,3231,15,98,413373441.44,7.0
9931,3407,2,279,1241168798.14,17.5
9932,488,2,74,732709631.55,10.5
9933,4329,9,280,802743655.81,14.4
9934,4598,6,214,306829269.97,4.2
9935,1185,13,182,230420750.8,3.5
9936,709,6,209,523062968.03,8.4
9937,2282,11,251,412013784.73,6.0
9938,4025,7,214,447220921.14,7.5
9939,119,12,48,618229916.26,9.0
9940,3627,11,245,607376682.81,9.0
9941,1562,12,81,710580008.86,13.5
9942,2351,2,253,1966969548.16,35.0
9943,4673,6,189,802102558.72,12.6
9944,4370,3,222,172249241.72,3.3
9945,1475,8,272,2094631450.24,28.0
9946,2362,10,311,170834384.9,3.0
9947,2975,3,56,173430320.8,3.3
9948,3090,15,207,585720118.54,10.5
9949,4766,15,232,467778547.56,7.0
9950,3666,1,267,1015680635.89,15.0
9951,97,14,252,1165929086.79,17.5
9952,4461,11,14,180437317.27,3.0
9953,3951,1,203,93929735.62,1.5
9954,410,13,100,483192907.9,7.0
9955,4188,8,350,1894935931.0,28.0
9956,379,14,287,522276264.67,7.0
9957,4406,5,341,859419764.65,12.5
9958,3699,15,183,189385109.59,3.5
9959,4325,5,327,151350149.31,2.5
9960,978,13,298,268640284.58,3.5
9961,3887,4,304,184736159.01,2.5
9962,4322,14,74,390262086.65,7.0
9963,4026,13,158,259676524.56,3.5
9964,783,9,99,223052146.21,3.6
9965,3188,4,106,309642547.5,5.0
9966,1051,13,152,207879473.73,3.5
9967,4012,13,137,689744341.4,10.5
9968,2846,12,220,1269373692.46,22.5
9969,1654,6,47,263495761.86,4.2
9970,4597,8,7,827001605.26,10.5
9971,1990,12,100,584031546.94,9.0
9972,2507,2,171,994433520.23,17.5
9973,1942,14,280,226922920.53,3.5
9974,4466,3,93,212506051.03,3.3
9975,4757,7,112,101169195.66,1.5
9976,4454,3,318,518319369.04,9.9
9977,2041,15,231,213675033.86,3.5
9978,2444,12,82,1394992520.48,22.5
9979,1154,10,163,434966347.84,7.5
9980,86,8,98,676601278.29,10.5
9981,1849,13,355,1143789104.68,17.5
9982,1044,7,63,342622435.06,4.5
9983,2937,15,304,649823063.03,10.5
9984,3408,1,65,485554400.56,7.5
9985,3431,4,60,159390418.77,2.5
9986,2482,10,32,451381143.97,7.5
9987,939,4,60,1496084498.28,20.0
9988,2874,14,71,1469573912.71,28.0
9989,1735,6,70,2418443840.61,42.0
9990,1398,2,262,2077203167.81,35.0
9991,2281,4,182,143832277.37,2.5
9992,3834,8,221,502877629.38,7.0
9993,3571,1,38,420306936.43,7.5
9994,1295,10,249,402590358.02,7.5
9995,4132,6,309,227041875.49,4.2
9996,3819,13,339,349803491.26,7.0
9997,913,13,77,1372986147.56,17.5
9998,377,7,356,229225277.67,3.0
9999,2297,10,298,210469402.57,3.0
10000,1462,8,308,229767944.48,3.5
10001,3742,15,123,668008883.33,10.5
10002,1300,8,324,248311114.5,3.5
10003,4900,7,51,346927212.72,4.5
10004,1885,14,308,2512142898.16,35.0
10005,1590,4,304,170807157.86,2.5
10006,2396,14,310,586766660.32,10.5
10007,1522,11,154,194064431.19,3.0
10008,4381,10,266,429906303.08,7.5
10009,4462,4,216,181508823.15,2.5
10010,552,13,276,1732468113.67,28.0
10011,3636,14,103,244638188.85,3.5
10012,4493,7,226,356453269.34,4.5
10013,514,1,180,95344976.4,1.5
10014,3797,7,330,184932169.64,3.0
10015,1131,12,344,298737766.25,4.5
10016,603,12,267,576190712.9,9.0
10017,1480,11,2,1716073970.62,30.0
10018,3807,12,207,1917293583.38,36.0
10019,4605,2,203,470469565.27,7.0
10020,4032,12,255,535262196.69,9.0
10021,1773,3,99,621178992.17,9.9
10022,3615,10,76,596662790.76,7.5
10023,717,7,236,228990734.78,4.5
10024,2925,10,270,88035094.06,1.5
10025,4233,7,150,278992149.91,4.5
10026,3749,10,328,221127525.94,3.0
10027,800,14,47,779393500.45,10.5
10028,4491,12,297,782383236.55,13.5
10029,600,9,78,229772524.99,3.6
10030,1325,7,127,103688498.7,1.5
10031,4205,13,98,227759558.52,3.5
10032,1344,11,224,340099440.02,6.0
10033,2617,3,115,259140631.52,3.3
10034,3249,13,177,229952044.08,3.5
10035,3946,2,202,1149938390.61,17.5
10036,4006,2,151,183232529.67,3.5
10037,4659,7,219,179661003.23,3.0
10038,4714,13,37,402124182.43,7.0
10039,861,12,9,1681581409.02,22.5
10040,4415,10,106,201940285.97,3.0
10041,3618,5,89,784126492.84,12.5
10042,786,9,235,624663748.95,9.0
10043,4180,3,135,2078002149.0,26.4
10044,1863,10,50,206065375.57,3.0
10045,543,9,39,601220322.96,9.0
10046,3140,12,67,248479211.84,4.5
10047,272,7,318,251988725.34,4.5
10048,696,15,319,2194523831.47,28.0
10049,1737,1,63,232186446.84,3.0
10050,2081,11,199,2110082586.28,30.0
10051,563,11,269,549776176.49,9.0
10052,1585,2,169,190719904.77,3.5
10053,3099,2,197,627432660.05,10.5
10054,1995,7,41,88068967.97,1.5
10055,2183,6,30,272605698.88,4.2
10056,3719,7,240,81451441.02,1.5
10057,4680,4,275,168142405.4,2.5
10058,1612,12,264,465913566.99,9.0
10059,3145,7,363,862353759.94,12.0
10060,3676,3,81,598998861.0,9.9
10061,2155,10,350,944947841.43,15.0
10062,1060,3,34,449174907.39,6.6
10063,1821,3,252,463219452.72,6.6
10064,3896,4,18,288712250.88,5.0
10065,2056,7,36,514974556.16,7.5
10066,904,11,61,467959914.81,6.0
10067,1292,2,275,259291742.26,3.5
10068,784,8,158,212445814.97,3.5
10069,3288,9,134,131320281.75,1.8
10070,2497,9,346,610040623.46,9.0
10071,4767,14,223,447452653.29,7.0
10072,3534,2,321,191733006.48,3.5
10073,4044,12,359,1252900918.62,22.5
10074,1216,13,258,490620310.97,7.0
10075,2269,3,105,471505553.92,6.6
10076,3845,14,363,203190589.31,3.5
10077,3679,14,277,1381858854.87,28.0
10078,441,10,67,465054901.08,7.5
10079,1381,4,28,326305525.26,5.0
10080,933,6,276,1072624284.37,21.0
10081,26,15,196,1090568016.69,17.5
10082,4739,5,18,412702914.56,7.5
10083,3914,12,11,1467551126.52,22.5
10084,3174,2,212,2173782973.46,28.0
10085,2103,8,292,157564477.57,3.5
10086,1935,7,348,348776911.38,4.5
10087,4897,15,335,1887385306.38,35.0
10088,1802,4,338,155485810.69,2.5
10089,3072,7,72,156089243.99,3.0
10090,3626,3,50,480341796.59,6.6
10091,2682,2,24,1341988889.44,17.5
10092,172,2,364,175786479.3,3.5
10093,1755,8,344,160994716.33,3.5
10094,1639,11,344,637820915.43,9.0
10095,2154,4,219,163243243.46,2.5
10096,3047,8,324,734082158.85,10.5
10097,910,7,217,242463019.52,4.5
10098,2419,12,246,609322943.39,9.0
10099,1788,1,178,423316610.2,7.5
10100,1331,1,141,117292953.33,1.5
10101,2473,14,361,687413047.39,10.5
10102,1645,2,14,431755646.1,7.0
10103,1663,3,188,2047308402.08,33.0
10104,3806,1,36,83125449.18,1.5
10105,3144,1,7,218198381.75,4.5
10106,1643,15,197,1243725989.54,17.5
10107,4179,7,27,284977415.81,4.5
10108,1321,7,100,223369421.09,4.5
10109,264,11,194,1109281609.19,15.0
10110,3633,4,319,506484100.89,7.5
10111,2081,4,324,177860067.98,2.5
10112,1958,9,350,233794990.76,3.6
10113,1378,3,170,410779063.2,6.6
10114,1449,6,210,1271876308.8,21.0
10115,3851,4,356,185802000.25,2.5
10116,1518,15,70,218649299.15,3.5
10117,2865,6,160,264102543.85,4.2
10118,2867,7,248,299029370.49,4.5
10119,2497,7,184,911386693.3,12.0
10120,529,10,154,223273370.62,3.0
10121,2628,11,26,214723050.37,3.0
10122,1982,5,98,1446856293.75,20.0
10123,3641,14,294,722417527.66,10.5
10124,597,12,5,1317300912.93,22.5
10125,1614,3,275,474247432.82,6.6
10126,4303,14,4,504523814.37,7.0
10127,4879,1,121,480819881.38,7.5
10128,2051,15,339,239290208.66,3.5
10129,2747,8,205,702229258.97,10.5
10130,719,8,258,410542865.91,7.0
10131,2579,7,92,226366485.76,3.0
10132,201,2,111,225461113.66,3.5
10133,3219,7,100,202047754.14,3.0
10134,2404,14,10,438937322.17,7.0
10135,1524,3,93,818944460.77,9.9
10136,2637,5,139,921753547.41,12.5
10137,288,5,118,306856579.76,5.0
10138,1699,13,355,1913002756.07,28.0
10139,4317,13,357,597638814.34,10.5
10140,105,11,191,396108954.35,6.0
10141,3780,14,214,215393952.88,3.5
10142,2151,8,171,648748255.56,10.5
10143,2793,6,214,465604058.18,8.4
10144,2517,4,273,286889437.75,5.0
10145,4088,10,47,310450958.95,4.5
10146,2367,2,157,208455173.85,3.5
10147,2796,4,167,300813188.35,5.0
10148,4888,6,262,535059313.56,8.4
10149,85,5,217,340516213.14,5.0
10150,4531,9,112,245639361.59,3.6
10151,176,2,228,240823962.93,3.5
10152,40,7,74,295070630.88,4.5
10153,2058,4,15,696460542.3,12.5
10154,42,14,146,1925202433.26,28.0
10155,280,12,124,544314601.89,9.0
10156,804,5,291,517782751.13,7.5
10157,848,12,224,560486098.64,9.0
10158,804,9,153,123765306.55,1.8
10159,3269,3,212,536382460.52,9.9
10160,698,11,246,973673675.18,15.0
10161,3285,5,60,205107384.97,2.5
10162,3390,6,140,260641326.87,4.2
10163,1581,4,331,439733224.23,7.5
10164,1589,13,29,1101448448.96,17.5
10165,4728,2,246,833872906.12,17.5
10166,1943,10,68,107282801.6,1.5
10167,2658,14,31,967048965.04,17.5
10168,4704,2,309,669683374.39,10.5
10169,2201,5,161,856401520.48,12.5
10170,972,10,272,222182789.47,4.5
10171,3037,12,62,321371068.69,4.5
10172,2712,3,156,565618959.86,9.9
10173,3257,7,293,223497837.94,3.0
10174,3596,2,308,555155982.59,7.0
10175,3782,5,257,163339499.21,2.5
10176,1341,7,295,487674413.42,7.5
10177,1352,15,190,703986458.09,10.5
10178,909,7,307,164880270.52,3.0
10179,3001,2,191,485500019.24,7.0
10180,3549,11,81,901085986.83,15.0
10181,330,11,49,1174419511.44,15.0
10182,101,6,309,761076707.53,12.6
10183,466,5,70,976089354.8,12.5
10184,2197,12,224,2007664401.67,36.0
10185,3507,15,309,1926772166.11,35.0
10186,1590,12,313,1452622506.26,22.5
10187,981,9,351,632278841.79,9.0
10188,358,3,244,361734469.72,6.6
10189,1407,9,79,101123172.12,1.8
10190,4749,13,87,236660674.36,3.5
10191,1828,11,3,748021021.21,9.0
10192,147,3,289,801545285.48,9.9
10193,4223,2,84,168441964.36,3.5
10194,2656,6,117,254583157.43,4.2
10195,4539,13,201,450443724.24,7.0
10196,296,13,276,222496697.73,3.5
10197,4789,10,66,104297250.42,1.5
10198,3172,11,208,1065626272.01,15.0
10199,256,15,150,492177348.84,7.0
10200,1114,1,335,112348407.91,1.5
10201,1936,2,201,227775083.49,3.5
10202,1107,11,108,344935141.89,6.0
10203,3104,9,10,251274254.17,3.6
10204,3505,12,141,1567287460.56,22.5
10205,411,15,129,2273393179.71,28.0
10206,3380,8,259,738520883.79,10.5
10207,409,15,96,192118741.55,3.5
10208,1721,12,170,269039610.26,4.5
10209,2525,14,319,645493242.56,10.5
10210,2688,4,190,694745611.16,12.5
10211,3094,15,111,1750367278.7,28.0
10212,4308,14,311,540535619.96,10.5
10213,2662,6,263,500835283.74,8.4
10214,2274,2,39,226869202.13,3.5
10215,3917,1,150,282074201.41,4.5
10216,3778,15,197,2540840671.9,35.0
10217,3990,2,111,2204560072.56,35.0
10218,4169,14,94,1163035473.3,17.5
10219,479,15,241,1232798344.23,17.5
10220,2418,6,208,2836162842.12,42.0
10221,1683,8,19,270536760.46,3.5
10222,4904,14,9,257680215.74,3.5
10223,4637,13,147,1144195724.73,17.5
10224,1458,4,175,279786942.9,5.0
10225,2502,11,107,376054886.67,6.0
10226,4096,5,237,432501809.08,7.5
10227,2890,5,143,525382866.85,7.5
10228,3576,7,116,839847977.47,15.0
10229,3896,14,30,207102622.82,3.5
10230,19,11,222,218416253.35,3.0
10231,3358,4,154,451405898.74,7.5
10232,1425,4,302,151246700.44,2.5
10233,2984,12,161,834297143.66,13.5
10234,4220,3,263,2443483230.13,26.4
10235,1050,5,96,656104946.41,12.5
10236,980,10,357,130985556.91,1.5
10237,3934,10,124,239284528.14,3.0
10238,1103,15,293,1242200691.2,17.5
10239,2986,14,134,1210112810.43,17.5
10240,3514,15,33,1555147134.09,28.0
10241,3301,1,152,175975221.83,3.0
10242,3544,3,227,566499294.86,9.9
10243,3741,4,357,892561030.41,12.5
10244,3259,13,110,771951507.33,10.5
10245,2634,8,298,355961468.3,7.0
10246,3758,7,349,80918524.59,1.5
10247,3083,1,348,503218358.28,7.5
10248,4064,9,275,319064829.54,5.4
10249,3906,12,305,271958643.95,4.5
10250,2792,8,158,456948109.65,7.0
10251,3241,5,356,1359147685.51,20.0
10252,2859,12,142,950704530.17,13.5
10253,325,1,123,102657875.33,1.5
10254,401,3,239,1038589154.34,16.5
10255,607,6,139,247863478.82,4.2
10256,364,12,365,768357139.36,13.5
10257,1743,14,277,700117393.35,10.5
10258,1079,14,351,220077293.0,3.5
10259,2614,3,152,1776416110.76,26.4
10260,4881,14,221,721162830.97,10.5
10261,3712,2,32,1911775902.07,28.0
10262,4594,15,262,686978956.29,10.5
10263,2582,1,132,543482252.77,7.5
10264,3266,8,149,2637176991.32,35.0
10265,1190,13,319,485063751.58,7.0
10266,4671,4,353,888501280.05,12.5
10267,1950,14,19,677998292.79,10.5
10268,2989,6,57,2691811700.38,33.6
10269,3374,4,304,430623821.56,7.5
10270,4983,1,224,440024546.46,7.5
10271,1921,14,65,203815356.51,3.5
10272,2570,7,182,929163028.1,15.0
10273,478,12,291,253118052.24,4.5
10274,4045,6,357,1480954336.9,21.0
10275,4298,14,288,1098538928.58,17.5
10276,4453,8,99,193258427.68,3.5
10277,2548,8,311,1014036032.85,17.5
10278,2447,12,140,895911676.8,13.5
10279,4723,9,293,113663068.5,1.8
10280,2,11,250,639609876.24,9.0
10281,518,9,88,238300451.68,3.6
10282,2061,12,105,274532277.25,4.5
10283,3188,6,93,531706600.71,8.4
10284,1987,10,46,191647261.64,3.0
10285,280,13,330,1144748101.09,17.5
10286,3148,1,66,201651807.0,3.0
10287,2282,4,26,1253108899.68,20.0
10288,3426,15,337,504040390.16,7.0
10289,4327,3,309,233367202.14,3.3
10290,1804,5,56,455641199.97,7.5
10291,2188,7,162,264371472.34,4.5
10292,1656,4,266,1456689744.35,25.0
10293,4000,12,202,393857622.34,4.5
10294,168,14,128,1118922116.16,17.5
10295,100,6,308,700805580.08,12.6
10296,3776,1,303,100567040.13,1.5
10297,3831,14,61,434541448.14,7.0
10298,2861,9,7,222578973.56,3.6
10299,2667,13,57,1098763746.89,17.5
10300,4631,13,259,1349085072.23,17.5
10301,3750,8,311,505627833.94,10.5
10302,353,1,152,280782623.71,4.5
10303,3953,8,162,218693342.8,3.5
10304,2388,5,90,297530283.14,5.0
10305,3514,1,193,178636616.69,3.0
10306,4520,1,139,567608711.25,7.5
10307,469,11,65,505281930.58,9.0
10308,2343,15,156,1976187190.61,28.0
10309,4104,13,324,405103161.43,7.0
10310,452,14,264,2898836490.79,35.0
10311,3430,6,26,552553808.83,8.4
10312,3373,14,211,792241601.21,10.5
10313,4687,4,127,160952073.33,2.5
10314,2554,15,69,894978395.46,17.5
10315,1717,8,304,201047820.44,3.5
10316,1470,4,51,167537100.71,2.5
10317,1487,12,271,287586389.59,4.5
10318,1860,9,158,154211273.7,1.8
10319,496,10,179,291409549.92,4.5
10320,4329,2,185,204370982.21,3.5
10321,1347,5,226,240887887.93,5.0
10322,2233,9,3,624765178.16,9.0
10323,3663,4,241,913683282.37,12.5
10324,2312,15,259,302696399.65,3.5
10325,31,8,147,493116627.17,7.0
10326,4534,1,290,257466722.23,4.5
10327,2307,8,88,668603786.81,10.5
10328,1128,2,94,219391704.31,3.5
10329,1546,15,254,407416919.47,7.0
10330,1820,15,314,659455776.44,10.5
10331,1736,8,186,229601704.67,3.5
10332,2946,14,115,179597332.66,3.5
10333,4429,9,61,120745307.76,1.8
10334,4976,7,117,192743459.21,3.0
10335,1043,5,305,494598403.48,7.5
10336,2331,12,91,1051924799.5,13.5
10337,4819,4,331,388909371.0,5.0
10338,1130,13,225,489823946.86,7.0
10339,4895,3,306,415511311.53,6.6
10340,309,1,137,230023685.47,3.0
10341,1061,1,284,101933207.36,1.5
10342,924,9,28,1122039998.3,18.0
10343,41,13,305,388386840.59,7.0
10344,4477,8,287,454022083.36,7.0
10345,4815,2,24,406624216.03,7.0
10346,2562,12,208,832207715.15,13.5
10347,2663,2,43,729804844.21,10.5
10348,453,7,57,103716103.56,1.5
10349,4820,7,22,299483534.75,4.5
10350,3305,11,157,181399907.64,3.0
10351,3755,2,93,743231785.01,10.5
10352,2665,8,149,646478313.33,10.5
10353,2211,1,338,896378031.99,15.0
10354,2055,14,33,198488438.52,3.5
10355,3966,8,138,1269751979.35,17.5
10356,1675,10,365,557265089.26,7.5
10357,3151,1,172,253210160.37,4.5
10358,2242,10,6,111074993.44,1.5
10359,720,2,241,448209599.64,7.0
10360,817,14,188,511610990.16,7.0
10361,4342,6,166,760429561.59,12.6
10362,3404,8,253,457148827.92,7.0
10363,3213,7,98,88564776.27,1.5
10364,1917,6,165,651303908.76,8.4
10365,1261,13,362,185269605.13,3.5
10366,395,9,349,144714470.42,1.8
10367,17,8,30,1340159940.41,17.5
10368,1021,7,355,248747651.26,4.5
10369,2583,15,172,2093143879.97,35.0
10370,915,2,194,601332225.39,10.5
10371,1403,2,130,538247860.39,7.0
10372,3236,13,100,559879238.53,7.0
10373,2347,14,46,2474116714.09,35.0
10374,4746,2,112,1637180955.08,35.0
10375,4532,4,116,1651274608.59,25.0
10376,2946,5,194,912424698.51,12.5
10377,2151,1,124,524083402.36,7.5
10378,2847,2,241,630346040.31,10.5
10379,713,5,244,163007562.23,2.5
10380,3066,5,364,179522911.19,2.5
10381,1676,7,219,255838807.97,4.5
10382,1697,10,208,520640449.78,7.5
10383,2140,1,257,234346715.07,4.5
10384,1275,10,286,162567753.43,3.0
10385,4934,3,161,454510208.61,6.6
10386,4262,4,110,875140545.61,12.5
10387,1178,15,194,209378691.8,3.5
10388,2182,9,171,197139893.08,3.6
10389,2914,8,233,198200293.43,3.5
10390,2417,5,130,171025397.36,2.5
10391,2157,5,14,241982327.37,5.0
10392,595,15,177,2602597888.13,35.0
10393,4384,7,355,101963451.85,1.5
10394,1239,12,201,286772588.9,4.5
10395,2412,12,355,717894336.13,9.0
10396,4385,1,331,645520365.28,7.5
10397,521,5,77,1152602809.3,20.0
10398,3428,12,112,1577531046.21,22.5
10399,4057,2,328,226736493.62,3.5
10400,4913,15,339,501209140.76,7.0
10401,3278,1,234,200816589.73,3.0
10402,4655,13,336,1635912506.35,28.0
10403,4234,12,68,537684296.47,9.0
10404,1490,4,208,137813961.25,2.5
10405,3974,12,316,1370854032.38,22.5
10406,2804,1,20,370361386.85,4.5
10407,2070,7,193,99316237.83,1.5
10408,660,7,282,108544365.73,1.5
10409,4127,3,155,482229462.8,9.9
10410,4345,7,70,84615490.55,1.5
10411,3675,1,38,107455687.39,1.5
10412,1386,3,26,2192685514.88,33.0
10413,368,13,304,1202643948.24,17.5
10414,4231,8,298,235263987.15,3.5
10415,2840,13,97,261337583.39,3.5
10416,2584,4,320,319360288.75,5.0
10417,2735,1,20,309709688.45,4.5
10418,297,7,332,183311063.41,3.0
10419,1597,5,43,422855909.31,7.5
10420,4463,6,69,2287517313.49,33.6
10421,4780,9,268,110604421.29,1.8
10422,2369,12,104,640856145.42,9.0
10423,1784,7,103,275306861.82,4.5
10424,1326,7,261,302178825.91,4.5
10425,1022,3,192,220270609.5,3.3
10426,1364,1,322,229525681.59,3.0
10427,2088,11,315,848577977.69,15.0
10428,3174,4,222,934550383.22,12.5
10429,3582,2,291,226122126.2,3.5
10430,2933,12,322,264995109.05,4.5
10431,737,7,354,212267244.49,3.0
10432,3822,6,262,297128729.56,4.2
10433,130,14,307,386816758.82,7.0
10434,1015,10,125,835551059.3,12.0
10435,354,7,87,212794699.57,3.0
10436,4917,1,303,715097832.53,12.0
10437,4572,13,247,233718460.47,3.5
10438,4607,11,181,1152520867.99,15.0
10439,2077,10,246,412560142.85,7.5
10440,2218,12,41,940990559.75,13.5
10441,4480,15,245,604178424.49,10.5
10442,329,9,136,218945236.37,3.6
10443,2088,10,324,105886435.5,1.5
10444,2919,3,109,911082187.29,16.5
10445,2883,9,113,499201759.89,9.0
10446,1090,3,86,1028938448.53,16.5
10447,1924,9,229,261111057.08,3.6
10448,319,7,119,182588469.66,3.0
10449,977,3,224,372021958.24,6.6
10450,829,3,104,626083652.89,9.9
10451,418,3,55,979078568.06,16.5
10452,3738,5,99,574102075.48,7.5
10453,1914,12,95,1558738947.1,22.5
10454,485,2,185,1131294959.75,17.5
10455,1122,6,104,1248522202.21,21.0
10456,74,10,190,191187795.25,3.0
10457,3060,7,316,596323314.69,7.5
10458,2606,12,315,661816780.21,9.0
10459,3777,15,150,452017351.82,7.0
10460,1097,4,73,163577900.88,2.5
10461,510,14,255,648514374.28,10.5
10462,1458,7,353,441108229.47,7.5
10463,3996,10,280,128505384.24,1.5
10464,795,4,102,340625934.01,5.0
10465,2455,12,274,218852269.24,4.5
10466,3153,12,19,1162400366.63,13.5
10467,3346,12,335,622748851.62,9.0
10468,454,2,59,583060981.71,10.5
10469,3924,15,195,2801475373.01,35.0
10470,2983,6,250,285682880.81,4.2
10471,1540,4,63,157440826.86,2.5
10472,1290,3,317,1903229895.97,26.4
10473,2125,2,54,458471948.35,7.0
10474,4291,14,20,201281388.98,3.5
10475,4755,12,237,293997935.01,4.5
10476,4313,11,91,182216928.2,3.0
10477,3284,5,203,176137503.43,2.5
10478,3679,11,345,172857454.99,3.0
10479,829,11,28,368629208.41,6.0
10480,959,12,181,763882572.72,13.5
10481,357,7,69,393292417.4,7.5
10482,1313,5,280,349245885.89,5.0
10483,3884,2,209,607713051.12,10.5
10484,4523,11,157,413127901.47,6.0
10485,4854,8,303,434454369.97,7.0
10486,4464,14,290,371896866.84,7.0
10487,2938,10,110,93108830.74,1.5
10488,2487,11,288,178446901.59,3.0
10489,1979,10,52,315953049.11,4.5
10490,2103,15,43,835748162.73,17.5
10491,3044,15,276,1181878565.02,17.5
10492,4176,10,1,921783691.1,12.0
10493,4581,1,210,95561277.48,1.5
10494,817,14,47,2061326976.47,35.0
10495,4866,12,294,709162052.8,9.0
10496,3865,7,326,194147194.53,3.0
10497,1513,13,155,815759664.33,10.5
10498,3614,11,115,201428115.86,3.0
10499,369,6,74,1284600951.7,21.0
10500,616,10,167,326181210.37,4.5
10501,3532,14,195,255922213.22,3.5
10502,2279,8,104,2053142636.02,28.0
10503,4643,10,341,83178458.42,1.5
10504,2622,11,148,458188559.46,6.0
10505,4201,15,17,471904030.73,7.0
10506,3956,6,85,716772115.57,12.6
10507,3183,4,18,982988250.4,20.0
10508,885,7,3,85898896.21,1.5
10509,2481,11,302,221923029.72,3.0
10510,4291,9,286,225706365.48,3.6
10511,4202,8,330,1683092625.14,28.0
10512,4410,5,302,1120122390.59,20.0
10513,2867,6,349,796746021.44,12.6
10514,4959,7,242,112492824.13,1.5
10515,4517,10,138,223012494.75,3.0
10516,3886,7,167,188256372.94,3.0
10517,4601,12,34,482490041.28,9.0
10518,4412,4,188,293371646.36,5.0
10519,2823,8,316,726817824.67,10.5
10520,1915,13,50,339904015.02,7.0
10521,2797,2,155,592716109.2,10.5
10522,1907,5,310,182650182.84,2.5
10523,4228,3,266,1198713713.19,16.5
10524,262,11,44,403081279.32,6.0
10525,1742,3,78,1203068549.67,26.4
10526,4077,5,71,1740505999.22,25.0
10527,1903,8,120,255176663.84,3.5
10528,2085,6,251,608967987.45,8.4
10529,3675,12,118,640891285.45,9.0
10530,450,8,258,182897067.3,3.5
10531,2146,9,128,611302710.65,9.0
10532,1764,1,149,98581802.93,1.5
10533,617,4,200,392768823.45,5.0
10534,3176,1,27,318437511.6,4.5
10535,2888,8,105,1316604566.98,17.5
10536,2907,6,23,2377252431.72,33.6
10537,3741,4,59,385983362.15,5.0
10538,1699,1,325,828766475.65,12.0
10539,4125,13,313,2304914833.35,35.0
10540,1334,14,328,204470796.38,3.5
10541,4598,10,360,92309499.27,1.5
10542,3917,4,245,510946251.32,7.5
10543,1969,13,236,341689044.43,7.0
10544,2379,11,287,174432622.41,3.0
10545,4713,15,47,262012311.21,3.5
10546,4861,5,174,136456607.84,2.5
10547,3246,11,67,1665857862.96,24.0
10548,2759,1,240,261694457.93,4.5
10549,499,7,189,176059486.14,3.0
10550,2325,4,307,159671959.54,2.5
10551,3384,5,322,175365118.9,2.5
10552,1304,11,194,652014668.24,9.0
10553,3265,10,48,450070104.37,7.5
10554,3743,9,82,244352950.97,3.6
10555,1734,4,167,302840006.57,5.0
10556,683,9,232,984244372.26,14.4
10557,4007,1,53,91767224.59,1.5
10558,2371,1,268,102598230.54,1.5
10559,1504,13,146,227960786.74,3.5
10560,365,11,213,617373835.35,9.0
10561,4563,15,61,1053637747.82,17.5
10562,3187,8,230,1203517547.42,17.5
10563,3322,13,142,1053930443.76,17.5
10564,4671,6,97,269859287.97,4.2
10565,203,14,177,240655522.85,3.5
10566,276,11,64,193772376.32,3.0
10567,941,2,336,2339938082.25,35.0
10568,2456,14,174,221976913.27,3.5
10569,743,8,197,201034643.39,3.5
10570,1630,1,263,843407874.22,12.0
10571,2645,1,134,111461660.2,1.5
10572,1253,8,320,1027739633.6,17.5
10573,1287,11,65,179662042.67,3.0
10574,3868,13,343,1102115487.11,17.5
10575,269,10,156,602534268.74,7.5
10576,4920,13,20,1279138354.72,17.5
10577,472,1,60,295293571.32,4.5
10578,4198,2,287,218276792.7,3.5
10579,2717,6,208,479121813.77,8.4
10580,1193,11,217,190327013.5,3.0
10581,1053,11,323,333539648.44,6.0
10582,424,6,225,532148192.02,8.4
10583,1916,7,109,174007045.02,3.0
10584,3508,10,119,100448872.47,1.5
10585,3397,1,32,338107926.16,4.5
10586,4114,5,191,795845909.98,12.5
10587,386,11,353,1027495828.76,15.0
10588,1508,10,308,1019414044.52,15.0
10589,2491,13,13,733673050.4,10.5
10590,1654,15,157,552252097.11,7.0
10591,3380,9,123,264053295.98,3.6
10592,4927,2,74,554249161.94,10.5
10593,750,3,340,500244108.31,6.6
10594,4820,3,34,527723720.69,9.9
10595,1755,15,71,220141057.05,3.5
10596,3419,9,289,179080891.12,1.8
10597,585,3,213,1131211115.71,16.5
10598,4275,10,44,221084082.27,3.0
10599,1431,9,263,238487702.2,3.6
10600,657,5,227,1211640948.34,20.0
10601,2707,1,211,354717421.84,4.5
10602,227,10,125,523646934.79,7.5
10603,3062,12,329,251482803.7,4.5
10604,4323,5,214,560961641.04,7.5
10605,2073,4,253,288958210.6,5.0
10606,2371,6,313,824009720.05,12.6
10607,250,7,294,83725766.51,1.5
10608,4912,4,166,155620423.49,2.5
10609,2815,12,166,1023673007.25,13.5
10610,3378,11,10,402439156.73,6.0
10611,1329,9,154,386473363.6,5.4
10612,4389,5,63,168634633.99,2.5
10613,1218,4,364,260012964.58,5.0
10614,1659,1,141,104888384.86,1.5
10615,2856,12,250,301269642.15,4.5
10616,3847,4,300,547571471.88,7.5
10617,688,8,245,624688170.98,10.5
10618,1635,3,244,571642783.57,6.6
10619,3364,14,185,1177857876.09,17.5
10620,3335,13,204,2761474289.76,35.0
10621,2749,6,93,1357992066.94,21.0
10622,2303,14,318,468757330.51,7.0
10623,1728,3,317,2209804524.18,33.0
10624,330,3,290,468332092.69,6.6
10625,3469,14,114,695287836.33,10.5
10626,2880,15,352,1887089362.91,35.0
10627,2881,14,193,221407774.53,3.5
10628,3584,3,329,584338947.34,9.9
10629,2127,10,287,445979125.16,7.5
10630,2021,10,350,170287435.13,3.0
10631,472,9,33,1336683318.15,18.0
10632,1201,1,158,242074448.57,3.0
10633,1700,8,258,726256477.73,10.5
10634,1532,5,124,954517097.5,12.5
10635,1899,5,80,690757849.59,12.5
10636,2279,9,22,129319142.77,1.8
10637,4282,8,315,388809791.28,7.0
10638,4266,13,139,459795855.08,7.0
10639,2333,6,71,531897530.43,8.4
10640,1875,8,29,1447970580.7,28.0
10641,1383,3,60,2085921646.09,33.0
10642,4143,8,80,441858069.66,7.0
10643,4150,4,317,185680312.56,2.5
10644,4748,3,6,402847515.63,6.6
10645,4272,3,202,264317977.61,3.3
10646,3502,11,168,186606436.38,3.0
10647,4128,9,120,407853263.76,5.4
10648,156,12,69,283272197.73,4.5
10649,2710,4,146,575076559.89,7.5
10650,2577,6,152,514911203.28,8.4
10651,317,1,342,103056168.55,1.5
10652,3119,6,8,829429973.69,12.6
10653,3038,10,14,779805354.4,12.0
10654,2077,12,79,1298756329.47,22.5
10655,1985,2,35,221228376.98,3.5
10656,2586,13,174,413105860.28,7.0
10657,1348,7,238,182095422.57,3.0
10658,1356,5,111,156959735.22,2.5
10659,471,13,356,948047435.68,17.5
10660,1820,3,353,213342251.5,3.3
10661,2546,6,281,3386698007.85,42.0
10662,3003,7,18,610564977.89,7.5
10663,1572,15,321,489240300.48,7.0
10664,4944,7,359,236629012.75,4.5
10665,917,15,137,742673685.06,10.5
10666,1829,12,244,1433152936.76,22.5
10667,955,14,252,418792455.47,7.0
10668,2639,9,196,328882214.89,5.4
10669,1901,13,131,435790412.68,7.0
10670,3585,10,66,87213625.67,1.5
10671,4583,3,181,806962290.43,9.9
10672,3128,5,6,359642291.15,5.0
10673,4943,3,88,196669714.88,3.3
10674,4880,3,239,174463847.05,3.3
10675,1906,1,99,656891264.63,12.0
10676,899,3,360,1103722609.99,16.5
10677,3811,8,126,1024715159.03,17.5
10678,4793,6,51,251413418.92,4.2
10679,1959,12,50,341283407.49,4.5
10680,1921,13,191,252294051.48,3.5
10681,204,2,138,1278378660.32,17.5
10682,1634,8,183,1886122974.22,28.0
10683,888,12,153,655885946.1,13.5
10684,372,4,152,184350321.93,2.5
10685,3709,7,182,98126869.06,1.5
10686,4047,15,248,229384593.66,3.5
10687,4744,2,41,426501587.24,7.0
10688,2122,13,210,664013828.85,10.5
10689,1119,2,139,1141040476.55,17.5
10690,2833,3,282,957175624.46,16.5
10691,2300,2,295,208522259.35,3.5
10692,4922,2,34,371264322.4,7.0
10693,1948,15,100,449261262.94,7.0
10694,4833,3,50,1893844835.6,26.4
10695,667,1,145,106112703.94,1.5
10696,3369,6,12,3096657961.16,42.0
10697,1432,12,49,940947268.21,13.5
10698,4239,15,110,1227929942.61,17.5
10699,1491,6,227,549530801.92,8.4
10700,3716,14,132,286001795.01,3.5
10701,564,10,131,275354431.58,4.5
10702,1168,11,247,174302091.71,3.0
10703,3833,3,319,402285745.29,6.6
10704,611,2,309,245332387.9,3.5
10705,3539,13,23,257924591.01,3.5
10706,685,4,342,318131337.75,5.0
10707,4923,7,17,149985671.62,3.0
10708,3660,10,23,181839348.76,3.0
10709,4908,15,353,2330330439.81,35.0
10710,3278,14,196,732855430.24,10.5
10711,1758,11,80,258823084.54,6.0
10712,3328,1,71,439510432.37,7.5
10713,2283,15,229,739337125.34,10.5
10714,2063,1,43,843382688.74,12.0
10715,846,3,211,352590629.73,6.6
10716,3467,1,340,243120729.63,4.5
10717,486,11,359,1045230903.27,15.0
10718,1987,11,93,620071965.62,9.0
10719,4635,12,212,1587282593.64,36.0
10720,3171,9,169,359200936.52,5.4
10721,1962,14,146,665388854.67,10.5
10722,2271,3,245,222664782.23,3.3
10723,3191,2,331,194296611.74,3.5
10724,1580,2,41,238885858.11,3.5
10725,3860,11,142,1077845155.22,15.0
10726,743,9,339,485952988.1,9.0
10727,2518,5,154,157820064.63,2.5
10728,4479,6,237,884366313.43,12.6
10729,2894,6,101,814963720.5,12.6
10730,876,5,87,347526644.39,5.0
10731,2743,15,23,234366781.18,3.5
10732,930,14,241,236085781.86,3.5
10733,964,3,350,156848137.53,3.3
10734,2729,2,33,1929531659.7,35.0
10735,677,13,205,206971441.4,3.5
10736,873,1,159,336595357.42,4.5
10737,1973,8,247,219724803.83,3.5
10738,4531,15,244,180554925.78,3.5
10739,4538,10,188,222066373.59,3.0
10740,1042,6,35,282410408.35,4.2
10741,2573,12,45,2511900566.09,36.0
10742,4478,1,361,148819980.81,3.0
10743,3878,12,147,2203057576.5,36.0
10744,3047,4,64,316943995.89,5.0
10745,2623,12,68,287699598.55,4.5
10746,2912,10,239,99061396.41,1.5
10747,3592,2,151,259258817.93,3.5
10748,4190,11,290,162915098.48,3.0
10749,2813,2,207,2096869887.22,28.0
10750,3722,1,120,260333146.08,3.0
10751,3191,2,297,524944847.51,10.5
10752,4474,3,345,414075743.22,6.6
10753,581,14,213,1327334838.13,17.5
10754,2049,11,123,314726597.05,6.0
10755,875,14,190,432395493.23,7.0
10756,947,3,95,974853105.38,16.5
10757,4874,10,47,218427844.57,4.5
10758,2542,14,299,461575501.77,7.0
10759,1429,8,7,780772020.34,10.5
10760,4560,4,329,328915152.98,5.0
10761,771,9,161,232318914.11,3.6
10762,1010,5,30,340415703.53,5.0
10763,1249,10,159,111456703.76,1.5
10764,288,1,270,541902063.89,7.5
10765,1034,8,362,751429731.35,10.5
10766,4158,13,286,2232601431.17,35.0
10767,3252,6,193,250162521.82,4.2
10768,4078,11,334,354788041.61,6.0
10769,4969,14,146,280559772.85,3.5
10770,4632,3,206,421279377.05,6.6
10771,590,4,262,287618513.79,5.0
10772,1020,9,113,107918967.4,1.8
10773,237,9,161,198729503.98,3.6
10774,785,1,203,404119629.36,7.5
10775,304,5,50,260017030.77,5.0
10776,682,2,170,551301187.71,7.0
10777,946,2,58,2244010084.72,35.0
10778,2646,11,23,181819206.5,3.0
10779,4662,9,359,348959928.07,5.4
10780,4169,13,276,496433383.06,7.0
10781,1590,13,202,439590335.29,7.0
10782,3283,1,170,231651241.54,3.0
10783,490,12,55,2460818209.34,45.0
10784,3230,14,139,486452984.75,7.0
10785,950,4,362,570206631.18,7.5
10786,355,1,253,757089472.44,12.0
10787,1520,3,63,215940880.7,3.3
10788,367,3,138,218548061.28,3.3
10789,2489,2,146,226051366.05,3.5
10790,3108,3,238,408902370.91,6.6
10791,3761,2,225,533079162.97,7.0
10792,499,5,127,141767819.37,2.5
10793,2624,12,131,282749097.33,4.5
10794,3064,2,302,395881004.14,7.0
10795,1187,5,199,165166221.27,2.5
10796,3488,9,133,221005055.19,3.6
10797,3984,13,165,389986214.0,7.0
10798,4168,2,110,243195773.45,3.5
10799,3577,6,266,1177678366.57,21.0
10800,632,4,67,295422351.02,5.0
10801,2759,6,168,544179997.61,8.4
10802,1347,9,148,218769009.25,3.6
10803,1730,7,223,531557744.72,7.5
10804,4178,4,10,433006065.65,7.5
10805,3387,5,105,959521187.36,12.5
10806,2432,6,67,738458962.0,12.6
10807,278,4,211,712715034.87,12.5
10808,2821,4,60,544666060.26,7.5
10809,1071,6,358,993636482.87,21.0
10810,1421,13,82,1917212752.26,28.0
10811,1949,13,218,225864298.4,3.5
10812,2100,6,360,775619240.33,12.6
10813,1833,3,302,537500919.86,6.6
10814,2244,9,132,878928858.98,14.4
10815,1742,3,294,186734740.58,3.3
10816,1319,11,167,181750994.6,3.0
10817,2325,5,61,807029941.36,12.5
10818,1436,6,100,819294701.31,12.6
10819,1547,5,281,359427599.01,7.5
10820,3322,5,195,1386370282.83,20.0
10821,2748,1,131,307714427.86,4.5
10822,3672,5,17,170377893.85,2.5
10823,2160,3,321,1482917451.16,26.4
10824,2065,5,132,163242454.73,2.5
10825,1912,5,50,285541038.72,5.0
10826,2763,4,339,1866283458.31,25.0
10827,3358,2,90,432440344.63,7.0
10828,398,14,342,269502671.66,3.5
10829,3572,2,72,398438939.3,7.0
10830,3143,14,11,1358456805.27,17.5
10831,1284,12,3,2080782501.9,36.0
10832,2388,5,144,172414703.93,2.5
10833,3861,7,359,565368107.15,7.5
10834,1781,6,38,2812224232.65,42.0
10835,3677,11,19,417483407.65,6.0
10836,2407,4,39,272158707.1,5.0
10837,3083,14,97,1197128549.39,17.5
10838,2061,8,355,1782029744.64,28.0
10839,997,2,199,191695120.98,3.5
10840,1406,9,360,858484900.41,18.0
10841,3465,1,100,289332688.96,4.5
10842,902,3,36,244215026.28,3.3
10843,1760,1,3,87675695.48,1.5
10844,3204,6,280,1969409776.57,33.6
10845,4513,10,78,152721794.19,3.0
10846,313,7,328,102113844.59,1.5
10847,400,9,109,337432298.99,5.4
10848,1770,11,237,554671157.54,9.0
10849,4055,13,127,242362085.81,3.5
10850,1262,14,305,575211153.31,10.5
10851,3139,1,218,102708553.58,1.5
10852,1970,9,310,180207602.64,3.6
10853,227,5,60,354939796.12,5.0
10854,2984,5,109,403524311.74,5.0
10855,101,14,285,1073940914.41,17.5
10856,3943,10,115,190042196.9,3.0
10857,3654,6,154,498711033.26,8.4
10858,452,12,202,3022041084.19,45.0
10859,2003,7,178,197242574.52,3.0
10860,460,15,143,468290750.2,7.0
10861,3451,7,113,384529723.9,4.5
10862,2764,13,173,522930300.47,7.0
10863,2364,5,116,1407676334.0,25.0
10864,3425,13,155,684935637.06,10.5
10865,2072,6,217,927831867.09,12.6
10866,4781,2,273,324050925.25,7.0
10867,2703,13,141,223028106.47,3.5
10868,331,13,24,236182781.91,3.5
10869,4841,2,103,1789381822.58,35.0
10870,920,14,190,248459831.84,3.5
10871,4452,13,151,465352173.02,7.0
10872,4344,3,312,178728859.78,3.3
10873,3863,4,74,334799177.88,5.0
10874,4052,7,354,291780887.01,4.5
10875,4831,9,136,235539594.71,3.6
10876,494,4,66,1700882935.09,20.0
10877,929,14,59,1391179945.32,17.5
10878,3555,8,86,204796410.11,3.5
10879,986,2,258,412337477.79,7.0
10880,1616,2,91,207511173.18,3.5
10881,2860,4,113,170438383.49,2.5
10882,4728,8,177,167798230.79,3.5
10883,3223,3,192,249626994.99,3.3
10884,1654,1,280,179385048.48,3.0
10885,4558,4,169,1202520434.26,20.0
10886,4418,4,241,1514541140.04,20.0
10887,4912,10,68,83600590.41,1.5
10888,1037,11,134,194071179.9,3.0
10889,1755,13,267,714694003.26,10.5
10890,3647,9,73,447493888.99,5.4
10891,3776,1,348,113571994.67,1.5
10892,4426,4,193,493276880.88,7.5
10893,3538,9,185,237174689.09,3.6
10894,2500,1,181,830449881.33,15.0
10895,1034,9,168,258834214.55,3.6
10896,3601,9,8,335495566.23,5.4
10897,3578,2,351,674732298.51,10.5
10898,406,11,202,533941396.57,9.0
10899,2334,12,325,2522809451.7,45.0
10900,350,10,249,419795210.27,7.5
10901,1452,15,338,925817908.51,10.5
10902,1437,2,189,426324794.19,7.0
10903,3034,1,120,210138542.51,3.0
10904,4328,9,133,662200838.39,9.0
10905,1267,14,108,465522385.32,7.0
10906,1624,13,10,587410311.3,10.5
10907,3370,9,139,396674618.52,5.4
10908,1216,9,63,149781203.01,1.8
10909,2354,5,16,804588650.91,12.5
10910,449,11,94,370811795.44,6.0
10911,2540,8,67,2293947175.39,35.0
10912,3213,12,151,494088212.18,9.0
10913,1240,3,128,309403777.64,6.6
10914,3092,8,122,183152257.86,3.5
10915,443,4,33,502613025.94,7.5
10916,700,7,149,802094516.29,15.0
10917,1786,15,92,647519744.8,10.5
10918,723,14,98,1939949163.63,28.0
10919,1722,10,69,844951548.69,15.0
10920,367,13,174,664898203.54,10.5
10921,2258,6,337,324171550.87,4.2
10922,4051,13,26,967043047.87,17.5
10923,4848,1,258,325673574.81,4.5
10924,2993,15,206,1241776386.77,17.5
10925,2245,8,167,558685012.7,7.0
10926,1536,4,203,154075076.27,2.5
10927,2509,11,200,177374218.87,3.0
10928,3326,13,345,1092070340.11,17.5
10929,4081,15,227,734374151.83,10.5
10930,1634,11,299,1003912775.08,15.0
10931,3145,8,208,225791139.13,3.5
10932,71,10,362,222573825.29,3.0
10933,3434,9,285,125183255.34,1.8
10934,2553,8,232,679088713.43,10.5
10935,88,14,89,2098240576.69,35.0
10936,2586,15,349,1071038073.2,17.5
10937,2464,3,107,435631361.02,6.6
10938,2557,15,238,718864850.91,10.5
10939,2524,1,91,770426109.93,12.0
10940,2273,2,351,260012168.19,3.5
10941,2309,5,192,1276656557.96,20.0
10942,3114,2,44,1708657452.85,28.0
10943,448,12,172,889822985.53,13.5
10944,3713,10,100,227786255.95,4.5
10945,4746,2,78,1756281984.07,35.0
10946,1287,9,240,897043952.45,14.4
10947,167,11,365,206521310.19,3.0
10948,907,4,252,1479287893.42,25.0
10949,1895,4,302,736038992.16,12.5
10950,401,9,17,359549935.06,5.4
10951,4259,5,316,410698386.39,7.5
10952,1448,10,84,185344297.19,3.0
10953,2245,15,358,479106924.7,7.0
10954,823,1,259,174049662.13,3.0
10955,1612,9,53,184339215.74,3.6
10956,447,4,198,175197435.95,2.5
10957,3424,1,343,191237743.97,3.0
10958,2244,2,148,247895274.8,3.5
10959,1792,6,114,807893172.85,12.6
10960,622,13,253,241599882.45,3.5
10961,1458,3,240,1530517588.64,26.4
10962,1437,8,312,484357821.44,7.0
10963,4892,13,96,392250495.17,7.0
10964,2581,8,140,488995103.8,7.0
10965,251,13,243,2234963926.37,35.0
10966,4475,8,26,694073836.45,10.5
10967,2846,13,273,1173308897.38,17.5
10968,3427,14,268,274265183.91,3.5
10969,3313,12,114,316278598.69,4.5
10970,4,10,23,1026356687.51,15.0
10971,4774,8,66,272366441.8,3.5
10972,1291,6,13,825569099.15,12.6
10973,1714,3,237,1999189245.89,26.4
10974,4857,7,240,99283839.96,1.5
10975,581,11,141,187289618.53,3.0
10976,4967,6,208,466341899.43,8.4
10977,2482,3,261,216967516.19,3.3
10978,1092,10,278,755330548.4,12.0
10979,3339,6,270,2192845102.33,33.6
10980,1157,13,139,944502759.31,17.5
10981,3070,2,348,237836822.89,3.5
10982,1137,3,267,306956996.33,6.6
10983,3886,1,187,190168706.37,3.0
10984,4103,7,282,762140631.35,12.0
10985,3092,6,147,252341106.94,4.2
10986,4769,12,96,288151946.67,4.5
10987,276,10,260,199959932.96,3.0
10988,2921,5,134,271732323.94,5.0
10989,309,2,316,730499001.48,10.5
10990,857,5,232,523622178.22,7.5
10991,3926,13,151,232885954.16,3.5
10992,4332,6,345,643634890.85,12.6
10993,417,4,175,438429875.41,7.5
10994,3731,13,314,947652293.36,17.5
10995,3919,3,189,1076862673.26,16.5
10996,92,4,330,761686647.2,12.5
10997,4522,3,182,217523924.17,3.3
10998,4721,11,182,351991955.28,6.0
10999,4084,7,307,99987868.62,1.5
11000,3978,15,265,1046536618.67,17.5
11001,2712,9,296,231944629.16,3.6
11002,4950,10,265,124678222.59,1.5
11003,4628,7,315,179783611.99,3.0
11004,1351,4,223,183309718.48,2.5
11005,441,1,19,278905449.39,4.5
11006,1665,1,209,462864679.37,7.5
11007,1133,10,265,502378045.39,7.5
11008,1854,11,365,694456309.84,9.0
11009,3733,10,23,1113417887.84,15.0
11010,3577,11,194,451502327.13,9.0
11011,3221,5,117,293105679.11,5.0
11012,2532,10,125,157412324.23,3.0
11013,1991,15,287,1221313990.76,17.5
11014,2093,8,293,215631599.23,3.5
11015,2867,11,180,602231760.42,9.0
11016,3568,3,355,599051446.23,9.9
11017,2126,8,312,194200916.11,3.5
11018,2288,7,248,885780429.12,12.0
11019,3435,15,309,223666083.29,3.5
11020,3529,12,283,939572637.22,13.5
11021,670,5,355,282002735.48,5.0
11022,4728,8,69,1227878835.1,17.5
11023,1106,7,199,909997516.85,15.0
11024,4554,13,46,2209995771.85,28.0
11025,762,8,209,1965619230.13,35.0
11026,2750,3,32,247735134.48,3.3
11027,4260,9,120,459934749.3,9.0
11028,1712,6,340,1484460233.85,21.0
11029,4594,8,125,1738856220.98,28.0
11030,2009,15,282,1018583418.35,17.5
11031,1303,15,83,214458623.33,3.5
11032,3204,6,187,289883330.25,4.2
11033,2502,10,155,89753128.4,1.5
11034,4565,5,140,147522364.97,2.5
11035,232,12,54,283433772.55,4.5
11036,1444,7,68,334254030.33,4.5
11037,2621,10,252,117145734.24,1.5
11038,3312,11,79,220279421.18,3.0
11039,2776,3,72,291025360.62,6.6
11040,2023,15,205,2033314242.55,35.0
11041,4452,9,160,127037252.79,1.8
11042,647,12,66,688884631.49,9.0
11043,345,9,67,191198467.98,3.6
11044,2931,6,49,518357963.28,8.4
11045,4155,11,69,225279817.89,3.0
11046,4926,11,362,439037971.18,6.0
11047,2527,6,250,268032565.85,4.2
11048,4418,15,296,208510687.11,3.5
11049,4713,11,212,367285481.52,6.0
11050,2686,7,245,313764433.54,4.5
11051,680,5,164,445943662.08,7.5
11052,3226,5,259,180131245.24,2.5
11053,3248,7,116,99910887.75,1.5
11054,4282,12,289,931922044.27,13.5
11055,283,7,260,920505981.52,15.0
11056,4539,10,280,158440983.56,3.0
11057,1853,9,75,726202456.09,9.0
11058,3346,1,334,337032979.14,4.5
11059,1605,12,312,1650647324.55,22.5
11060,4009,10,341,264925271.57,4.5
11061,2596,8,1,440220927.55,7.0
11062,1369,1,161,414449488.45,7.5
11063,4116,13,303,244932001.52,3.5
11064,4288,1,339,219992978.0,3.0
11065,187,14,256,696851327.28,10.5
11066,3123,10,109,77333512.59,1.5
11067,4252,11,322,1242189977.16,24.0
11068,2337,15,254,201510182.73,3.5
11069,708,2,341,1508854584.21,35.0
11070,2535,12,302,282448619.57,4.5
11071,2692,7,54,272848126.83,4.5
11072,2717,4,299,290926286.4,5.0
11073,3375,8,249,480166773.14,7.0
11074,4890,1,357,177335996.23,3.0
11075,3675,6,191,2431912120.43,33.6
11076,958,15,343,206222744.81,3.5
11077,2945,5,269,538857882.47,7.5
11078,3150,13,208,969060030.91,17.5
11079,4052,13,140,399808876.53,7.0
11080,2729,3,144,183927128.8,3.3
11081,3022,9,44,622052489.15,9.0
11082,329,14,264,471991910.67,7.0
11083,3290,15,222,455101744.94,7.0
11084,3978,12,189,257749118.73,4.5
11085,3436,7,182,155259951.67,3.0
11086,2224,8,215,432468821.76,7.0
11087,2475,11,319,217641422.66,3.0
11088,4134,4,107,504216144.49,7.5
11089,1552,15,261,2494217589.31,35.0
11090,3898,3,22,647076344.52,9.9
11091,436,3,114,417943961.71,6.6
11092,320,2,327,516614092.33,7.0
11093,1568,1,251,260784048.43,4.5
11094,3312,13,333,2009110543.6,28.0
11095,2000,7,315,222246297.27,3.0
11096,4705,10,168,879984221.07,15.0
11097,4831,5,179,1380745935.44,20.0
11098,2043,8,204,360007066.98,7.0
11099,4988,6,15,531623845.85,8.4
11100,2600,14,214,235471955.29,3.5
11101,3960,10,26,97918141.53,1.5
11102,1836,8,165,540334121.57,7.0
11103,1583,14,247,380401525.3,7.0
11104,4444,3,3,214269208.45,3.3
11105,876,3,26,463341244.41,6.6
11106,799,4,31,441983488.54,7.5
11107,535,4,239,138640532.29,2.5
11108,4837,15,260,736947441.47,10.5
11109,1307,13,199,399652905.01,7.0
11110,2837,10,182,509424326.83,7.5
11111,2400,3,12,428618603.33,6.6
11112,4588,10,89,340571375.89,4.5
11113,571,5,332,1467691025.06,20.0
11114,2389,14,298,270367405.2,3.5
11115,2689,14,1,457685883.3,7.0
11116,2706,9,91,358688038.22,5.4
11117,2838,5,7,171537012.56,2.5
11118,2621,1,174,1157831665.84,15.0
11119,1320,3,133,438910276.14,6.6
11120,3732,10,126,913694499.89,12.0
11121,4185,14,6,215185080.3,3.5
11122,579,14,342,1920941977.22,28.0
11123,1544,13,239,1228455980.76,17.5
11124,3026,11,81,528905400.79,9.0
11125,3967,15,187,651278861.43,10.5
11126,826,1,265,171358981.04,3.0
11127,243,10,177,202949353.74,3.0
11128,2925,8,231,489796995.35,7.0
11129,2869,5,6,171132510.64,2.5
11130,1439,1,235,152335893.05,3.0
11131,1686,5,282,881107899.19,12.5
11132,1447,3,321,234938161.0,3.3
11133,4905,2,8,438336934.17,7.0
11134,3470,8,139,222081542.58,3.5
11135,2824,15,202,1174337125.79,17.5
11136,2333,8,338,496732666.95,7.0
11137,4941,7,28,547016184.42,7.5
11138,4462,3,60,265428853.22,3.3
11139,284,3,16,491797905.19,6.6
11140,1001,2,177,446998317.08,7.0
11141,276,1,222,86153385.4,1.5
11142,2315,3,120,2454022254.66,33.0
11143,4372,13,330,243611692.56,3.5
11144,593,10,119,514472470.01,7.5
11145,2247,10,313,82428721.2,1.5
11146,3318,6,236,251057391.25,4.2
11147,644,8,158,1069017770.68,17.5
11148,2603,6,101,622220896.98,8.4
11149,59,9,88,246211793.61,3.6
11150,185,5,293,456569816.41,7.5
11151,4631,15,230,237762080.79,3.5
11152,355,13,175,607891499.62,10.5
11153,4564,15,235,211652679.84,3.5
11154,3343,4,231,351226297.54,5.0
11155,486,3,242,656833359.99,9.9
11156,1765,4,248,1002351475.33,12.5
11157,2863,11,142,557431080.09,9.0
11158,3472,6,155,972578231.25,12.6
11159,3129,9,288,100490994.14,1.8
11160,742,15,32,1188627119.12,17.5
11161,1892,14,160,666585845.39,10.5
11162,1248,5,200,584959082.08,7.5
11163,3806,11,4,1001794267.14,15.0
11164,2548,12,342,1390624682.85,22.5
11165,4352,1,45,1238955390.72,15.0
11166,4034,1,64,513547828.93,7.5
11167,10,11,294,560045135.85,9.0
11168,1557,14,194,422742852.68,7.0
11169,3319,14,353,729354512.28,10.5
11170,2267,15,299,186726098.04,3.5
11171,3891,1,265,527806929.55,7.5
11172,2957,1,128,164802986.12,3.0
11173,1359,9,256,189353904.07,3.6
11174,2942,4,88,824525037.65,12.5
11175,3843,12,80,266503911.79,4.5
11176,3681,12,81,2001550248.21,36.0
11177,3925,11,178,163305780.18,3.0
11178,2401,5,249,154672107.34,2.5
11179,498,12,305,984760204.78,13.5
11180,667,4,92,1090244533.28,25.0
11181,2950,5,310,1446324188.51,25.0
11182,738,9,219,108860704.44,1.8
11183,1511,3,349,661414552.17,9.9
11184,2530,3,232,2273993239.96,33.0
11185,1965,3,117,599011222.1,9.9
11186,1294,2,189,365914409.23,7.0
11187,344,1,15,206053602.32,3.0
11188,4844,11,323,511454491.45,9.0
11189,3422,5,23,183604266.76,2.5
11190,4464,6,199,308508026.15,4.2
11191,1195,10,306,100004983.4,1.5
11192,593,4,4,162147994.68,2.5
11193,1034,1,258,986287327.75,15.0
11194,1189,5,182,282348374.54,5.0
11195,3338,11,62,599375094.17,9.0
11196,4263,2,53,422338141.36,7.0
11197,3749,2,182,266839229.0,3.5
11198,741,14,238,461924335.15,7.0
11199,628,2,361,1885682502.46,35.0
11200,2717,4,199,174766443.26,2.5
11201,897,10,344,259492624.2,4.5
11202,3465,12,339,511467058.51,9.0
11203,383,6,164,301293844.9,4.2
11204,1057,14,274,361778841.1,7.0
11205,4600,15,74,438409666.63,7.0
11206,3283,2,340,1337055726.34,17.5
11207,2120,2,162,367602933.75,7.0
11208,1039,14,241,488418841.87,7.0
11209,751,4,201,696488365.66,12.5
11210,1749,14,153,431264880.35,7.0
11211,4452,1,207,99775026.03,1.5
11212,257,7,41,865702604.72,12.0
11213,2250,14,108,875825705.9,10.5
11214,800,5,248,172004092.3,2.5
11215,890,15,96,469975262.61,7.0
11216,647,2,150,1204188115.25,17.5
11217,4354,2,347,198798609.68,3.5
11218,2836,3,342,215796987.74,3.3
11219,1771,10,62,86262626.29,1.5
11220,3195,5,58,497524740.82,7.5
11221,820,10,243,337673286.66,4.5
11222,4598,4,277,308649679.02,5.0
11223,3688,4,21,325532106.29,5.0
11224,3813,11,259,636388761.55,9.0
11225,4561,13,235,1842234192.32,28.0
11226,524,4,332,1498288380.41,20.0
11227,1112,12,165,916700262.76,13.5
11228,3296,13,359,1768510258.68,28.0
11229,2639,14,95,2283330143.13,35.0
11230,3951,12,61,490741033.44,9.0
11231,1278,13,255,2259845140.07,35.0
11232,3063,5,238,977563688.28,20.0
11233,4317,5,329,455296602.69,7.5
11234,1599,10,207,390883495.77,7.5
11235,1599,6,158,476614284.42,8.4
11236,4594,12,2,559890582.92,9.0
11237,2360,8,252,250022310.51,3.5
11238,2045,4,202,174157805.62,2.5
11239,4859,13,22,203915182.49,3.5
11240,3241,10,79,309875793.35,4.5
11241,1623,5,24,149713384.54,2.5
11242,943,3,347,1893718310.53,26.4
11243,2017,12,146,335431714.11,4.5
11244,847,3,94,1911049461.86,33.0
11245,1692,14,124,1212305619.73,17.5
11246,2941,5,143,1501411444.71,25.0
11247,2902,11,229,399448776.12,6.0
11248,532,15,324,245448415.95,3.5
11249,3336,2,330,215203784.25,3.5
11250,4009,14,4,1625898641.96,28.0
11251,1103,11,131,2297330006.36,30.0
11252,3713,1,144,277907448.38,4.5
11253,4332,3,169,2445058087.77,33.0
11254,477,12,306,437961748.16,9.0
11255,2135,8,22,1897794678.9,28.0
11256,2023,9,258,521063337.58,9.0
11257,1691,7,296,73400188.67,1.5
11258,370,5,44,436021445.48,7.5
11259,117,1,151,449649044.23,7.5
11260,1864,12,66,589443357.93,9.0
11261,3367,7,106,109109733.89,1.5
11262,1223,8,47,462758101.03,7.0
11263,1126,8,135,453031565.55,7.0
11264,1812,8,188,593849738.82,10.5
11265,1364,3,178,781095500.38,9.9
11266,4390,15,7,526249489.61,7.0
11267,776,1,330,91379275.85,1.5
11268,2232,7,202,338716368.36,4.5
11269,4587,11,215,964891221.16,15.0
11270,1560,4,334,292870950.64,5.0
11271,1179,1,335,337539592.32,4.5
11272,195,8,115,762730056.34,10.5
11273,2143,3,241,2241737304.61,33.0
11274,4895,12,6,276515576.47,4.5
11275,4275,5,39,566005692.88,7.5
11276,2347,4,20,283070657.98,5.0
11277,3236,9,222,251251480.59,3.6
11278,3869,13,56,411603207.61,7.0
11279,4934,9,364,261829466.71,3.6
11280,1139,12,47,311742048.27,4.5
11281,4173,15,87,1218631169.55,17.5
11282,558,12,13,598261277.35,9.0
11283,4469,1,54,75332902.35,1.5
11284,1030,11,185,1152408614.51,15.0
11285,3846,14,162,413843758.19,7.0
11286,4137,13,85,425729921.96,7.0
11287,4325,7,211,290198750.46,4.5
11288,3683,3,194,1103783648.12,16.5
11289,3434,6,226,608219852.4,8.4
11290,3668,15,136,499760038.85,7.0
11291,2919,14,99,445065106.75,7.0
11292,333,3,146,210593789.81,3.3
11293,4472,5,275,500951915.33,7.5
11294,2278,7,113,219484864.75,3.0
11295,4635,5,265,393299042.91,7.5
11296,2239,6,15,284951526.11,4.2
11297,1615,8,364,1110011239.13,17.5
11298,4424,9,93,247688628.79,3.6
11299,3527,12,213,260850947.93,4.5
11300,1599,4,281,628494832.58,12.5
11301,2679,12,99,1443315108.06,22.5
11302,3915,10,87,95251650.92,1.5
11303,4312,2,250,1184223382.8,17.5
11304,462,8,297,628840287.56,10.5
11305,682,5,297,1077279393.44,12.5
11306,208,6,323,1866838401.21,33.6
11307,2379,14,215,778680742.44,10.5
11308,3038,12,351,2800033932.82,45.0
11309,75,8,62,1184949534.0,17.5
11310,3026,4,98,306534102.58,5.0
11311,207,5,62,546807120.11,7.5
11312,3104,13,238,261234699.68,3.5
11313,4080,7,184,194622490.16,3.0
11314,3203,12,261,315826241.18,4.5
11315,4342,1,223,964198405.09,15.0
11316,4101,4,256,462139187.41,7.5
11317,4364,13,21,213261958.85,3.5
11318,983,13,198,2161896292.26,35.0
11319,3766,3,227,616506469.92,9.9
11320,2312,1,49,98451089.07,1.5
11321,4195,3,309,156719141.24,3.3
11322,4081,12,362,1061406038.93,13.5
11323,2719,1,323,282189067.89,4.5
11324,4612,15,74,702889852.98,10.5
11325,3858,3,362,930832537.79,16.5
11326,1216,3,34,2303591943.69,26.4
11327,4367,1,238,298053809.51,4.5
11328,2185,3,89,424860478.4,6.6
11329,3289,13,329,247924405.68,3.5
11330,2692,9,265,120602100.98,1.8
11331,4750,2,227,432753469.48,7.0
11332,855,10,274,909260451.67,12.0
11333,2572,9,100,440723010.78,9.0
11334,3019,9,297,264718503.53,3.6
11335,3071,13,15,236712015.87,3.5
11336,349,1,143,908534130.81,12.0
11337,4116,13,221,435357956.86,7.0
11338,29,1,323,89280091.64,1.5
11339,3318,14,289,907957743.19,17.5
11340,2264,2,44,256478206.71,3.5
11341,3135,8,131,257074095.88,3.5
11342,4301,5,39,1408645608.01,20.0
11343,615,7,75,94894386.77,1.5
11344,1363,13,27,1150902707.41,17.5
11345,4257,1,325,460155204.69,7.5
11346,4131,4,304,151682135.27,2.5
11347,3007,15,321,1054934381.93,17.5
11348,1924,5,194,1809335162.51,25.0
11349,1991,15,32,490393888.03,7.0
11350,714,8,97,895950703.51,10.5
11351,219,10,221,100402337.45,1.5
11352,2890,7,309,86589337.47,1.5
11353,1792,12,338,322692289.7,4.5
11354,2671,7,216,300385565.4,4.5
11355,2046,13,165,184890419.94,3.5
11356,483,9,263,171502125.32,3.6
11357,281,3,143,240737422.79,3.3
11358,4628,9,200,253790407.67,3.6
11359,2964,3,308,441513181.14,6.6
11360,2904,14,116,446617240.45,7.0
11361,3026,9,114,106545872.23,1.8
11362,3420,10,361,81704437.62,1.5
11363,2143,5,267,311367614.33,5.0
11364,1156,9,363,251439232.08,3.6
11365,107,9,270,1153299336.59,18.0
11366,3591,2,213,1922894266.69,28.0
11367,4826,12,84,1215201056.28,22.5
11368,4101,14,215,232813967.01,3.5
11369,3486,15,22,1255281728.6,17.5
11370,3695,8,294,818128814.69,10.5
11371,1791,14,77,216450763.15,3.5
11372,3233,15,204,242952827.06,3.5
11373,2221,12,66,1499821348.88,22.5
11374,3589,15,105,718747305.92,10.5
11375,3150,14,66,233106693.87,3.5
11376,4651,15,348,2162494959.76,35.0
11377,1077,14,288,1872093232.15,35.0
11378,4616,9,214,356020030.13,5.4
11379,2636,13,142,1015915968.52,17.5
11380,1572,7,268,376024780.86,4.5
11381,1579,8,339,990269990.68,17.5
11382,2298,5,184,161041594.51,2.5
11383,216,12,121,548495366.97,9.0
11384,2103,5,154,1125872079.09,20.0
11385,4791,7,220,111195955.62,1.5
11386,2399,13,135,697524864.72,10.5
11387,3302,3,38,800732110.0,9.9
11388,960,1,151,86210539.47,1.5
11389,3194,13,24,2799448073.64,35.0
11390,1184,7,98,882596498.42,15.0
11391,1333,5,199,386720641.94,5.0
11392,1724,14,121,249063424.6,3.5
11393,2,2,147,1940206546.08,28.0
11394,3764,13,282,288563266.07,3.5
11395,447,1,279,117737045.39,1.5
11396,1449,2,28,223836363.64,3.5
11397,4421,11,312,203475964.83,3.0
11398,383,13,222,1211488133.42,17.5
11399,774,5,94,173589959.01,2.5
11400,1650,7,212,478742316.66,7.5
11401,1840,9,139,753477036.19,9.0
11402,3316,15,7,1962080317.15,35.0
11403,2873,9,152,306287152.06,5.4
11404,1222,8,195,431856985.98,7.0
11405,2120,10,317,96194884.11,1.5
11406,512,15,175,400636419.44,7.0
11407,532,4,362,1200434846.73,20.0
11408,965,15,210,436143432.6,7.0
11409,1657,1,285,75545493.88,1.5
11410,4110,1,142,1119512175.98,15.0
11411,1313,7,169,522590175.52,7.5
11412,3713,2,185,1969657865.11,35.0
11413,2488,2,20,1359712523.84,17.5
11414,3308,6,149,2083364176.9,33.6
11415,2438,7,74,296806034.19,4.5
11416,4296,3,280,655611832.16,9.9
11417,2904,11,151,474677234.58,6.0
11418,3957,13,68,508026647.28,7.0
11419,3126,13,128,2227137521.65,28.0
11420,2962,2,55,209740601.77,3.5
11421,281,15,182,228492311.19,3.5
11422,3850,8,266,198890960.05,3.5
11423,468,12,195,1056060562.22,13.5
11424,62,2,344,381897334.44,7.0
11425,4674,10,140,103519615.33,1.5
11426,2778,10,226,84957038.27,1.5
11427,823,10,138,1121449956.46,15.0
11428,1748,14,130,573380393.43,10.5
11429,1024,3,342,621841491.97,9.9
11430,1876,2,62,616768051.9,10.5
11431,2439,15,269,472260995.66,7.0
11432,2303,6,208,270408116.45,4.2
11433,3383,7,327,90602566.98,1.5
11434,205,14,133,217908653.1,3.5
11435,1153,14,350,215684419.64,3.5
11436,2006,4,307,1222735540.72,20.0
11437,1797,4,276,153943343.51,2.5
11438,3727,15,218,683793406.2,10.5
11439,1132,8,287,2809788023.9,35.0
11440,2646,2,165,462089126.31,7.0
11441,3009,9,272,117056204.29,1.8
11442,3369,7,157,141369645.85,3.0
11443,3284,5,254,552000426.27,7.5
11444,1036,12,296,1185663714.71,22.5
11445,4342,5,58,515512716.29,7.5
11446,174,8,222,1175583368.8,17.5
11447,4307,3,254,233805542.04,3.3
11448,870,4,364,129749968.09,2.5
11449,835,5,169,415770008.69,7.5
11450,1159,1,145,102014423.1,1.5
11451,334,10,71,203825331.6,3.0
11452,4615,8,312,183641743.11,3.5
11453,4465,6,49,2518186802.02,33.6
11454,1327,3,190,182728152.72,3.3
11455,587,15,58,199497564.16,3.5
11456,515,3,167,228942109.25,3.3
11457,1890,2,327,524030386.16,7.0
11458,3112,14,309,220911952.89,3.5
11459,1609,8,103,430921256.33,7.0
11460,1282,9,186,229916394.54,3.6
11461,4044,14,145,376092182.56,7.0
11462,3957,11,252,1540144359.25,24.0
11463,1547,1,364,83205751.93,1.5
11464,3012,10,271,412273554.43,7.5
11465,2925,5,223,1172418691.59,20.0
11466,609,8,130,505736323.05,7.0
11467,3561,11,48,231375831.29,3.0
11468,3556,10,132,177920320.68,3.0
11469,859,12,342,1353590126.54,22.5
11470,2319,5,147,410346083.48,7.5
11471,4266,11,219,375829652.18,6.0
11472,3222,14,66,537591736.45,10.5
11473,802,12,78,2386604448.08,36.0
11474,4093,5,356,445974867.77,7.5
11475,4921,11,194,498025718.58,9.0
11476,4800,4,65,916714744.14,12.5
11477,3083,14,108,2471099225.06,35.0
11478,1596,12,273,3797329521.19,45.0
11479,1586,10,322,93751704.21,1.5
11480,3387,5,89,1223715980.0,20.0
11481,2237,8,234,238642766.19,3.5
11482,4796,2,112,2325735337.35,35.0
11483,376,3,3,423460364.64,6.6
11484,3172,3,212,246957001.08,3.3
11485,4096,10,85,520727582.35,7.5
11486,4658,5,57,550087071.73,7.5
11487,4512,1,314,178343146.38,3.0
11488,3514,2,47,246191886.07,3.5
11489,810,3,142,485036985.91,6.6
11490,2683,7,344,82435172.04,1.5
11491,1907,1,318,990405362.07,15.0
11492,4482,7,316,294941437.48,4.5
11493,1206,1,321,937444754.02,15.0
11494,3079,6,343,903329730.42,12.6
11495,2675,8,37,208829723.19,3.5
11496,4482,8,362,452634244.03,7.0
11497,3364,1,41,555277067.28,7.5
11498,917,2,272,1845086862.48,28.0
11499,1234,6,312,2768428937.86,42.0
11500,1098,15,242,666749221.56,10.5
11501,1856,9,225,349030843.55,5.4
11502,4058,7,156,93425900.21,1.5
11503,1033,4,249,140160248.46,2.5
11504,636,15,278,691660335.52,10.5
11505,2375,7,227,439727945.04,7.5
11506,2663,8,76,229472618.94,3.5
11507,711,8,227,577457589.19,10.5
11508,4961,8,113,501752197.39,7.0
11509,2407,1,97,766634708.89,12.0
11510,4481,6,136,1448059344.62,21.0
11511,2521,14,264,452617236.28,7.0
11512,3032,13,11,2025638971.3,28.0
11513,4373,12,132,337642326.88,4.5
11514,2923,10,256,256792344.79,4.5
11515,1240,6,62,476135220.34,8.4
11516,3948,4,8,469938476.0,7.5
11517,3941,3,202,739604349.19,9.9
11518,4840,4,43,457721619.34,7.5
11519,2962,12,282,2085667112.1,36.0
11520,2962,7,57,204508983.19,3.0
11521,1532,4,180,187574550.88,2.5
11522,3009,1,223,521719861.14,7.5
11523,489,6,117,820610912.11,12.6
11524,930,1,80,101010149.92,1.5
11525,2725,6,274,525188069.7,8.4
11526,3301,3,275,884782395.87,16.5
11527,4764,10,171,394650272.94,7.5
11528,3508,5,246,305020595.15,5.0
11529,2153,6,89,427638631.0,8.4
11530,3076,3,54,622879688.1,9.9
11531,710,10,129,728466599.67,12.0
11532,1582,5,143,352261393.67,5.0
11533,1082,2,317,2075060284.72,28.0
11534,1454,4,335,896962524.88,12.5
11535,652,4,151,1046453161.75,20.0
11536,2043,10,151,256667582.04,4.5
11537,406,14,236,991428583.68,17.5
11538,2452,5,179,502553400.02,7.5
11539,3466,14,287,427183989.1,7.0
11540,3076,10,29,203180968.74,3.0
11541,52,1,88,504430292.65,7.5
11542,3306,13,331,1097636355.79,17.5
11543,4445,14,61,220979342.94,3.5
11544,2352,5,73,1371587784.47,25.0
11545,1876,9,39,588206707.77,9.0
11546,2950,14,40,199068619.34,3.5
11547,3426,3,240,425317169.59,6.6
11548,4361,8,144,1902138772.58,35.0
11549,4662,3,161,195571668.9,3.3
11550,1755,4,169,135570588.07,2.5
11551,2560,13,59,206343751.76,3.5
11552,4087,6,286,2149380351.04,33.6
11553,386,14,338,272319452.79,3.5
11554,2052,13,41,222900336.93,3.5
11555,2320,10,327,104470426.08,1.5
11556,20,14,35,850401076.87,17.5
11557,3339,2,254,620088585.97,10.5
11558,964,9,79,178947601.73,3.6
11559,4628,13,152,682004112.46,10.5
11560,1924,8,283,230914371.53,3.5
11561,237,12,268,556753194.14,9.0
11562,1273,7,286,495102021.62,7.5
11563,2160,7,279,112961753.68,1.5
11564,1510,5,247,529771994.14,7.5
11565,1,2,36,236586372.56,3.5
11566,2521,4,68,334185265.25,5.0
11567,4046,5,188,856732596.04,12.5
11568,32,4,343,354596081.36,5.0
11569,3818,12,189,602196869.23,9.0
11570,695,1,309,297946003.19,4.5
11571,3624,2,9,260450317.9,3.5
11572,658,8,220,199035362.47,3.5
11573,3538,3,298,246845705.85,3.3
11574,3566,2,205,997966186.48,17.5
11575,4185,5,124,322975226.36,5.0
11576,58,6,352,1206344474.98,21.0
11577,3390,13,264,217545637.88,3.5
11578,4412,3,298,226255190.64,3.3
11579,1712,1,131,852915843.5,12.0
11580,4010,15,102,1785420932.07,28.0
11581,187,9,87,107155475.97,1.8
11582,704,4,243,740963897.91,12.5
11583,3697,10,292,88351846.68,1.5
11584,2771,3,42,240321259.98,3.3
11585,1229,6,111,2336335891.56,33.6
11586,2696,15,149,212119434.19,3.5
11587,491,14,221,197004794.61,3.5
11588,4110,15,324,2994338033.04,35.0
11589,1659,8,174,263794998.04,3.5
11590,2914,2,38,230394687.4,3.5
11591,2522,9,252,269129675.56,3.6
11592,1199,15,327,2412600470.31,35.0
11593,4377,10,181,517012444.7,7.5
11594,3479,4,14,352148642.56,5.0
11595,4939,10,190,171679672.15,3.0
11596,3547,3,95,608236418.71,9.9
11597,3237,10,229,194105032.22,3.0
11598,639,4,156,347565926.11,5.0
11599,2159,10,344,326426699.29,4.5
11600,891,12,143,493977706.68,9.0
11601,910,15,320,1345707693.22,28.0
11602,1197,7,287,94358784.03,1.5
11603,3846,6,125,1961657864.67,33.6
11604,382,4,30,846835475.68,12.5
11605,4585,1,351,221040076.7,4.5
11606,414,6,303,846136797.11,12.6
11607,4174,7,342,105725364.58,1.5
11608,537,13,285,876070064.89,17.5
11609,317,2,196,226240871.26,3.5
11610,4494,1,229,353565184.22,4.5
11611,1831,15,187,379670869.66,7.0
11612,1937,14,99,1188821766.49,17.5
11613,4133,4,344,1326070753.29,20.0
11614,4099,10,346,168363149.52,3.0
11615,1665,15,129,460217335.69,7.0
11616,3900,8,303,778868273.01,10.5
11617,2022,3,4,1095260271.14,16.5
11618,3315,4,69,129990266.86,2.5
11619,2676,5,187,1738459921.44,25.0
11620,973,8,247,1276104975.42,17.5
11621,2641,13,268,2122756362.4,28.0
11622,1343,13,307,1081002028.82,17.5
11623,1314,3,208,398039308.72,6.6
11624,2692,4,244,528467974.09,7.5
11625,2491,5,140,330994567.32,5.0
11626,1090,6,74,2382301448.56,42.0
11627,2902,9,81,992984804.32,14.4
11628,3448,6,162,609298172.16,8.4
11629,449,14,155,1040544576.73,17.5
11630,2683,8,136,518317931.15,7.0
11631,451,14,56,673891839.43,10.5
11632,1929,6,247,722305299.52,12.6
11633,43,7,54,99704764.96,1.5
11634,53,9,118,1065774301.3,18.0
11635,950,6,229,276008563.57,4.2
11636,2324,13,260,1225300034.15,17.5
11637,2535,3,340,516133520.57,6.6
11638,2525,4,364,491325558.29,7.5
11639,2788,11,38,349430672.77,6.0
11640,2696,8,132,389608582.7,7.0
11641,104,8,5,714737527.81,10.5
11642,1978,9,158,806497384.39,14.4
11643,4430,3,173,542225414.38,9.9
11644,2910,5,97,1174696225.36,20.0
11645,789,7,126,111420176.43,1.5
11646,1921,3,319,605593171.79,9.9
11647,2280,13,250,1024965605.27,17.5
11648,2548,4,211,286585508.15,5.0
11649,4250,15,3,333069091.1,7.0
11650,4970,5,184,808036040.91,12.5
11651,3375,11,293,1127586106.24,15.0
11652,1754,11,363,216192290.31,3.0
11653,3800,5,184,109867607.03,2.5
11654,72,13,331,204349796.92,3.5
11655,3463,3,276,635299970.47,9.9
11656,3262,12,156,281303772.6,4.5
11657,3375,1,154,356667765.24,4.5
11658,4921,15,203,487777566.03,7.0
11659,3447,3,217,433756717.67,6.6
11660,361,15,316,428316395.43,7.0
11661,835,14,129,178203570.21,3.5
11662,1177,1,4,1353234194.98,15.0
11663,1886,3,38,1242773771.43,16.5
11664,185,4,100,833254288.77,12.5
11665,4813,4,237,313706352.58,5.0
11666,3944,9,191,108438970.44,1.8
11667,3305,1,215,260248285.85,4.5
11668,2219,4,352,180862742.45,2.5
11669,2266,5,304,480172835.56,7.5
11670,2387,10,252,270322958.2,4.5
11671,2455,3,80,531544408.56,9.9
11672,4295,13,34,428615775.8,7.0
11673,852,15,58,168197530.85,3.5
11674,3793,2,134,220493776.72,3.5
11675,936,8,301,959290342.99,17.5
11676,1463,11,337,318095454.84,6.0
11677,4950,5,285,165761375.22,2.5
11678,4247,14,61,236551478.33,3.5
11679,838,6,2,244417092.53,4.2
11680,1174,12,165,1562573354.92,22.5
11681,1069,6,170,2405344422.87,42.0
11682,1827,1,330,172770266.87,3.0
11683,553,3,36,590188594.32,9.9
11684,3028,15,105,204387966.47,3.5
11685,4541,11,75,213795884.04,3.0
11686,1762,10,15,200755477.22,3.0
11687,4712,5,103,307718731.98,5.0
11688,3278,11,223,971386857.76,15.0
11689,3949,14,87,556215415.4,10.5
11690,2260,2,90,2381706514.73,35.0
11691,324,11,117,649919715.8,9.0
11692,527,3,3,349699470.52,6.6
11693,1669,8,9,822162932.49,10.5
11694,3410,1,137,174207119.85,3.0
11695,2769,10,86,561162842.87,7.5
11696,1038,1,309,379458900.4,7.5
11697,2045,1,349,454615380.57,7.5
11698,2053,2,186,403235037.86,7.0
11699,2313,2,246,197565094.86,3.5
11700,568,8,97,452346570.34,7.0
11701,3575,14,359,197692362.76,3.5
11702,4443,11,192,542584634.79,9.0
11703,4285,4,236,502922724.43,7.5
11704,432,10,357,145450662.48,3.0
11705,2663,15,281,212938416.79,3.5
11706,1193,11,45,222183933.42,3.0
11707,1047,13,207,237405114.98,3.5
11708,749,1,272,174455572.73,3.0
11709,3749,13,330,689033467.6,10.5
11710,1241,10,299,209166718.04,3.0
11711,4584,2,3,246457098.11,3.5
11712,2046,10,161,90814630.75,1.5
11713,228,11,141,1028591638.12,15.0
11714,2322,10,189,515049460.03,7.5
11715,2977,3,263,801712459.04,9.9
11716,3150,5,303,762374591.53,12.5
11717,131,13,138,469734593.4,7.0
11718,4571,10,363,149256136.44,3.0
11719,1643,6,159,771419130.35,12.6
11720,2593,3,191,197871877.17,3.3
11721,1694,5,141,1458812390.79,20.0
11722,1849,5,187,832726003.8,12.5
11723,4791,8,274,669633411.89,10.5
11724,3124,2,20,500289930.67,10.5
11725,2700,1,220,102785234.67,1.5
11726,350,7,27,93062831.8,1.5
11727,2442,1,194,1074789699.66,15.0
11728,3252,3,185,210874164.65,3.3
11729,3852,13,343,2244985346.33,35.0
11730,4540,4,261,586403146.2,7.5
11731,3710,9,163,208231427.34,3.6
11732,535,9,155,509842857.45,9.0
11733,183,9,143,1054270776.25,18.0
11734,3133,13,314,465357573.92,7.0
11735,4457,13,53,1987439654.47,35.0
11736,3510,11,16,187422366.06,3.0
11737,1533,7,52,204219051.68,3.0
11738,2294,15,138,789406423.84,10.5
11739,4208,11,214,1499925278.37,24.0
11740,1301,12,32,1496344754.64,22.5
11741,1375,8,30,250882688.27,3.5
11742,11,15,226,234649747.27,3.5
11743,3024,12,8,1505534322.41,22.5
11744,4913,6,65,801730383.86,12.6
11745,2814,5,154,147144908.2,2.5
11746,3505,10,35,269364158.55,4.5
11747,645,13,153,222906957.98,3.5
11748,1431,11,166,352278543.46,6.0
11749,2624,3,146,1764885960.19,26.4
11750,4264,1,251,253570976.69,4.5
11751,4617,3,47,440917026.73,6.6
11752,3768,15,188,438585217.66,7.0
11753,273,15,154,1146058275.71,17.5
11754,425,15,74,1269977742.06,17.5
11755,1283,3,200,1338433631.72,16.5
11756,3352,12,82,1667121053.77,22.5
11757,2946,13,236,1819186380.92,28.0
11758,4808,13,154,251731160.38,3.5
11759,4955,3,328,200262516.31,3.3
11760,3529,4,245,1821049963.33,25.0
11761,4402,12,174,866472635.37,13.5
11762,1578,15,50,661873429.05,10.5
11763,4721,4,346,1138942073.71,20.0
11764,2315,8,30,419446001.47,7.0
11765,1741,15,333,232551651.8,3.5
11766,3443,14,212,449378778.03,7.0
11767,1369,10,188,163192424.24,3.0
11768,352,3,176,1732016000.22,26.4
11769,3575,10,22,77741765.92,1.5
11770,1982,6,158,1426809853.46,21.0
11771,2323,13,220,1553148040.77,28.0
11772,4187,14,364,393581192.85,7.0
11773,2616,5,267,503425022.86,7.5
11774,2104,9,355,196681240.84,3.6
11775,4335,15,144,241556623.13,3.5
11776,3243,4,157,365608179.29,5.0
11777,309,10,327,1109782851.36,15.0
11778,4317,3,294,1287974285.12,16.5
11779,1176,14,149,674084692.46,10.5
11780,763,10,105,298910137.22,4.5
11781,4501,4,178,372620327.39,5.0
11782,1449,10,263,162725205.66,3.0
11783,1499,2,17,241029724.94,3.5
11784,1670,15,49,452877593.33,7.0
11785,1692,15,82,1876308492.2,28.0
11786,4454,1,227,227180634.0,3.0
11787,4784,9,328,310265006.95,3.6
11788,3379,1,324,177771951.29,3.0
11789,4606,4,359,860567848.58,12.5
11790,4018,8,139,423471425.22,7.0
11791,3443,10,139,212543975.89,3.0
11792,4260,13,165,477245566.07,7.0
11793,1090,4,13,318978604.64,5.0
11794,4807,2,365,794917539.15,10.5
11795,4068,15,49,438167848.61,7.0
11796,2435,2,45,700975518.01,10.5
11797,2635,7,21,485621773.31,7.5
11798,349,3,155,249921494.24,3.3
11799,4811,5,298,360018378.05,5.0
11800,1982,9,121,209059156.0,3.6
11801,1003,4,100,817116647.21,12.5
11802,1213,10,343,302141928.89,4.5
11803,2287,7,176,466757350.49,7.5
11804,1855,4,323,711489852.85,12.5
11805,680,5,317,154191876.61,2.5
11806,2664,3,102,1054515311.18,16.5
11807,60,1,346,193099207.9,3.0
11808,3690,11,7,1666913248.09,24.0
11809,1624,14,202,424599884.64,7.0
11810,2756,1,241,752457441.96,15.0
11811,1552,11,322,1027417159.5,15.0
11812,3311,14,130,1884120623.82,28.0
11813,2690,12,219,600057430.5,9.0
11814,4748,3,254,658073937.02,9.9
11815,4640,10,354,780669514.0,12.0
11816,1187,5,340,1540391633.17,20.0
11817,1475,15,87,241289979.74,3.5
11818,267,6,329,1237308164.32,21.0
11819,4580,7,110,192106543.91,3.0
11820,4006,15,135,433255847.52,7.0
11821,1724,7,243,92471374.89,1.5
11822,4306,6,171,262409362.92,4.2
11823,2106,4,69,195267933.78,2.5
11824,17,1,231,289629388.24,4.5
11825,3331,1,35,87369577.07,1.5
11826,2927,1,51,457664183.99,7.5
11827,580,4,181,164740471.53,2.5
11828,976,14,46,175784314.58,3.5
11829,3767,1,173,303202534.94,4.5
11830,202,5,15,787496814.03,12.5
11831,4734,13,332,533264825.63,7.0
11832,647,5,345,182379109.65,2.5
11833,803,15,314,718645933.46,10.5
11834,2243,4,257,301295327.18,5.0
11835,115,12,249,795679838.41,13.5
11836,816,4,65,147032134.49,2.5
11837,1319,13,166,375961097.63,7.0
11838,2915,7,330,97835855.26,1.5
11839,1675,14,251,1819393060.41,28.0
11840,3546,11,342,845118758.3,15.0
11841,34,15,15,491235443.91,7.0
11842,2852,4,349,153337766.44,2.5
11843,1437,6,158,2295293117.01,42.0
11844,3771,7,25,103606010.73,1.5
11845,2372,7,128,99194358.09,1.5
11846,1956,10,280,142191111.49,3.0
11847,2341,13,236,935923638.74,10.5
11848,4272,12,162,297264834.22,4.5
11849,185,11,325,194615088.87,3.0
11850,3492,2,318,583706213.14,7.0
11851,1151,8,303,222855187.77,3.5
11852,3249,3,143,451148850.72,6.6
11853,533,15,17,266646869.43,3.5
11854,152,12,326,273439636.62,4.5
11855,4257,12,124,876461342.97,13.5
11856,1084,4,48,599693499.62,7.5
11857,2942,13,244,238110782.73,3.5
11858,379,10,295,110261849.18,1.5
11859,3255,8,83,1595882970.16,28.0
11860,2020,14,114,572047463.08,7.0
11861,4419,14,28,229930591.13,3.5
11862,1099,11,83,429481508.77,6.0
11863,4853,3,67,457475475.24,6.6
11864,4002,9,51,122530860.0,1.8
11865,4381,6,53,690774128.07,12.6
11866,3873,8,79,195165194.35,3.5
11867,2241,9,222,540387807.24,9.0
11868,3837,4,278,495891721.42,7.5
11869,2412,5,124,418760410.74,5.0
11870,3115,1,2,497705097.48,7.5
11871,3464,2,353,2077392297.7,35.0
11872,466,12,147,296711919.92,4.5
11873,2728,12,126,300334690.53,4.5
11874,1106,15,254,702952943.51,10.5
11875,2659,1,273,85794727.28,1.5
11876,1463,9,139,105224592.88,1.8
11877,104,2,47,1627449459.6,28.0
11878,1067,1,332,223761134.98,3.0
11879,1656,9,212,1249523764.2,18.0
11880,4439,8,20,2332170664.9,35.0
11881,4335,11,14,192100054.47,3.0
11882,4618,4,61,800461971.25,12.5
11883,2606,4,122,778396470.32,12.5
11884,3211,10,287,93899783.83,1.5
11885,628,5,219,722376580.17,12.5
11886,553,3,268,731085964.48,9.9
11887,315,5,156,183597075.1,2.5
11888,1684,4,94,1744021341.37,25.0
11889,15,12,97,1799995763.96,22.5
11890,4285,10,185,195974108.54,3.0
11891,1267,6,40,698649826.58,12.6
11892,4133,5,71,472504608.28,7.5
11893,3692,4,106,1259251861.93,25.0
11894,4717,2,72,1832917990.03,28.0
11895,3295,8,39,2024392011.96,28.0
11896,1937,15,218,1100191434.2,17.5
11897,3552,3,87,573002452.31,9.9
11898,3650,8,123,241327053.4,3.5
11899,2579,11,131,1018056525.65,15.0
11900,4836,9,108,121910364.27,1.8
11901,1801,15,150,1116951944.02,17.5
11902,4988,13,314,442840407.27,7.0
11903,240,15,6,229036469.75,3.5
11904,3084,6,93,2428668531.34,42.0
11905,1733,15,326,2412960642.73,35.0
11906,3270,12,304,320055614.7,4.5
11907,4991,5,277,835086821.06,12.5
11908,1437,6,205,846426188.21,12.6
11909,604,5,236,263060576.98,5.0
11910,21,14,129,770621053.39,10.5
11911,3203,15,99,908337208.74,10.5
11912,3768,9,219,909496705.76,14.4
11913,4086,7,304,188749087.36,3.0
11914,1179,14,63,706264230.4,10.5
11915,3428,3,93,1048798643.84,16.5
11916,3946,9,60,187548219.74,3.6
11917,4876,2,307,286695966.47,3.5
11918,4918,14,25,671963563.45,10.5
11919,4108,9,179,133806336.53,1.8
11920,2486,11,177,320875622.73,6.0
11921,4327,2,38,516922523.4,7.0
11922,4123,8,217,264848589.99,3.5
11923,853,4,176,908956496.49,12.5
11924,1345,9,297,129564901.61,1.8
11925,1946,6,224,679537939.43,8.4
11926,220,13,191,453611488.67,7.0
11927,3300,3,185,275431076.33,3.3
11928,4335,2,365,796256861.48,10.5
11929,1066,13,218,1812924849.44,28.0
11930,272,3,75,215922816.94,3.3
11931,607,2,167,234014018.64,3.5
11932,955,12,258,543417509.14,9.0
11933,4686,4,99,1339538703.02,20.0
11934,2731,10,134,293814556.26,4.5
11935,3295,15,161,1150057909.9,17.5
11936,2778,12,47,523006450.43,9.0
11937,1548,13,31,454537343.75,7.0
11938,961,8,219,475743541.34,7.0
11939,435,10,3,84945746.73,1.5
11940,3876,9,109,396969294.4,5.4
11941,4828,11,60,399694087.99,6.0
11942,695,1,250,210899330.11,3.0
11943,2269,13,164,1686240826.17,28.0
11944,1111,5,232,306466183.1,5.0
11945,742,12,123,553144185.32,9.0
11946,2411,7,356,74719656.06,1.5
11947,4820,3,253,1042125891.72,16.5
11948,2280,4,266,772473549.16,12.5
11949,3754,12,319,257009705.71,4.5
11950,3641,15,76,696173996.51,10.5
11951,4485,9,221,255335181.69,3.6
11952,2720,4,17,335583770.27,5.0
11953,4258,10,185,301630522.72,4.5
11954,3147,12,179,810478776.56,13.5
11955,1974,2,21,239495905.59,3.5
11956,2626,12,54,1153906652.34,22.5
11957,2463,9,90,919994168.84,14.4
11958,3328,2,32,489703801.42,7.0
11959,2862,11,134,499643306.94,6.0
11960,3819,7,71,406246033.99,7.5
11961,2724,1,49,208920755.02,3.0
11962,4,9,60,121886415.52,1.8
11963,3067,14,181,360229438.95,7.0
11964,22,10,48,601926945.26,7.5
11965,3085,7,123,798194020.45,12.0
11966,2950,15,15,351494484.62,7.0
11967,4638,2,251,456514701.97,7.0
11968,652,7,35,176578270.74,3.0
11969,2510,5,220,446970192.39,7.5
11970,3260,12,270,293319866.35,4.5
11971,2548,6,202,228704216.81,4.2
11972,3906,4,38,499031079.51,7.5
11973,1677,6,145,1247665931.6,21.0
11974,1695,3,20,666010921.36,9.9
11975,4580,11,291,988314693.67,15.0
11976,4961,7,188,191204728.48,3.0
11977,1337,6,206,1883645080.38,33.6
11978,2049,10,286,562447082.36,7.5
11979,3301,4,293,166150842.35,2.5
11980,4015,15,74,573737440.61,10.5
11981,190,2,192,1666501715.68,28.0
11982,3666,3,314,201583405.4,3.3
11983,515,3,36,690324241.78,9.9
11984,1325,4,61,917820188.26,12.5
11985,1149,14,183,363938884.81,7.0
11986,2577,7,325,199838471.59,3.0
11987,1347,8,229,419753007.55,7.0
11988,4618,13,71,1884127681.63,28.0
11989,2880,5,136,392455734.94,7.5
11990,4111,6,19,321657526.98,4.2
11991,1198,7,92,774858385.59,12.0
11992,3974,9,322,246468055.07,3.6
11993,2002,3,267,1005778529.87,16.5
11994,4641,7,253,187288272.39,3.0
11995,3179,14,24,1705456294.57,28.0
11996,2288,8,65,698024340.57,10.5
11997,1955,12,182,523218058.4,9.0
11998,2962,4,185,1322732873.41,20.0
11999,4302,10,85,181464247.33,3.0
12000,1289,12,106,872233432.13,13.5
12001,4038,1,55,225361500.87,3.0
12002,3467,3,123,898531140.2,16.5
12003,376,3,58,422873414.15,6.6
12004,1317,3,61,580398891.53,9.9
12005,1287,9,296,127807655.43,1.8
12006,1935,5,335,1697151848.99,25.0
12007,3655,9,204,117354965.3,1.8
12008,3450,1,84,716672610.14,12.0
12009,487,9,328,566654319.78,9.0
12010,2429,6,187,254083430.4,4.2
12011,671,2,65,210333110.0,3.5
12012,1503,6,83,432584497.07,8.4
12013,2641,8,42,701630478.72,10.5
12014,4758,12,347,532494660.91,9.0
12015,4658,8,264,2436088210.83,35.0
12016,409,13,9,556489979.36,7.0
12017,2541,3,158,1772200256.47,26.4
12018,1108,10,323,157066798.63,3.0
12019,964,15,245,218565286.34,3.5
12020,630,8,97,225857108.38,3.5
12021,1306,15,326,671060082.17,10.5
12022,2282,1,290,96477145.42,1.5
12023,3855,7,237,104980418.16,1.5
12024,4446,13,110,432814500.75,7.0
12025,2598,14,265,477562024.15,7.0
12026,211,11,249,237462525.72,3.0
12027,1765,6,125,3005232099.4,42.0
12028,3339,10,121,164945808.74,3.0
12029,1418,14,357,606672426.07,10.5
12030,3554,15,294,748481406.65,10.5
12031,1347,6,225,1835991868.29,33.6
12032,4700,1,154,384214361.8,7.5
12033,3435,3,332,906852596.54,16.5
12034,4298,4,97,178932994.52,2.5
12035,1063,14,235,203867758.06,3.5
12036,4664,4,140,1232604336.19,20.0
12037,4553,6,93,2485780139.69,42.0
12038,3641,13,158,579939464.64,7.0
12039,253,12,146,1309228403.57,22.5
12040,2095,8,216,648271495.3,10.5
12041,2319,11,22,342315250.69,6.0
12042,4055,12,205,1470893400.51,22.5
12043,4435,13,290,256766664.12,3.5
12044,3364,8,244,1816372262.81,28.0
12045,2050,2,140,222994824.33,3.5
12046,4717,6,225,1807455307.95,33.6
12047,3380,12,287,1761201008.25,22.5
12048,2356,1,251,326769383.93,4.5
12049,164,11,231,1075115024.55,15.0
12050,3107,4,96,863600353.11,12.5
12051,199,13,320,511466953.32,7.0
12052,2076,11,248,593091393.08,9.0
12053,3022,15,31,633953238.39,10.5
12054,264,2,32,713818797.93,10.5
12055,2151,2,69,1628655678.9,28.0
12056,1087,5,261,264918928.26,5.0
12057,338,6,9,245135411.09,4.2
12058,4752,1,128,82329163.7,1.5
12059,1951,2,306,450288500.58,7.0
12060,3236,9,284,140501314.51,1.8
12061,547,2,100,228509071.69,3.5
12062,819,8,9,209573802.12,3.5
12063,1256,6,238,727044802.46,12.6
12064,1359,9,221,198876902.16,3.6
12065,3515,13,282,418111831.65,7.0
12066,2439,3,288,1262822038.97,16.5
12067,2514,7,130,191521489.45,3.0
12068,3240,8,324,625962685.74,10.5
12069,2764,9,229,396393063.58,5.4
12070,4778,14,126,769533117.79,10.5
12071,3683,14,329,428363271.73,7.0
12072,3438,15,269,472260300.81,7.0
12073,1035,15,223,2096633913.17,35.0
12074,1956,12,31,824741829.84,13.5
12075,3893,3,209,360750217.13,6.6
12076,4465,6,256,1033695222.29,12.6
12077,1148,14,58,477611352.08,10.5
12078,3028,6,14,626782509.79,8.4
12079,866,5,154,146322041.11,2.5
12080,2589,13,200,2328619881.45,35.0
12081,2051,8,186,462606256.32,7.0
12082,2140,13,240,458744382.0,7.0
12083,636,12,329,1631030235.27,22.5
12084,1984,7,164,835687623.66,15.0
12085,2097,11,7,1033907807.89,15.0
12086,3317,10,273,486611026.8,7.5
12087,2568,12,64,2436475485.41,36.0
12088,3610,7,158,334372163.88,4.5
12089,3048,7,33,188549347.75,3.0
12090,2581,12,93,224464311.67,4.5
12091,4245,9,42,109051991.62,1.8
12092,4534,7,227,176971449.59,3.0
12093,4071,3,154,177557744.25,3.3
12094,553,10,68,185220106.01,3.0
12095,2529,5,256,334625907.85,5.0
12096,4048,7,187,832606882.94,12.0
12097,1108,12,62,1409881530.53,22.5
12098,2524,7,89,501757926.1,7.5
12099,2256,10,271,981653807.34,15.0
12100,1409,5,159,817393805.98,12.5
12101,3835,8,241,432332637.05,7.0
12102,702,11,135,445390453.52,6.0
12103,2219,6,213,1273998311.64,21.0
12104,4994,11,341,208758769.08,3.0
12105,4972,5,289,375013072.08,7.5
12106,1738,11,283,519822820.43,9.0
12107,63,2,164,766248554.38,10.5
12108,3661,6,128,2419807087.01,42.0
12109,3566,6,44,263644944.02,4.2
12110,2834,5,22,152301133.45,2.5
12111,2338,8,127,1887019949.61,35.0
12112,1140,1,284,822541542.34,15.0
12113,1556,9,299,110106431.22,1.8
12114,2736,8,217,1270474744.55,17.5
12115,3509,8,361,389724173.21,7.0
12116,3420,13,52,1175356787.65,17.5
12117,2037,12,50,267249184.9,4.5
12118,2346,13,218,777802945.92,10.5
12119,4918,8,77,695105091.37,10.5
12120,196,6,317,272377514.58,4.2
12121,3413,12,277,1288302731.19,22.5
12122,1239,6,156,235417794.73,4.2
12123,2862,4,299,185992578.74,2.5
12124,626,7,310,289340527.19,4.5
12125,4916,12,245,243119588.08,4.5
12126,979,3,17,221986330.17,3.3
12127,2711,8,72,198236227.28,3.5
12128,73,5,287,1687150494.79,25.0
12129,833,11,270,1306838493.86,15.0
12130,3386,9,196,558733989.15,9.0
12131,4306,11,16,710763415.55,9.0
12132,4710,6,155,2464612432.76,42.0
12133,3232,4,243,1576568230.11,25.0
12134,4503,2,133,791204215.18,10.5
12135,2262,3,343,502556550.72,6.6
12136,4525,10,166,336226734.6,4.5
12137,3464,10,163,92010011.56,1.5
12138,1188,4,272,745926823.67,12.5
12139,4446,6,42,450730849.69,8.4
12140,3855,1,349,201507090.28,3.0
12141,2013,5,339,1512734756.64,25.0
12142,1552,8,291,760570240.65,10.5
12143,92,7,158,93559363.54,1.5
12144,3550,5,191,124737232.1,2.5
12145,1211,6,11,286459067.72,4.2
12146,4139,14,201,1160955701.49,17.5
12147,1777,13,234,1561257726.4,28.0
12148,1697,3,186,1279520285.75,16.5
12149,2895,12,139,633890046.91,9.0
12150,1007,4,46,158382628.4,2.5
12151,1214,5,161,657225168.78,12.5
12152,4366,7,315,286607461.68,4.5
12153,3290,11,326,177319573.53,3.0
12154,3240,14,290,1067162203.11,17.5
12155,1820,4,296,671157169.56,12.5
12156,4729,4,115,169525764.61,2.5
12157,3681,14,73,341019743.44,7.0
12158,4534,8,29,369381935.97,7.0
12159,3319,4,309,1443767620.41,20.0
12160,2273,11,90,2338728171.84,30.0
12161,2337,13,158,414523572.83,7.0
12162,1584,15,242,241438802.16,3.5
12163,1276,14,266,750285974.68,10.5
12164,2584,4,270,502638660.45,7.5
12165,1179,1,325,214448869.85,3.0
12166,3600,6,193,806035901.23,12.6
12167,4032,2,28,407815574.89,7.0
12168,4378,15,240,1269004451.06,17.5
12169,706,1,138,90521150.26,1.5
12170,3415,14,15,804634253.05,17.5
12171,3784,6,47,1230690534.87,21.0
12172,2664,1,93,204476574.28,3.0
12173,1424,14,66,509036789.6,7.0
12174,1664,6,304,481436039.6,8.4
12175,758,15,335,336426960.23,7.0
12176,2852,4,232,833859513.97,12.5
12177,173,4,288,480890315.83,7.5
12178,4507,4,208,428978042.66,5.0
12179,775,1,185,446784377.13,7.5
12180,3702,9,314,229391311.56,3.6
12181,1130,14,77,175597714.79,3.5
12182,961,1,320,115374204.57,1.5
12183,3745,9,69,831568892.32,14.4
12184,170,5,274,436970577.23,7.5
12185,3916,2,159,331323132.85,7.0
12186,143,11,93,426336577.2,6.0
12187,2436,6,337,241244597.09,4.2
12188,1406,1,191,422072612.17,7.5
12189,3147,5,297,695020536.87,12.5
12190,2764,7,83,314528505.21,4.5
12191,421,13,149,389062227.6,7.0
12192,4490,1,326,234450684.24,4.5
12193,3287,14,267,160781300.27,3.5
12194,3647,7,23,359104369.1,4.5
12195,3926,13,273,688644472.87,10.5
12196,3418,4,108,199598469.72,2.5
12197,494,1,349,1088705489.29,15.0
12198,3902,15,338,198729831.83,3.5
12199,4433,12,360,592350110.46,9.0
12200,2144,9,95,99749981.45,1.8
12201,1722,4,258,342135854.43,5.0
12202,1330,15,188,511253771.26,7.0
12203,1000,10,344,490819514.57,7.5
12204,1750,2,292,1070304636.57,17.5
12205,3948,15,124,619374014.03,10.5
12206,1333,14,297,239824976.59,3.5
12207,696,5,297,1405270767.9,20.0
12208,2263,8,323,208794488.87,3.5
12209,3039,9,172,912255940.74,14.4
12210,2578,13,82,452983838.79,7.0
12211,246,5,71,465214045.33,7.5
12212,1500,8,220,412752714.62,7.0
12213,4160,15,61,992929884.56,17.5
12214,415,3,306,397343715.27,6.6
12215,36,7,165,559982310.88,7.5
12216,4204,1,227,87001520.47,1.5
12217,3048,8,284,248484202.98,3.5
12218,4522,10,86,197057954.5,3.0
12219,4417,13,208,1305845131.48,17.5
12220,4222,9,74,121316368.12,1.8
12221,2705,15,330,500868618.38,10.5
12222,2612,12,277,269109355.76,4.5
12223,79,10,263,328828665.33,4.5
12224,737,9,119,214456124.23,3.6
12225,3500,11,29,227560261.52,3.0
12226,19,6,243,650468132.11,12.6
12227,3891,1,282,109930029.89,1.5
12228,1423,7,51,190521347.24,3.0
12229,3279,4,315,1303205651.09,20.0
12230,4444,1,47,530318624.81,7.5
12231,3993,4,83,194131699.85,2.5
12232,1597,10,110,111016407.26,1.5
12233,80,14,220,1767975792.94,28.0
12234,2039,15,295,486623562.37,7.0
12235,1038,12,115,860994898.4,13.5
12236,2778,12,136,612343267.35,9.0
12237,1557,11,337,1423831352.51,24.0
12238,292,14,164,183522557.0,3.5
12239,3014,7,287,222409298.77,3.0
12240,2788,1,162,75439425.75,1.5
12241,4921,11,249,558695910.09,9.0
12242,789,10,219,89208108.38,1.5
12243,1683,3,329,1275218875.69,16.5
12244,4837,3,295,240812026.57,3.3
12245,2347,11,92,193373940.8,3.0
12246,1713,1,307,103432891.16,1.5
12247,1218,2,129,189122084.03,3.5
12248,3506,1,13,172231278.03,3.0
12249,4128,11,259,725320416.85,9.0
12250,1458,7,11,150616604.53,3.0
12251,2038,2,128,453541215.76,7.0
12252,4857,14,32,235821675.82,3.5
12253,42,1,301,193046573.47,3.0
12254,3653,5,231,493931001.66,7.5
12255,4772,6,269,242295023.92,4.2
12256,231,8,334,1877469692.79,35.0
12257,3613,4,247,352352088.49,7.5
12258,1043,10,174,342827955.6,4.5
12259,4398,6,237,1383260068.29,21.0
12260,19,3,257,180335390.76,3.3
12261,3257,7,111,105009907.99,1.5
12262,1409,4,110,327045967.61,5.0
12263,2008,9,97,336490904.47,5.4
12264,4816,5,354,306244929.43,5.0
12265,2676,10,199,385361371.67,7.5
12266,1831,11,175,335470808.86,6.0
12267,1092,10,275,98769183.64,1.5
12268,731,10,167,201185089.07,3.0
12269,2221,3,140,194511554.27,3.3
12270,544,6,233,2750235680.8,33.6
12271,4125,7,101,96160956.4,1.5
12272,479,1,294,268748386.15,4.5
12273,4687,8,81,740376318.27,10.5
12274,2662,10,292,462593147.87,7.5
12275,3002,14,355,469331383.33,7.0
12276,3771,2,301,202333090.33,3.5
12277,542,9,51,114366676.78,1.8
12278,804,11,63,1808881199.1,24.0
12279,2433,5,24,883637673.0,12.5
12280,895,6,231,1975556662.41,33.6
12281,353,3,364,471688714.36,6.6
12282,786,6,120,263315579.49,4.2
12283,2928,10,344,92299168.29,1.5
12284,1269,9,213,1110845101.66,18.0
12285,4789,10,225,1064383006.83,15.0
12286,1436,4,217,280302390.14,5.0
12287,3469,1,179,116167395.97,1.5
12288,3985,6,208,614703205.3,8.4
12289,924,12,203,1453915904.44,22.5
12290,1369,10,90,259378329.33,4.5
12291,2759,2,172,421196595.51,7.0
12292,1314,12,349,2164772112.41,45.0
12293,978,13,102,2364240657.64,35.0
12294,3041,4,129,148435397.01,2.5
12295,3603,7,305,224055944.99,3.0
12296,2065,5,365,549620632.32,7.5
12297,2038,3,324,743281234.52,9.9
12298,3878,6,19,296619531.58,4.2
12299,2977,10,186,336935279.31,4.5
12300,4598,7,155,495939985.79,7.5
12301,3809,9,319,541626641.47,9.0
12302,3849,12,149,1777478035.5,36.0
12303,3643,13,184,1170980330.41,17.5
12304,3552,3,99,548262247.51,9.9
12305,2009,5,205,135418691.24,2.5
12306,3948,4,95,314862873.19,5.0
12307,4291,12,176,883894037.96,13.5
12308,422,9,174,216082857.84,3.6
12309,4958,1,162,248055745.8,4.5
12310,4859,2,174,409146630.6,7.0
12311,3122,7,97,197822685.88,3.0
12312,2998,15,337,218496153.28,3.5
12313,37,10,362,114034187.99,1.5
12314,3035,8,67,365346038.07,7.0
12315,3913,1,357,97172024.7,1.5
12316,3145,15,169,1035691434.62,17.5
12317,634,11,74,230238522.77,3.0
12318,3894,1,196,274805691.21,4.5
12319,2103,15,82,201879452.79,3.5
12320,1347,7,36,1055292247.85,15.0
12321,2484,4,355,953772321.48,12.5
12322,1996,4,147,251045468.23,5.0
12323,838,12,302,674722796.8,13.5
12324,3405,5,217,478146254.25,7.5
12325,2895,6,287,741142361.19,12.6
12326,3923,7,257,579129397.93,7.5
12327,3204,13,264,286203880.69,3.5
12328,3515,1,96,110897922.53,1.5
12329,2438,6,353,2436066247.59,42.0
12330,571,12,197,529931132.38,9.0
12331,4804,2,57,301626975.02,3.5
12332,878,4,303,890007910.89,12.5
12333,1354,8,77,725820466.05,10.5
12334,3401,5,365,986056852.21,12.5
12335,2602,12,26,2403770702.42,36.0
12336,3137,8,195,238635791.31,3.5
12337,719,10,104,319792613.35,4.5
12338,2624,3,74,223159872.87,3.3
12339,3566,6,213,233406347.18,4.2
12340,2395,1,278,215748111.71,3.0
12341,1166,9,75,1008892743.44,14.4
12342,1630,8,207,249044344.52,3.5
12343,1363,5,49,300346388.61,5.0
12344,313,5,302,149229525.92,2.5
12345,11,14,75,1173333987.03,17.5
12346,1267,2,338,749699846.35,10.5
12347,4135,1,55,273543860.38,4.5
12348,2642,15,182,463464009.09,7.0
12349,3355,1,19,211691912.04,3.0
12350,3691,6,17,290049874.99,4.2
12351,295,5,304,917395102.36,12.5
12352,1506,14,267,1177595245.29,17.5
12353,1514,15,287,598349629.41,10.5
12354,307,12,305,622874010.24,13.5
12355,30,5,200,165761949.68,2.5
12356,2008,12,188,276001497.73,4.5
12357,1446,6,68,858356240.55,12.6
12358,1116,8,77,430091523.82,7.0
12359,1262,13,141,464473946.53,7.0
12360,871,3,363,596933321.0,9.9
12361,1224,5,221,289077250.09,5.0
12362,3868,9,227,228684710.79,3.6
12363,1129,3,240,842935770.78,16.5
12364,4700,8,41,227607358.42,3.5
12365,372,11,68,224498387.19,3.0
12366,4483,9,218,362532863.57,5.4
12367,179,9,11,92817782.7,1.8
12368,2213,1,112,292399498.47,4.5
12369,107,13,295,220367820.03,3.5
12370,4353,1,11,104224092.47,1.5
12371,1507,14,298,227546612.28,3.5
12372,4295,10,126,299195090.85,4.5
12373,109,12,26,266166963.42,4.5
12374,4647,13,365,1043405006.77,17.5
12375,4676,15,156,982592284.33,17.5
12376,2377,3,40,1032989547.59,16.5
12377,3579,3,267,1159464398.19,16.5
12378,622,3,227,1625503460.76,26.4
12379,2751,12,340,363641271.62,4.5
12380,239,4,71,506614927.67,7.5
12381,393,13,89,974327899.66,17.5
12382,966,1,197,518133943.88,7.5
12383,2198,9,291,342301597.78,5.4
12384,4184,4,245,189288499.65,2.5
12385,3739,6,76,244991327.9,4.2
12386,1374,6,179,260126876.53,4.2
12387,1546,7,168,141692751.89,3.0
12388,3790,9,7,127789300.74,1.8
12389,2798,3,224,495636246.0,6.6
12390,469,4,2,130905226.62,2.5
12391,761,2,107,203782391.58,3.5
12392,4319,1,36,192120733.37,3.0
12393,1152,1,37,215541189.41,3.0
12394,1257,11,101,220930795.47,3.0
12395,4996,7,85,1024950939.82,15.0
12396,1434,9,233,310229887.44,5.4
12397,1536,14,210,1060435828.04,17.5
12398,3336,2,70,178125199.35,3.5
12399,3790,4,114,478716160.88,7.5
12400,91,1,97,495575013.74,7.5
12401,3901,5,209,198647004.99,2.5
12402,2826,6,140,537259740.02,8.4
12403,1654,8,361,183995123.49,3.5
12404,2730,9,136,377624435.53,5.4
12405,2779,13,247,256563910.74,3.5
12406,618,13,151,683786037.13,10.5
12407,2391,12,270,410276581.64,9.0
12408,908,14,69,207895297.66,3.5
12409,2475,3,4,253701518.49,3.3
12410,2586,2,303,704746157.73,10.5
12411,2277,1,80,273133067.45,4.5
12412,3454,5,360,1875184543.81,25.0
12413,1039,13,342,223824149.6,3.5
12414,3826,13,288,625481060.48,10.5
12415,1499,2,153,892348593.23,10.5
12416,171,15,40,1724084380.91,28.0
12417,4646,9,245,884331747.2,14.4
12418,4172,10,336,313499719.56,4.5
12419,1021,1,319,193287339.56,3.0
12420,4085,3,29,1487271995.43,26.4
12421,3214,13,321,704508597.44,10.5
12422,3354,14,172,1182326192.64,17.5
12423,1618,5,298,346241225.54,5.0
12424,2703,1,237,181964493.23,3.0
12425,4658,4,73,644611205.83,7.5
12426,4778,9,317,412213842.34,5.4
12427,3677,9,295,419472608.07,5.4
12428,3972,5,95,1922960344.91,25.0
12429,4056,12,324,592031794.95,9.0
12430,4995,13,8,743563773.57,10.5
12431,1973,9,56,258749333.76,3.6
12432,4780,2,122,209783920.91,3.5
12433,2101,1,76,227091318.94,4.5
12434,903,7,64,287615652.48,4.5
12435,3047,1,361,309796023.83,4.5
12436,4785,14,240,499760328.52,7.0
12437,3105,2,82,734862381.39,10.5
12438,693,10,285,195589290.08,3.0
12439,939,15,148,1917556301.8,28.0
12440,1548,10,360,352831359.83,4.5
12441,1165,14,210,478724523.7,7.0
12442,3611,7,233,194505469.92,3.0
12443,2822,15,262,460802906.88,7.0
12444,4540,1,333,749417466.64,12.0
12445,1090,8,206,1119088614.3,17.5
12446,1733,13,141,237243408.23,3.5
12447,1437,9,182,331648900.9,5.4
12448,1520,6,165,1254751004.74,21.0
12449,3523,6,90,983046347.55,12.6
12450,1850,8,87,441719821.43,7.0
12451,2733,14,288,1852148728.15,28.0
12452,2406,5,110,197797360.15,2.5
12453,4873,4,203,782819989.33,12.5
12454,52,6,9,237918332.33,4.2
12455,1117,1,93,248625562.04,4.5
12456,3107,2,27,215177204.18,3.5
12457,3735,7,229,490769971.13,7.5
12458,3127,1,10,1182967548.11,15.0
12459,844,7,229,223985457.12,3.0
12460,1438,7,11,221516450.56,3.0
12461,941,14,103,486408240.76,7.0
12462,916,3,94,244511465.92,3.3
12463,979,6,91,1588363571.42,21.0
12464,4140,5,92,333976019.42,5.0
12465,1892,9,144,1241007685.96,18.0
12466,3046,14,331,423980361.52,7.0
12467,4469,9,172,366542134.35,5.4
12468,2001,9,45,125016351.63,1.8
12469,2537,9,14,138718210.15,1.8
12470,4183,10,313,642401373.13,12.0
12471,1514,6,286,273831163.35,4.2
12472,2177,10,103,214634820.19,3.0
12473,939,4,249,1159650238.44,20.0
12474,1251,4,137,1377804371.52,25.0
12475,4394,10,31,92820741.48,1.5
12476,4219,1,250,177473075.34,3.0
12477,1474,5,160,287298900.76,5.0
12478,798,12,237,308691372.48,4.5
12479,1691,8,59,192642358.92,3.5
12480,1697,3,233,268155988.36,3.3
12481,3913,11,5,430117747.52,6.0
12482,4437,14,353,1087447269.17,17.5
12483,437,4,168,409300896.94,7.5
12484,4183,5,278,160344706.62,2.5
12485,166,14,5,233566436.82,3.5
12486,2942,10,101,452779406.95,7.5
12487,3345,11,358,246093367.14,3.0
12488,3053,9,173,150526650.97,1.8
12489,221,3,149,496690162.64,6.6
12490,4535,13,130,1894907432.21,28.0
12491,4325,8,237,224285028.28,3.5
12492,4981,6,231,945495124.88,12.6
12493,4654,3,32,359849110.33,6.6
12494,2555,11,71,458092804.39,9.0
12495,824,3,345,646202113.88,9.9
12496,1121,1,154,849780218.05,12.0
12497,4517,14,357,1518909637.4,17.5
12498,1773,12,344,322705664.47,4.5
12499,4576,4,186,865066465.19,12.5
12500,1637,7,32,896934609.8,12.0
12501,863,1,15,98360237.24,1.5
12502,3965,6,196,2607958893.75,42.0
12503,3012,13,36,774667248.52,10.5
12504,2353,3,295,956513871.78,16.5
12505,3315,8,142,185326644.85,3.5
12506,3557,2,244,616535103.86,10.5
12507,1709,7,342,729832628.1,12.0
12508,1099,1,48,562528244.29,7.5
12509,2029,6,169,909582196.52,12.6
12510,1524,10,245,1170562081.15,15.0
12511,3894,14,49,2358002763.77,35.0
12512,4193,4,259,179379169.0,2.5
12513,4937,14,308,176604355.81,3.5
12514,4107,1,260,309829499.97,4.5
12515,4762,12,362,318433126.83,4.5
12516,1357,12,209,288635788.41,4.5
12517,562,15,124,428879859.12,7.0
12518,2227,6,288,338589340.66,4.2
12519,1073,5,262,144926642.77,2.5
12520,4692,1,5,383758777.88,7.5
12521,1519,4,215,337778418.81,5.0
12522,4329,4,106,417973700.38,7.5
12523,355,1,330,846072235.24,12.0
12524,2108,2,82,224930144.48,3.5
12525,3291,8,72,469973070.59,7.0
12526,4727,12,119,275445852.67,4.5
12527,2618,4,208,399677972.09,7.5
12528,604,10,207,88665329.86,1.5
12529,4302,3,347,2183502485.62,33.0
12530,4947,1,143,174186416.07,3.0
12531,3633,9,164,326752043.66,5.4
12532,1260,1,356,191938290.48,3.0
12533,3910,2,349,1115675976.03,17.5
12534,3079,5,93,880226769.82,12.5
12535,3647,5,5,576124433.76,7.5
12536,3893,15,45,485419464.57,7.0
12537,125,1,275,313081806.92,4.5
12538,1748,14,153,510822329.94,7.0
12539,2884,10,162,337870061.53,4.5
12540,340,4,147,330927339.93,5.0
12541,2302,2,178,705383777.79,10.5
12542,828,9,37,110206582.65,1.8
12543,1551,12,262,925124239.51,13.5
12544,199,11,199,467719842.48,6.0
12545,4813,13,204,426088454.98,7.0
12546,834,8,318,697568506.02,10.5
12547,1319,11,31,490578691.86,9.0
12548,2672,11,145,1584177942.75,24.0
12549,2191,1,145,190234016.96,3.0
12550,4858,3,345,206113576.01,3.3
12551,1707,14,333,652515098.09,10.5
12552,4060,2,341,972127676.94,17.5
12553,2882,7,330,173991749.77,3.0
12554,1706,13,35,409225611.02,7.0
12555,2828,13,302,2273893642.09,35.0
12556,1889,9,260,221857644.58,3.6
12557,2695,6,302,276866412.3,4.2
12558,4959,4,77,151512019.41,2.5
12559,1198,15,33,262773528.88,3.5
12560,1000,7,60,197548754.44,3.0
12561,55,1,335,715728530.6,12.0
12562,3481,4,81,580169267.6,7.5
12563,535,10,245,70726896.8,1.5
12564,3000,6,185,331341210.14,4.2
12565,685,4,251,474158086.42,7.5
12566,964,10,259,297638595.99,4.5
12567,212,12,51,1435035408.14,22.5
12568,4098,15,347,1628017181.22,28.0
12569,151,5,139,457212045.37,7.5
12570,2409,6,329,275122782.22,4.2
12571,4541,11,302,204373968.37,3.0
12572,3541,15,80,492705076.82,7.0
12573,1331,10,351,97968749.96,1.5
12574,3810,11,38,556408265.28,9.0
12575,3253,14,273,749965046.05,10.5
12576,3299,1,112,92025522.41,1.5
12577,832,15,68,516253137.09,7.0
12578,2622,9,113,216305635.42,3.6
12579,4185,7,4,443903562.27,7.5
12580,683,2,246,232806693.56,3.5
12581,959,2,14,1336899220.69,17.5
12582,1345,14,149,521840473.45,7.0
12583,1359,11,62,975919207.89,15.0
12584,2431,8,74,210739648.71,3.5
12585,4370,5,88,149424086.19,2.5
12586,446,12,298,910607173.94,13.5
12587,240,14,295,2468316348.21,35.0
12588,2229,2,242,1257409640.66,17.5
12589,879,14,91,1097301055.96,17.5
12590,2933,6,40,245282741.8,4.2
12591,2347,1,357,183754823.49,3.0
12592,4719,1,365,86737951.53,1.5
12593,747,7,238,117963007.42,1.5
12594,2568,10,346,83246366.09,1.5
12595,1816,3,57,438911496.81,6.6
12596,309,6,296,296813243.38,4.2
12597,1116,10,9,188381574.18,3.0
12598,926,12,360,733883747.36,13.5
12599,1665,9,262,352421064.57,5.4
12600,2744,14,135,628270274.76,10.5
12601,974,11,171,169318782.42,3.0
12602,2486,3,359,1458259545.64,26.4
12603,2814,11,120,342208889.57,6.0
12604,2218,4,167,429739362.03,7.5
12605,3693,10,187,157193914.34,3.0
12606,3225,15,209,188971254.87,3.5
12607,2028,10,219,179707776.27,3.0
12608,1457,3,196,235095432.57,3.3
12609,3847,3,358,758126181.4,9.9
12610,730,3,322,638107219.55,9.9
12611,2083,3,274,197129859.04,3.3
12612,4986,9,201,339791302.9,5.4
12613,3531,9,141,111653702.29,1.8
12614,4532,7,322,572091027.56,7.5
12615,2717,8,219,1133955161.65,17.5
12616,1142,13,298,444807044.86,7.0
12617,1267,7,171,278051598.9,4.5
12618,3932,13,93,682261814.21,10.5
12619,4631,6,258,611417877.84,8.4
12620,2799,5,117,137627838.88,2.5
12621,2196,14,145,1049078677.06,17.5
12622,1667,13,135,960358823.22,17.5
12623,967,10,87,251320378.39,3.0
12624,3900,7,168,234243878.56,3.0
12625,4225,3,270,1151654507.69,16.5
12626,993,8,203,218687411.21,3.5
12627,3861,2,348,1211227700.41,17.5
12628,4479,14,344,649941183.72,10.5
12629,1013,9,199,102154878.03,1.8
12630,2373,11,252,1510587706.96,24.0
12631,3127,8,339,444706698.39,7.0
12632,3110,11,50,972227468.16,15.0
12633,4596,14,293,435486979.95,7.0
12634,2618,3,355,401190108.9,6.6
12635,3358,9,92,231224811.12,3.6
12636,1134,13,104,427262627.78,7.0
12637,4582,3,103,329642600.8,6.6
12638,2235,10,323,401449281.96,4.5
12639,390,14,22,1986111536.33,28.0
12640,3337,5,215,126135893.83,2.5
12641,1998,3,88,197516167.63,3.3
12642,2448,3,232,705066057.96,9.9
12643,467,8,241,460264437.08,7.0
12644,1525,2,107,411375735.59,7.0
12645,3932,5,86,1628302948.51,25.0
12646,1963,3,27,210649492.7,3.3
12647,2175,12,142,809496386.62,13.5
12648,434,5,301,132285406.37,2.5
12649,1640,14,194,266165931.67,3.5
12650,3879,12,275,507306225.56,9.0
12651,4945,7,28,202213175.98,3.0
12652,299,9,219,900701924.89,14.4
12653,4793,8,160,506828770.99,7.0
12654,4908,9,121,760957414.69,14.4
12655,318,11,341,186418139.85,3.0
12656,1011,10,302,85849578.18,1.5
12657,616,5,56,504484404.08,7.5
12658,3028,15,247,817180139.24,10.5
12659,1076,3,88,870527658.7,16.5
12660,2646,15,249,1306325879.16,17.5
12661,2323,13,256,197586119.21,3.5
12662,4806,14,180,1032598443.2,17.5
12663,114,8,6,394392812.97,7.0
12664,4569,5,65,143272357.5,2.5
12665,1292,3,91,247567471.49,3.3
12666,1685,1,106,426004207.8,7.5
12667,648,11,171,452067201.89,6.0
12668,1344,15,336,239709747.56,3.5
12669,4336,3,273,1160799686.05,16.5
12670,660,15,194,499246908.2,7.0
12671,4097,11,186,975065829.92,15.0
12672,914,13,219,641313123.64,10.5
12673,4318,4,164,154561184.82,2.5
12674,3163,10,200,124121188.47,1.5
12675,2565,7,70,977399603.66,15.0
12676,542,1,353,94220721.08,1.5
12677,4358,6,145,287671155.73,4.2
12678,3501,15,71,516453920.98,7.0
12679,3918,1,126,80046656.44,1.5
12680,2367,4,297,833195324.81,12.5
12681,1251,4,350,1668610331.64,25.0
12682,3423,14,229,2107157499.35,28.0
12683,4776,1,219,112254091.73,1.5
12684,3705,5,179,330869607.48,5.0
12685,4626,2,304,386221461.68,7.0
12686,3732,12,327,1660189647.37,22.5
12687,1454,11,144,664349474.7,9.0
12688,106,12,150,278928267.3,4.5
12689,2297,2,150,935319967.67,17.5
12690,4169,15,281,736885988.85,10.5
12691,3353,6,190,912806416.37,21.0
12692,1122,11,124,1409637823.98,24.0
12693,2496,1,280,725420250.22,12.0
12694,3393,8,16,1201803198.14,17.5
12695,620,15,263,228139790.15,3.5
12696,3941,2,344,729622804.81,10.5
12697,1766,4,183,752741953.99,12.5
12698,4036,10,334,117437963.2,1.5
12699,1929,12,357,259159638.86,4.5
12700,2526,12,302,620501374.89,9.0
12701,4954,15,54,211265618.47,3.5
12702,2972,10,159,295842448.0,4.5
12703,2938,15,30,681013858.26,10.5
12704,4968,7,310,162458134.23,3.0
12705,3415,6,284,475309831.0,8.4
12706,132,8,320,1173792326.6,17.5
12707,2323,14,13,201252280.84,3.5
12708,1156,7,282,154315032.26,3.0
12709,4294,13,79,2692698378.78,35.0
12710,2434,15,149,525125091.22,7.0
12711,809,7,303,96661871.31,1.5
12712,4137,3,118,1103477125.36,16.5
12713,3538,13,251,231228269.33,3.5
12714,1499,14,179,403264447.89,7.0
12715,1008,15,295,2219887350.56,35.0
12716,2438,8,151,418128193.23,7.0
12717,783,2,343,332141494.06,7.0
12718,2882,9,316,500151621.48,9.0
12719,2117,3,242,418891417.43,6.6
12720,3210,11,246,550374773.08,9.0
12721,3241,12,98,303571246.53,4.5
12722,495,11,180,412304562.63,6.0
12723,1678,7,339,375175905.5,4.5
12724,390,5,13,1478543811.21,20.0
12725,4334,8,142,2242948980.8,35.0
12726,2151,10,365,175711032.43,3.0
12727,2618,7,88,436196420.93,7.5
12728,437,14,345,175502911.76,3.5
12729,3407,10,265,113730730.4,1.5
12730,3019,10,210,638335563.63,12.0
12731,972,9,290,125801142.15,1.8
12732,3433,8,67,721615060.82,10.5
12733,143,12,158,259518273.08,4.5
12734,4871,9,343,145801258.38,1.8
12735,3956,13,337,1904955886.26,28.0
12736,538,3,303,483079250.7,6.6
12737,4664,7,167,1060144262.68,15.0
12738,4476,15,24,1597360254.5,28.0
12739,4796,14,137,201189824.95,3.5
12740,2040,4,33,1376449609.16,20.0
12741,3136,9,160,228316636.92,3.6
12742,2442,14,189,451045061.76,7.0
12743,394,2,283,417443414.18,7.0
12744,3501,15,219,461031651.25,7.0
12745,4405,11,138,353813259.73,6.0
12746,3370,11,16,482996613.18,9.0
12747,318,15,25,234745891.74,3.5
12748,2028,13,77,431953365.77,7.0
12749,4,7,62,116769228.64,1.5
12750,4372,5,29,153504896.29,2.5
12751,1313,5,267,1972373102.04,25.0
12752,3736,3,351,405270886.64,6.6
12753,3537,9,259,260140901.71,3.6
12754,1571,7,288,86723931.5,1.5
12755,2285,12,223,285837437.05,4.5
12756,2487,7,63,97577511.21,1.5
12757,2210,15,34,1444448819.41,28.0
12758,4832,3,317,267499943.83,3.3
12759,353,5,355,463079676.88,7.5
12760,1106,12,251,2031252504.87,36.0
12761,2844,4,151,1010867973.06,12.5
12762,3530,6,235,344581615.58,4.2
12763,2379,3,129,394458524.1,6.6
12764,1046,3,297,1724648422.65,26.4
12765,620,3,54,473751501.97,9.9
12766,2626,9,104,220912585.52,3.6
12767,4144,6,285,294114426.3,4.2
12768,4049,15,115,1187242332.83,17.5
12769,1725,5,336,140828391.52,2.5
12770,4900,8,5,432608920.83,7.0
12771,2761,14,157,435310461.79,7.0
12772,2581,5,69,524123288.59,7.5
12773,2180,3,77,463041414.08,6.6
12774,3692,1,239,291832810.19,4.5
12775,3170,13,351,1156428042.41,17.5
12776,172,8,220,639475473.1,10.5
12777,2619,11,244,365270763.04,6.0
12778,3796,13,360,579457053.85,10.5
12779,1937,6,176,835333986.28,12.6
12780,3426,3,115,199542222.67,3.3
12781,1178,3,145,235777514.12,3.3
12782,2617,12,89,608208327.08,9.0
12783,271,9,166,131084367.89,1.8
12784,3313,4,8,367238915.62,5.0
12785,3146,15,166,1877140878.79,35.0
12786,1215,3,324,513087875.73,6.6
12787,1805,9,336,131593398.64,1.8
12788,3669,7,49,265385692.31,4.5
12789,2778,11,152,385741644.28,6.0
12790,941,11,304,582836796.04,9.0
12791,829,15,357,1718010737.66,28.0
12792,533,13,46,546331153.89,7.0
12793,844,11,105,1030384677.12,15.0
12794,3647,3,362,653365832.55,9.9
12795,267,3,249,409128145.25,6.6
12796,1344,10,185,93257038.38,1.5
12797,167,14,285,420558424.27,7.0
12798,1800,14,230,212737204.43,3.5
12799,1927,8,347,918181729.77,17.5
12800,4521,12,111,1716261558.26,22.5
12801,2583,9,124,213230503.58,3.6
12802,685,11,153,388372461.0,6.0
12803,686,15,171,242658316.73,3.5
12804,3221,15,276,744609998.08,10.5
12805,3536,1,183,310839327.26,4.5
12806,4512,8,125,664936711.75,10.5
12807,1534,9,22,315848773.18,3.6
12808,2272,14,233,736754948.16,10.5
12809,1942,13,297,2035088037.68,28.0
12810,1887,1,97,324983299.14,4.5
12811,3524,11,158,1124775264.09,15.0
12812,3826,7,335,902103803.92,15.0
12813,1625,4,77,1498862267.33,25.0
12814,1813,9,233,126527242.24,1.8
12815,3839,7,100,880048307.58,12.0
12816,1719,4,25,358256079.33,5.0
12817,1219,15,199,1096504841.66,17.5
12818,2505,14,87,196071596.69,3.5
12819,4262,11,210,316453877.94,6.0
12820,3728,9,32,691501434.83,9.0
12821,3189,15,222,253192126.67,3.5
12822,3654,10,336,452436471.62,7.5
12823,3544,3,220,2416023145.81,33.0
12824,944,4,178,1439838039.14,20.0
12825,4845,11,147,913708871.61,15.0
12826,3044,1,183,303239936.6,4.5
12827,183,10,95,102838613.92,1.5
12828,286,13,99,181784687.16,3.5
12829,3668,5,352,178077287.08,2.5
12830,1511,7,106,307553238.03,4.5
12831,209,12,314,491602757.39,9.0
12832,2236,12,363,729827277.44,13.5
12833,175,6,74,443016226.39,8.4
12834,2531,11,269,190127080.27,3.0
12835,3136,8,277,2109928455.63,35.0
12836,3631,2,90,1090760428.9,17.5
12837,4718,13,261,333169641.46,7.0
12838,1344,5,198,145953001.65,2.5
12839,3651,8,27,220119262.27,3.5
12840,4639,6,64,541712951.65,8.4
12841,3284,10,316,287726150.4,4.5
12842,75,7,181,114376559.93,1.5
12843,4893,1,180,273835139.77,4.5
12844,1111,13,202,628637435.58,10.5
12845,1416,6,319,561039985.9,8.4
12846,835,1,34,175315323.1,3.0
12847,1544,9,203,286710519.25,3.6
12848,1359,3,179,1905712151.45,33.0
12849,1916,3,290,240514916.23,3.3
12850,3860,15,187,799332834.03,10.5
12851,3242,8,278,1752035598.8,28.0
12852,3421,3,346,172411480.46,3.3
12853,4331,13,31,471791413.24,7.0
12854,4622,3,154,414759714.57,6.6
12855,409,10,270,532302259.45,7.5
12856,611,7,51,268568227.44,4.5
12857,4219,9,348,224931636.84,3.6
12858,234,2,361,618556255.34,10.5
12859,633,11,348,612835328.92,9.0
12860,4771,9,324,115203124.66,1.8
12861,1012,9,1,898077946.1,14.4
12862,1478,10,20,268048896.2,4.5
12863,1945,5,41,1726464402.98,25.0
12864,1040,6,171,1206009576.88,21.0
12865,4896,12,33,2074562437.98,36.0
12866,829,7,169,277671772.6,4.5
12867,387,13,71,403193468.18,7.0
12868,1525,9,352,340026283.44,5.4
12869,3106,6,65,1677655292.82,21.0
12870,3194,1,274,216976663.18,3.0
12871,3654,7,276,201026266.33,3.0
12872,471,13,278,668602265.95,10.5
12873,749,6,357,437066114.11,8.4
12874,944,6,309,1579685734.43,21.0
12875,4231,15,237,257116211.0,3.5
12876,3485,5,189,163507278.13,2.5
12877,3553,9,280,298941110.91,3.6
12878,213,9,365,118003524.78,1.8
12879,657,15,98,813741963.54,10.5
12880,468,14,294,2429000708.81,35.0
12881,3712,9,8,107665265.56,1.8
12882,28,11,272,193904483.35,3.0
12883,3227,4,102,581610092.95,7.5
12884,1100,4,324,1507182733.48,25.0
12885,2475,4,129,375479786.25,5.0
12886,2122,1,184,87713676.81,1.5
12887,3372,13,26,983975477.53,17.5
12888,436,5,43,657339791.44,12.5
12889,1917,3,70,225011578.18,3.3
12890,1383,1,149,89759956.07,1.5
12891,1160,8,165,471021567.6,7.0
12892,1604,5,54,321023031.22,5.0
12893,4309,4,364,326998783.47,5.0
12894,4695,3,29,716889464.82,9.9
12895,1549,12,216,2103096856.04,36.0
12896,3368,9,235,408498387.33,5.4
12897,3684,13,131,621296928.9,10.5
12898,58,12,33,1384910925.09,22.5
12899,631,2,30,1214138751.45,17.5
12900,2516,12,78,278264985.97,4.5
12901,619,8,171,441186020.0,7.0
12902,2864,6,340,246621427.53,4.2
12903,4870,12,122,301048409.71,4.5
12904,3225,3,326,378184788.11,6.6
12905,1373,1,333,333962937.09,4.5
12906,3499,3,76,189087785.56,3.3
12907,2932,1,361,286532316.95,4.5
12908,17,1,364,324695567.08,4.5
12909,3976,15,193,1800848587.69,28.0
12910,741,11,231,326133061.79,6.0
12911,4314,12,85,1504501724.06,22.5
12912,1185,6,37,624455346.19,12.6
12913,3182,2,138,363473756.73,7.0
12914,3164,12,106,574625795.0,9.0
12915,1832,13,285,785231248.98,10.5
12916,175,1,318,215278618.81,3.0
12917,464,5,260,784379909.82,12.5
12918,4994,5,238,1951018661.76,25.0
12919,3741,14,26,1959031706.01,28.0
12920,4131,11,331,355864686.82,6.0
12921,1937,15,129,506487591.61,7.0
12922,4888,3,212,655757463.72,9.9
12923,1808,5,128,297805573.45,5.0
12924,4591,5,242,1375187557.0,25.0
12925,4460,12,138,1375295409.23,22.5
12926,3579,13,66,705834074.09,10.5
12927,4870,12,1,494270135.03,9.0
12928,265,12,31,700364684.48,13.5
12929,2350,1,14,255322090.89,4.5
12930,690,8,176,265569981.48,3.5
12931,2911,10,343,476971140.24,7.5
12932,1087,5,109,402176766.66,7.5
12933,4770,12,220,342023952.58,4.5
12934,4355,6,148,262600284.88,4.2
12935,961,6,236,870448963.24,12.6
12936,1925,5,156,556676173.5,12.5
12937,3963,10,225,120570366.59,1.5
12938,2419,2,318,382922375.57,7.0
12939,4012,1,23,861666022.29,15.0
12940,3781,7,20,224080877.13,3.0
12941,4628,10,312,548434095.75,7.5
12942,787,15,151,393953566.67,7.0
12943,3137,15,27,241593882.45,3.5
12944,899,10,19,256116880.26,4.5
12945,2622,8,48,413740800.65,7.0
12946,2637,15,274,478367000.84,7.0
12947,937,15,245,251750048.0,3.5
12948,1075,1,346,92220676.41,1.5
12949,2610,10,104,476238774.31,7.5
12950,3490,5,255,851632658.32,12.5
12951,4329,2,180,404239849.84,7.0
12952,36,13,162,499182623.28,7.0
12953,369,15,352,229173066.43,3.5
12954,2297,13,330,1052063625.5,17.5
12955,4853,6,86,3132941821.99,42.0
12956,3826,11,122,1531092279.59,24.0
12957,4410,11,8,175152573.06,3.0
12958,4373,9,247,267830018.1,3.6
12959,3238,8,110,2178585704.92,35.0
12960,430,13,10,432848138.6,7.0
12961,778,5,108,474346866.14,7.5
12962,4893,9,264,1051323714.42,18.0
12963,16,11,276,1939123262.66,24.0
12964,46,10,87,281537234.8,4.5
12965,3033,5,318,272460674.59,5.0
12966,1588,15,361,610661354.65,10.5
12967,560,13,160,1087604924.57,17.5
12968,3731,2,114,196122323.7,3.5
12969,4150,12,55,3177396814.67,45.0
12970,4645,13,100,394761688.18,7.0
12971,1923,10,148,694310100.12,12.0
12972,3169,1,289,196580565.44,3.0
12973,2706,12,276,879186191.75,13.5
12974,1991,10,61,253446231.69,3.0
12975,1691,1,95,93344379.07,1.5
12976,3645,7,149,497139028.67,7.5
12977,1134,8,268,445197956.0,7.0
12978,4415,12,294,1807423481.62,22.5
12979,787,2,314,196594907.88,3.5
12980,4085,15,8,1804755658.47,28.0
12981,3515,5,257,511617677.46,7.5
12982,3420,10,88,966037979.68,15.0
12983,1805,2,318,545009916.06,10.5
12984,4786,6,198,484551720.52,8.4
12985,3308,15,27,1125310463.89,17.5
12986,1777,15,323,668319318.08,10.5
12987,4292,4,230,885034234.72,12.5
12988,4956,9,151,114919755.77,1.8
12989,4382,15,323,559179797.08,10.5
12990,2662,15,208,374948921.14,7.0
12991,810,13,359,261347503.78,3.5
12992,2791,4,73,173471309.16,2.5
12993,3043,15,195,734108204.93,10.5
12994,4803,10,275,819143109.44,12.0
12995,3355,2,264,438481262.48,7.0
12996,905,13,196,491708179.26,7.0
12997,2914,6,361,265854090.11,4.2
12998,1803,6,219,475355722.46,8.4
12999,1631,15,4,270893021.57,3.5
13000,3115,12,76,2698450804.44,45.0
13001,3376,3,189,475301664.44,6.6
13002,616,14,273,449804540.87,7.0
13003,718,7,160,408500796.85,7.5
13004,3646,11,340,171303393.34,3.0
13005,1076,14,39,356912322.03,7.0
13006,4266,7,321,930169608.91,15.0
13007,2328,14,34,1861797657.91,28.0
13008,4947,12,125,2700311077.75,45.0
13009,1761,7,165,228080221.88,3.0
13010,3058,5,56,323666065.3,5.0
13011,2211,5,232,166061992.02,2.5
13012,2749,1,30,204589588.79,3.0
13013,1913,2,32,195126953.6,3.5
13014,4960,15,221,461571131.54,7.0
13015,4576,10,205,192466769.19,3.0
13016,674,5,120,1118016491.38,20.0
13017,2136,6,187,2154117351.0,33.6
13018,2164,15,109,704298705.16,10.5
13019,1018,10,197,97855824.11,1.5
13020,666,10,187,762218398.19,12.0
13021,2083,1,269,448733083.48,7.5
13022,276,5,45,325313284.95,5.0
13023,1016,6,117,828397908.89,12.6
13024,1509,2,17,296734366.23,3.5
13025,3534,7,307,199535897.8,3.0
13026,3539,12,255,798607623.96,13.5
13027,3693,14,275,453005042.75,7.0
13028,2617,10,309,340849483.81,4.5
13029,833,4,189,171012031.36,2.5
13030,4710,14,361,601531655.87,10.5
13031,985,6,300,298245180.28,4.2
13032,3091,9,140,921215324.85,14.4
13033,1874,5,125,342651841.11,5.0
13034,4815,5,112,126444385.84,2.5
13035,1520,3,241,376862277.06,6.6
13036,2382,14,3,206527918.62,3.5
13037,1479,6,304,2288507641.3,33.6
13038,2543,12,160,933426763.87,13.5
13039,2616,13,65,1180284046.24,17.5
13040,3073,7,176,173141525.31,3.0
13041,3377,11,50,246733198.42,3.0
13042,1665,4,250,151688198.55,2.5
13043,592,12,351,856354126.42,13.5
13044,2304,13,282,433239904.48,7.0
13045,4028,14,230,2204477950.08,35.0
13046,3197,1,138,86994597.59,1.5
13047,4522,8,312,513025613.73,7.0
13048,4204,4,323,138299681.16,2.5
13049,4851,5,13,159012712.68,2.5
13050,3317,1,290,89526008.08,1.5
13051,1037,15,16,649621819.34,10.5
13052,4534,13,115,215070552.21,3.5
13053,1837,2,53,480439498.04,7.0
13054,3589,12,169,1634971230.74,22.5
13055,4023,12,273,280288524.6,4.5
13056,2796,8,56,685363841.39,10.5
13057,3208,3,192,1611899706.04,26.4
13058,1727,12,6,321549248.8,4.5
13059,1810,13,56,397627077.58,7.0
13060,636,12,42,312317236.71,4.5
13061,2955,9,349,116485787.44,1.8
13062,1064,14,116,2209330318.42,28.0
13063,168,3,143,354397097.52,6.6
13064,1865,1,253,82419512.52,1.5
13065,1591,10,238,783488768.69,12.0
13066,4014,9,67,219750984.52,3.6
13067,3566,13,73,187357305.25,3.5
13068,859,12,351,2000443378.86,36.0
13069,3571,11,336,460174492.04,9.0
13070,323,14,143,206595908.11,3.5
13071,2368,11,182,1206082621.38,15.0
13072,1827,6,79,532814374.11,8.4
13073,1792,9,295,359657124.09,5.4
13074,4342,5,359,124555724.79,2.5
13075,2315,13,207,474691020.26,7.0
13076,3518,5,79,422807070.93,7.5
13077,4321,7,263,295290283.04,4.5
13078,1178,8,318,2477340099.12,35.0
13079,7,10,215,78845045.4,1.5
13080,4367,4,72,397216694.64,7.5
13081,1095,6,244,546137052.83,8.4
13082,1391,11,60,401413749.51,6.0
13083,3354,10,120,450547591.17,7.5
13084,4502,4,180,141726358.89,2.5
13085,2372,7,99,396769040.16,7.5
13086,2333,1,83,518751889.18,7.5
13087,119,3,236,193642424.66,3.3
13088,4689,13,323,825683111.99,10.5
13089,3411,1,318,532734239.86,7.5
13090,3306,3,68,670395870.08,9.9
13091,4911,12,185,1232181672.77,22.5
13092,3706,3,19,371352945.29,6.6
13093,513,11,147,1553897714.77,24.0
13094,3621,14,190,407088290.99,7.0
13095,4423,11,260,203366794.07,3.0
13096,174,11,361,381443680.13,6.0
13097,4573,7,320,97392683.81,1.5
13098,3578,3,206,189204124.71,3.3
13099,1261,2,94,711009545.59,10.5
13100,3920,15,281,425717604.04,7.0
13101,1744,7,50,244783449.22,4.5
13102,2216,13,349,167950551.21,3.5
13103,2441,15,28,2095064163.13,35.0
13104,217,6,246,631394747.5,8.4
13105,1573,8,190,676797023.78,10.5
13106,206,13,18,435223498.61,7.0
13107,2643,3,29,385905130.23,6.6
13108,2887,9,294,366233121.83,5.4
13109,1319,8,82,916766878.82,17.5
13110,4957,9,362,106069046.69,1.8
13111,3669,13,5,1049704647.84,17.5
13112,4944,3,112,394147293.34,6.6
13113,652,8,172,1377766443.26,17.5
13114,1475,4,102,404409908.71,7.5
13115,567,2,310,1243665040.69,17.5
13116,2823,3,84,190633692.56,3.3
13117,4096,13,298,234898913.85,3.5
13118,4382,4,262,244334379.28,5.0
13119,4098,2,184,1002699383.19,17.5
13120,1446,11,182,253149852.59,3.0
13121,4738,4,238,183715704.12,2.5
13122,329,15,146,154911888.69,3.5
13123,2293,15,140,236532896.21,3.5
13124,1567,2,227,211388180.22,3.5
13125,416,15,168,936070511.89,17.5
13126,3791,13,168,213170645.41,3.5
13127,4365,12,258,289240065.85,4.5
13128,221,1,317,219679881.0,3.0
13129,2295,14,236,452727547.73,7.0
13130,2407,9,343,505934863.37,9.0
13131,1131,6,233,288961813.13,4.2
13132,785,9,39,247510685.48,3.6
13133,3722,3,310,480473058.02,6.6
13134,4048,9,174,123041218.23,1.8
13135,1529,5,169,641376435.6,12.5
13136,665,2,36,1217429403.25,17.5
13137,787,14,300,635404581.07,10.5
13138,1659,8,18,241335068.63,3.5
13139,4661,8,352,1823587271.01,35.0
13140,2061,6,20,537200960.54,8.4
13141,4447,2,339,249988783.27,3.5
13142,2959,6,109,843368081.27,12.6
13143,4357,15,43,201289357.37,3.5
13144,607,13,47,685410455.82,10.5
13145,4357,4,144,139054618.56,2.5
13146,4539,13,99,217976791.39,3.5
13147,974,2,339,422508055.34,7.0
13148,2827,1,261,409468225.73,7.5
13149,2646,4,110,303022340.6,5.0
13150,162,10,325,229281900.2,3.0
13151,4327,14,189,269400292.87,3.5
13152,1802,4,240,1494566132.92,25.0
13153,81,13,301,223648466.47,3.5
13154,3522,3,57,271009947.32,3.3
13155,4358,2,253,518020717.77,7.0
13156,2822,9,341,878049717.65,14.4
13157,2863,11,51,409039079.04,6.0
13158,1473,8,279,443057472.15,7.0
13159,2700,13,341,200637402.52,3.5
13160,3937,9,235,141628867.99,1.8
13161,240,10,252,211097056.18,3.0
13162,3732,5,159,1324184221.24,20.0
13163,3033,2,254,200311157.6,3.5
13164,918,12,284,736328109.12,13.5
13165,4210,11,51,360998551.24,6.0
13166,3508,12,230,2728058104.25,45.0
13167,410,2,69,264909454.18,3.5
13168,3385,15,356,395909360.27,7.0
13169,2216,10,50,919008190.57,15.0
13170,253,6,189,1260636487.42,21.0
13171,3937,13,286,459694053.77,7.0
13172,1493,12,208,1276858783.54,22.5
13173,4532,3,66,226554648.02,3.3
13174,3937,4,124,198298587.19,2.5
13175,4484,8,191,1809143929.17,28.0
13176,4055,15,330,230321210.44,3.5
13177,1460,4,322,158380863.84,2.5
13178,4129,5,219,368780554.96,5.0
13179,2723,13,133,768695169.71,10.5
13180,4356,9,19,552667985.41,9.0
13181,4736,10,106,178445937.03,3.0
13182,3438,8,355,483785080.63,7.0
13183,560,3,210,158340905.43,3.3
13184,2108,6,166,454220706.36,8.4
13185,2689,11,214,186367458.41,3.0
13186,365,10,192,174984869.34,3.0
13187,2660,2,336,403553831.05,7.0
13188,875,11,130,180386925.61,3.0
13189,1280,15,332,427550616.79,7.0
13190,1495,6,115,1402167626.2,21.0
13191,3169,7,15,123842215.75,1.5
13192,436,8,123,260532762.24,3.5
13193,4717,15,49,223371314.61,3.5
13194,3531,8,135,653775388.13,10.5
13195,1434,11,361,919671857.71,15.0
13196,3996,5,74,968370244.24,12.5
13197,130,14,42,590551629.46,10.5
13198,4635,7,45,866223903.92,15.0
13199,2946,2,17,242256753.13,3.5
13200,388,12,208,763462123.86,13.5
13201,2097,12,179,313765563.24,4.5
13202,2277,4,277,188243203.59,2.5
13203,1351,8,223,499011457.13,7.0
13204,265,4,145,464975819.72,7.5
13205,717,12,243,424925766.15,9.0
13206,3684,13,35,561967487.47,7.0
13207,208,14,243,417514739.05,7.0
13208,773,8,31,217235953.25,3.5
13209,4180,12,12,821920939.95,13.5
13210,3695,11,39,396102908.78,6.0
13211,3712,15,268,1226015636.44,17.5
13212,3151,9,360,221997357.3,3.6
13213,4625,6,104,1582628137.3,21.0
13214,813,15,194,528810788.68,7.0
13215,3495,2,285,1012677052.3,17.5
13216,1332,5,38,159710084.93,2.5
13217,3413,10,316,235478644.93,3.0
13218,4116,13,204,1182181799.94,17.5
13219,2408,10,78,84806519.61,1.5
13220,4283,14,285,239910171.76,3.5
13221,3227,12,263,360119843.1,4.5
13222,2662,11,169,379041924.38,6.0
13223,1245,1,126,90493804.81,1.5
13224,4616,3,254,357054185.41,6.6
13225,4774,5,107,173455412.73,2.5
13226,4222,11,135,187332131.26,3.0
13227,20,1,129,734117831.9,12.0
13228,3469,13,24,250859665.8,3.5
13229,3111,8,322,359275756.4,7.0
13230,2517,3,25,321525179.23,6.6
13231,1776,15,311,278638956.43,3.5
13232,4219,14,339,1102160999.84,17.5
13233,185,15,164,260516956.18,3.5
13234,3877,2,363,197918101.43,3.5
13235,1165,11,327,473176160.09,9.0
13236,3503,15,86,1316622358.78,17.5
13237,4860,9,121,1100009782.35,14.4
13238,4950,1,41,347125201.86,4.5
13239,4938,2,19,518176120.84,7.0
13240,3996,13,227,518040217.16,7.0
13241,2428,8,140,425960120.33,7.0
13242,4023,13,359,397339643.13,7.0
13243,1897,12,139,873781495.37,13.5
13244,1288,7,295,85444378.78,1.5
13245,1208,2,174,567059070.89,7.0
13246,3141,7,296,250824823.81,3.0
13247,275,7,54,77252692.36,1.5
13248,2028,7,98,181376981.7,3.0
13249,5,3,262,2196416054.53,33.0
13250,4425,5,110,501438713.16,7.5
13251,3562,7,237,83895869.78,1.5
13252,2550,3,25,2606260980.15,33.0
13253,420,8,121,294732628.86,3.5
13254,2896,9,49,339688937.01,5.4
13255,4352,7,219,96899322.64,1.5
13256,1793,1,233,98057751.55,1.5
13257,407,6,79,521643188.19,8.4
13258,4206,11,126,442749138.48,6.0
13259,664,15,163,219055028.22,3.5
13260,347,7,341,80441058.8,1.5
13261,2569,14,337,539318408.95,7.0
13262,1811,3,16,202129894.31,3.3
13263,2930,8,346,203983846.76,3.5
13264,2280,2,156,1695026039.05,28.0
13265,1575,12,233,563703999.24,9.0
13266,825,3,142,992659785.86,16.5
13267,4164,5,211,359666450.37,5.0
13268,3193,5,287,669732019.11,12.5
13269,941,3,147,534720418.7,9.9
13270,2436,3,140,447857514.55,6.6
13271,271,4,340,319664190.21,5.0
13272,2401,8,173,2045339099.4,28.0
13273,2229,7,291,92836675.88,1.5
13274,4397,15,274,2332931107.64,35.0
13275,4785,11,246,182504351.83,3.0
13276,300,12,13,665203668.39,13.5
13277,1806,9,212,226126903.53,3.6
13278,1814,4,185,174007098.34,2.5
13279,3852,13,277,2469222587.34,35.0
13280,3562,13,77,227225272.67,3.5
13281,1546,11,263,1725925677.3,30.0
13282,1991,4,250,162603805.38,2.5
13283,2000,1,281,105592566.08,1.5
13284,1381,7,108,191037408.72,3.0
13285,364,1,230,272064467.32,4.5
13286,374,5,75,282770164.98,5.0
13287,881,1,207,1057668602.48,15.0
13288,4703,11,256,221565090.9,3.0
13289,3316,14,140,419899377.11,7.0
13290,2773,11,9,789418078.67,15.0
13291,452,15,64,662762421.88,10.5
13292,976,2,355,374101400.61,7.0
13293,2940,12,175,563342765.06,9.0
13294,895,8,318,689316054.03,10.5
13295,2668,12,37,874675293.0,13.5
13296,1410,4,73,302061899.63,5.0
13297,3955,4,188,339818165.32,5.0
13298,4397,15,139,1103751644.01,17.5
13299,1394,9,198,135514928.21,1.8
13300,4324,10,358,435545583.4,7.5
13301,4776,7,313,193673261.11,3.0
13302,3106,2,10,1928010997.57,28.0
13303,1683,4,318,180418698.64,2.5
13304,488,10,293,523856612.37,7.5
13305,288,3,311,1980186074.7,33.0
13306,4498,14,10,1791179463.83,35.0
13307,3127,9,248,1106167920.19,18.0
13308,2065,8,154,728868672.23,10.5
13309,4259,6,113,827251448.61,12.6
13310,2304,8,167,213830147.99,3.5
13311,1170,11,103,1598988994.62,24.0
13312,4837,14,202,519607018.5,7.0
13313,3647,15,326,738894776.75,10.5
13314,4302,15,223,243115264.74,3.5
13315,2444,8,314,465542328.18,7.0
13316,4289,7,346,105830896.07,1.5
13317,670,11,67,2211770549.32,30.0
13318,3214,15,354,788412652.75,10.5
13319,485,11,94,1614357558.86,24.0
13320,4821,14,338,1420940244.15,17.5
13321,2950,9,360,525910495.48,9.0
13322,4823,3,159,963732991.92,16.5
13323,1335,2,141,568404029.68,7.0
13324,1671,9,122,193031014.22,3.6
13325,2446,11,164,221089664.09,3.0
13326,849,11,109,193800930.22,3.0
13327,4823,5,229,1590857123.38,25.0
13328,4533,11,34,2369186276.29,30.0
13329,2720,3,22,2007889768.54,26.4
13330,4313,14,278,261560827.06,3.5
13331,471,1,266,246006325.15,4.5
13332,1994,10,5,272956273.47,4.5
13333,2979,4,234,1911475478.32,25.0
13334,1393,2,95,602855167.58,10.5
13335,2278,1,110,1113296749.91,15.0
13336,1767,5,69,547503536.33,7.5
13337,3901,13,39,214577904.19,3.5
13338,4658,7,355,612924087.8,7.5
13339,1081,12,365,2744899157.17,45.0
13340,1865,13,226,457663132.96,7.0
13341,622,4,130,162572563.11,2.5
13342,2458,15,112,244523155.49,3.5
13343,869,13,207,1539850093.17,28.0
13344,926,7,94,290706558.01,4.5
13345,4796,9,183,334349439.64,5.4
13346,1160,1,204,212506537.36,3.0
13347,3064,15,238,404445950.63,7.0
13348,1306,13,247,227497917.56,3.5
13349,863,3,22,477043214.39,6.6
13350,3771,12,261,300908419.55,4.5
13351,2284,12,301,225040387.86,4.5
13352,4347,15,48,467023296.14,7.0
13353,4647,10,225,514173437.44,7.5
13354,3373,7,195,463749306.66,7.5
13355,309,7,318,107583724.78,1.5
13356,3959,3,85,1024001433.31,16.5
13357,4895,9,37,131773388.06,1.8
13358,367,1,40,98861184.86,1.5
13359,4452,13,97,706286822.77,10.5
13360,1335,5,336,919432554.25,12.5
13361,2280,3,133,1164375128.75,16.5
13362,3589,1,149,302626016.32,4.5
13363,939,4,84,367256640.48,5.0
13364,2824,14,26,488711241.32,7.0
13365,4501,5,222,615997945.76,7.5
13366,3384,5,297,171425062.35,2.5
13367,120,14,194,225770241.69,3.5
13368,2743,14,187,542124483.93,10.5
13369,4081,5,194,165656413.32,2.5
13370,1566,8,330,829252109.82,10.5
13371,2731,1,316,849454700.27,15.0
13372,3551,6,291,1935972753.47,33.6
13373,1442,2,298,494685350.56,7.0
13374,2361,7,193,81187300.94,1.5
13375,2890,1,206,278909759.93,4.5
13376,1956,11,22,369470576.3,6.0
13377,2133,2,196,1015425895.99,17.5
13378,4535,14,177,742069426.01,10.5
13379,555,12,355,681055271.51,9.0
13380,3536,12,56,2952770651.21,36.0
13381,4163,15,308,2461426464.08,35.0
13382,1363,11,193,188484238.76,3.0
13383,1615,9,19,401603115.16,5.4
13384,670,5,235,344885003.12,5.0
13385,159,3,164,927896167.07,16.5
13386,2097,10,259,500591640.86,7.5
13387,3656,12,333,255295081.8,4.5
13388,2143,7,59,308132521.6,4.5
13389,4997,15,336,244455065.46,3.5
13390,1958,5,57,492708281.58,7.5
13391,585,8,61,211990530.09,3.5
13392,1810,6,95,247771432.09,4.2
13393,3055,2,77,200878501.25,3.5
13394,4940,3,227,1000357426.84,16.5
13395,4996,10,356,325823859.05,4.5
13396,4799,6,248,616346945.15,8.4
13397,1084,5,360,177362743.66,2.5
13398,4858,10,6,294153836.29,4.5
13399,2810,5,132,162482966.55,2.5
13400,4956,7,171,200125224.65,3.0
13401,4487,7,338,342608366.06,4.5
13402,3903,2,306,676509667.65,10.5
13403,587,13,260,183248236.2,3.5
13404,2175,6,153,1300341723.19,21.0
13405,4623,12,286,1499857118.22,22.5
13406,969,15,302,637799336.33,10.5
13407,1986,4,312,328984160.97,5.0
13408,4216,7,18,335161137.98,4.5
13409,248,5,173,145484185.75,2.5
13410,4814,2,146,1193526370.15,17.5
13411,2271,14,336,646018362.1,10.5
13412,1421,4,361,1386321645.39,20.0
13413,374,6,229,1294302423.64,21.0
13414,3983,6,142,1241818097.8,21.0
13415,1470,12,355,329142745.96,4.5
13416,2339,9,123,395779428.57,5.4
13417,4651,4,164,1264328788.99,20.0
13418,4022,2,207,776582566.91,10.5
13419,4668,6,172,234836060.15,4.2
13420,3197,9,128,119481463.63,1.8
13421,4852,6,67,233260104.21,4.2
13422,756,15,69,193484035.65,3.5
13423,2942,1,221,311610795.58,4.5
13424,1591,14,134,992573998.83,17.5
13425,4631,1,112,220544279.23,3.0
13426,4719,1,62,96367008.39,1.5
13427,690,8,176,1366079941.21,17.5
13428,3600,6,330,505466635.73,8.4
13429,48,8,118,1280134276.56,17.5
13430,2796,6,39,1280951454.4,21.0
13431,1416,3,139,1460423722.53,26.4
13432,1373,15,38,2574356203.76,35.0
13433,4420,3,98,475841143.8,6.6
13434,1372,5,310,365738172.31,5.0
13435,1036,9,298,1065042000.19,18.0
13436,1329,1,3,177462822.89,3.0
13437,3609,9,129,218944587.63,3.6
13438,242,10,323,916064355.09,12.0
13439,4650,8,143,1453527156.17,28.0
13440,1111,8,242,1110143549.99,17.5
13441,1421,10,205,192139264.65,3.0
13442,2106,10,51,200373425.91,3.0
13443,1115,1,294,194106806.37,3.0
13444,4019,14,159,440690796.65,7.0
13445,1982,7,295,166704570.38,3.0
13446,564,8,257,738793479.84,10.5
13447,3383,15,240,617054620.02,10.5
13448,1798,8,211,757035402.17,10.5
13449,4903,1,171,187869971.79,3.0
13450,867,9,244,610521044.72,9.0
13451,1544,9,242,238775817.17,3.6
13452,1501,6,292,754149477.72,12.6
13453,2095,10,90,181131562.19,3.0
13454,4235,3,167,238062927.49,3.3
13455,4085,3,165,222134815.51,3.3
13456,1740,2,130,430299414.29,7.0
13457,480,13,146,645554952.68,10.5
13458,4631,14,224,294527995.7,3.5
13459,1652,6,354,958535259.42,12.6
13460,2649,3,95,961292299.96,16.5
13461,3814,1,108,104453107.59,1.5
13462,4944,3,332,214909034.95,3.3
13463,2186,8,148,444990598.45,7.0
13464,2264,5,280,333155037.1,5.0
13465,207,12,172,563055351.4,9.0
13466,2241,9,195,232202488.89,3.6
13467,4354,11,310,424749809.22,6.0
13468,3524,7,162,624756607.16,12.0
13469,2523,13,281,444578811.54,7.0
13470,1986,7,79,1036149469.21,15.0
13471,1598,8,185,465603534.96,7.0
13472,3696,9,267,281095718.65,5.4
13473,301,13,225,225110679.44,3.5
13474,1844,8,351,666275959.77,10.5
13475,732,13,10,199183918.1,3.5
13476,4781,9,75,270907419.7,5.4
13477,3701,5,351,338144071.39,5.0
13478,2090,13,54,184744106.93,3.5
13479,505,15,131,626076763.19,10.5
13480,2372,12,308,807295034.56,13.5
13481,1761,7,40,500778534.16,7.5
13482,854,12,295,610920022.0,9.0
13483,807,12,214,860514871.6,13.5
13484,2683,9,339,119578294.86,1.8
13485,3671,4,4,1593982175.99,25.0
13486,3365,2,265,556565251.45,10.5
13487,4162,15,186,187876046.31,3.5
13488,4545,15,61,522189116.59,7.0
13489,2654,12,31,1429024488.11,22.5
13490,158,5,320,202056575.51,2.5
13491,57,7,285,210942634.65,3.0
13492,2169,14,29,393007710.41,7.0
13493,4542,5,14,140944523.33,2.5
13494,935,2,85,206245377.09,3.5
13495,217,5,179,1381875076.36,20.0
13496,895,8,174,1217752563.4,17.5
13497,4082,10,265,880317929.61,12.0
13498,332,5,137,596186852.36,12.5
13499,3700,15,245,226658774.42,3.5
13500,2072,1,289,101816659.7,1.5
13501,655,3,60,214948674.81,3.3
13502,1900,10,217,826963260.25,12.0
13503,3181,11,244,426747084.53,6.0
13504,4076,12,241,253881114.43,4.5
13505,1796,10,138,113965036.47,1.5
13506,4532,13,182,423736324.51,7.0
13507,793,5,208,160060073.48,2.5
13508,3007,1,237,88444802.43,1.5
13509,4113,14,103,1087532838.15,17.5
13510,3513,15,302,468202296.42,7.0
13511,4318,4,348,1204193897.58,20.0
13512,3483,6,254,420591766.16,8.4
13513,472,2,304,464302632.95,7.0
13514,4218,1,50,501137637.74,7.5
13515,198,6,353,274302950.5,4.2
13516,3272,2,91,949944946.29,17.5
13517,3175,9,205,552597759.04,9.0
13518,221,8,55,1216798078.45,17.5
13519,2664,13,236,1986661282.52,35.0
13520,769,1,213,190573895.26,3.0
13521,755,11,121,398352035.75,6.0
13522,342,13,108,472160983.61,7.0
13523,695,12,60,233102947.82,4.5
13524,3053,12,20,1712774351.9,22.5
13525,4427,9,280,221699661.7,3.6
13526,1686,2,178,279825985.29,3.5
13527,2988,3,196,2014168075.62,33.0
13528,3172,7,291,205258845.28,3.0
13529,1348,12,24,1239333203.37,22.5
13530,2769,14,307,528530335.4,7.0
13531,1996,3,270,230774694.61,3.3
13532,3014,3,217,717379993.52,9.9
13533,3195,9,104,104356197.51,1.8
13534,4096,15,122,339875520.3,7.0
13535,4942,13,309,509627759.14,7.0
13536,2774,13,303,719547012.96,10.5
13537,3708,1,67,833034733.08,12.0
13538,523,4,87,167823942.14,2.5
13539,4231,3,225,220329079.28,3.3
13540,1137,5,343,156785831.23,2.5
13541,1136,15,338,208221306.85,3.5
13542,3999,7,15,1099582004.69,15.0
13543,1882,8,356,427915486.05,7.0
13544,1403,14,93,1357069828.49,17.5
13545,3226,3,208,436590734.84,6.6
13546,2848,4,273,462554599.07,7.5
13547,3079,5,267,304958101.28,5.0
13548,2913,14,87,642705520.92,10.5
13549,1989,3,228,2252669321.9,33.0
13550,4485,6,128,514468853.44,8.4
13551,3513,3,123,1223152263.46,16.5
13552,921,10,139,157743102.8,3.0
13553,4444,15,40,2501976882.57,35.0
13554,822,13,207,1653895852.32,28.0
13555,426,13,317,722885619.35,10.5
13556,2592,5,132,838011272.91,12.5
13557,1349,2,157,406730564.36,7.0
13558,2684,6,258,902060352.18,12.6
13559,3314,13,267,2327110206.91,35.0
13560,4793,1,235,94019763.99,1.5
13561,4111,3,89,525626144.18,6.6
13562,548,13,276,485003114.53,7.0
13563,1863,8,348,258581626.23,3.5
13564,1195,15,282,265398574.75,3.5
13565,1059,6,28,328127759.5,4.2
13566,1373,5,47,816079329.27,12.5
13567,4351,11,4,187746960.09,3.0
13568,1770,4,148,153783737.92,2.5
13569,139,7,314,173888760.92,3.0
13570,3803,13,248,495113199.55,7.0
13571,982,10,145,113274937.96,1.5
13572,176,4,121,505800493.12,7.5
13573,1835,1,215,211480590.4,3.0
13574,710,8,45,500382957.12,7.0
13575,2812,12,288,265474110.87,4.5
13576,1999,9,301,303567220.55,5.4
13577,1628,7,277,187139190.64,3.0
13578,4200,8,364,231826543.52,3.5
13579,1820,15,47,638191406.73,10.5
13580,4612,13,179,225243716.68,3.5
13581,2357,12,143,882211522.63,13.5
13582,4605,13,268,1330954973.38,17.5
13583,1872,1,321,97274582.91,1.5
13584,2269,5,77,483992596.19,7.5
13585,3284,6,358,960129323.95,12.6
13586,3647,7,58,227675548.39,3.0
13587,484,15,235,1625805535.72,28.0
13588,2395,13,178,653479461.52,10.5
13589,4381,1,292,144330902.5,3.0
13590,3106,6,309,1561009158.31,21.0
13591,425,11,11,251835612.4,3.0
13592,467,4,33,162123579.47,2.5
13593,682,12,47,1435448576.63,22.5
13594,3053,11,305,717874543.61,9.0
13595,1226,10,345,127320651.84,1.5
13596,1896,2,290,216456767.23,3.5
13597,4974,6,37,2051172038.47,33.6
13598,2580,15,248,1019257991.5,17.5
13599,4798,7,355,142390346.78,3.0
13600,2460,10,67,1044624880.71,15.0
13601,3581,8,151,225448701.29,3.5
13602,86,2,240,261728809.91,3.5
13603,2764,15,194,717870548.59,10.5
13604,2012,14,117,464743761.21,7.0
13605,2603,14,134,484598292.36,7.0
13606,1475,8,133,626498642.11,10.5
13607,209,6,79,1231823769.61,21.0
13608,217,10,54,243246226.09,3.0
13609,4086,13,211,600054556.82,10.5
13610,4793,14,62,607032143.09,10.5
13611,1046,15,22,465447708.85,7.0
13612,929,9,20,267482127.24,3.6
13613,3207,11,308,1143124714.5,15.0
13614,4346,4,316,124423538.71,2.5
13615,581,14,153,421318593.11,7.0
13616,3824,10,12,90276273.02,1.5
13617,4601,12,164,266838800.16,4.5
13618,597,9,26,111296687.07,1.8
13619,667,8,269,706288672.59,10.5
13620,2,9,285,931977088.23,14.4
13621,4532,13,35,648323068.37,10.5
13622,1922,13,278,202262175.19,3.5
13623,1405,2,77,203341511.48,3.5
13624,1642,2,183,430179511.57,7.0
13625,2099,14,13,229183981.9,3.5
13626,3050,15,321,1187834972.81,17.5
13627,3625,11,281,446914549.13,6.0
13628,364,10,83,92263119.26,1.5
13629,3155,6,130,1334468708.88,21.0
13630,379,1,67,849583548.93,12.0
13631,1924,13,272,507455981.69,7.0
13632,4784,14,342,469835619.22,7.0
13633,3165,8,82,248717651.08,3.5
13634,1939,13,18,449354104.72,7.0
13635,3498,7,31,109055213.65,1.5
13636,3068,7,177,87000229.76,1.5
13637,4024,2,91,2034411854.37,35.0
13638,1090,1,76,87910238.75,1.5
13639,811,11,364,2369740632.98,30.0
13640,2935,13,97,1514457827.13,28.0
13641,2000,6,148,304254638.24,4.2
13642,3207,6,356,260070104.55,4.2
13643,1230,3,184,613417950.9,9.9
13644,1659,11,203,786015863.16,9.0
13645,2463,7,164,180809148.77,3.0
13646,3695,11,174,431218082.12,6.0
13647,4687,6,228,848705346.88,12.6
13648,4024,14,271,246637469.12,3.5
13649,889,8,73,206093079.93,3.5
13650,4166,10,357,77887857.39,1.5
13651,4737,6,102,285411985.68,4.2
13652,404,15,19,1002713429.65,17.5
13653,1785,2,12,219131860.57,3.5
13654,3064,2,134,654384226.41,10.5
13655,2287,4,114,839689195.92,12.5
13656,1486,8,321,1031483080.23,17.5
13657,999,9,356,536836363.92,9.0
13658,1252,10,220,179928578.32,3.0
13659,1665,8,188,2408300646.48,35.0
13660,756,1,263,97946982.2,1.5
13661,632,9,116,456461546.55,9.0
13662,3913,14,246,1732632759.34,28.0
13663,2412,8,98,718803241.57,10.5
13664,1878,3,117,328014384.8,6.6
13665,1597,6,233,3014825994.7,42.0
13666,3941,12,169,598776183.52,9.0
13667,2456,1,320,87903061.55,1.5
13668,3690,11,190,196692444.92,3.0
13669,1479,8,11,355949964.32,7.0
13670,3845,15,237,270019286.53,3.5
13671,4040,1,364,320966089.07,4.5
13672,1475,9,194,104720724.93,1.8
13673,749,5,163,1492092364.33,25.0
13674,703,1,92,896934531.0,12.0
13675,4575,6,118,1016282246.05,12.6
13676,4506,14,217,244146290.29,3.5
13677,1348,15,268,2862655085.71,35.0
13678,986,10,159,86986646.94,1.5
13679,463,14,21,443251419.32,7.0
13680,3812,1,198,104277231.72,1.5
13681,2480,7,180,92166860.44,1.5
13682,1163,8,24,2167994163.37,35.0
13683,4929,7,323,485629487.66,7.5
13684,2044,13,182,505931891.7,7.0
13685,2103,10,308,642143465.26,12.0
13686,1033,9,100,750152009.82,14.4
13687,585,13,14,1019670788.6,17.5
13688,2027,7,347,564963376.99,7.5
13689,3096,6,112,537408310.44,8.4
13690,2231,10,152,280298534.33,4.5
13691,2469,7,119,269002308.39,4.5
13692,3382,15,76,537546627.36,7.0
13693,4819,1,82,178735309.63,3.0
13694,2501,4,107,451134837.08,7.5
13695,1656,11,242,777785509.35,15.0
13696,2115,8,161,654568900.76,10.5
13697,356,6,79,1957313091.29,33.6
13698,4187,7,209,277194255.15,4.5
13699,4844,12,266,1346090964.18,22.5
13700,4947,7,234,489589117.68,7.5
13701,3180,14,30,1268511863.06,17.5
13702,4133,11,189,579432934.73,9.0
13703,1588,9,319,371833996.31,5.4
13704,4175,10,84,187977507.71,3.0
13705,3205,6,333,290560637.2,4.2
13706,3902,9,46,229393697.14,3.6
13707,1542,14,135,376551501.68,7.0
13708,3091,2,290,736931144.61,10.5
13709,2161,14,99,678174219.69,10.5
13710,3218,1,158,277583497.74,4.5
13711,2160,15,41,471847153.4,7.0
13712,1349,8,249,545360195.09,10.5
13713,4469,13,277,219530327.52,3.5
13714,3124,2,353,486933801.68,7.0
13715,3743,6,23,269800963.05,4.2
13716,649,6,12,235366547.87,4.2
13717,849,7,275,229184132.6,4.5
13718,1359,5,95,261009285.96,5.0
13719,3529,13,243,2477490456.89,35.0
13720,4504,1,116,79435804.37,1.5
13721,3754,4,3,139236347.56,2.5
13722,4735,15,345,1004699108.77,17.5
13723,2953,6,25,468537078.17,8.4
13724,726,10,262,101991037.42,1.5
13725,4782,13,197,205185240.65,3.5
13726,4844,8,261,1053534232.66,17.5
13727,3746,11,244,497906104.29,9.0
13728,1403,14,1,731580657.97,10.5
13729,1059,1,31,220200058.86,3.0
13730,812,4,128,1333689179.07,20.0
13731,3181,2,305,437566723.29,7.0
13732,2030,13,97,493718264.36,7.0
13733,3180,15,253,1888206785.74,28.0
13734,1296,14,236,1095390087.22,17.5
13735,1944,12,29,549555103.62,9.0
13736,1314,11,162,806161545.06,15.0
13737,2818,15,53,256250477.57,3.5
13738,429,4,68,525491945.22,7.5
13739,4137,4,266,745646741.68,12.5
13740,4990,1,172,285605403.13,4.5
13741,3892,5,14,567533724.31,7.5
13742,3075,12,156,976609508.69,13.5
13743,4367,15,191,730691458.52,10.5
13744,1802,1,291,101822465.22,1.5
13745,2719,8,274,196062761.43,3.5
13746,1918,10,192,458185397.71,7.5
13747,4734,15,52,2719885825.49,35.0
13748,1794,13,6,1446371259.34,28.0
13749,3759,2,5,536624871.18,7.0
13750,1043,5,64,492223721.82,7.5
13751,1378,6,318,2256674407.38,33.6
13752,1111,12,60,1176202013.0,22.5
13753,4651,4,350,354324225.43,5.0
13754,3746,5,5,1574063717.86,20.0
13755,4234,12,76,275392308.61,4.5
13756,115,14,151,1014538035.35,17.5
13757,4283,8,188,259565332.22,3.5
13758,999,3,179,770891107.79,9.9
13759,2398,14,30,1589872139.24,28.0
13760,1111,15,55,228352022.07,3.5
13761,2409,14,18,778451090.84,10.5
13762,59,7,73,299817768.04,4.5
13763,3406,4,254,1521271638.95,25.0
13764,1805,2,364,587904333.39,10.5
13765,1282,1,297,491576978.43,7.5
13766,787,10,161,90284601.6,1.5
13767,2021,15,200,1093758572.54,17.5
13768,3200,7,213,511003081.28,7.5
13769,2488,10,132,790659697.34,12.0
13770,723,15,246,1271384843.42,17.5
13771,4395,6,191,532213183.68,8.4
13772,2892,12,229,310445117.88,4.5
13773,1938,9,295,252310305.31,3.6
13774,1952,10,300,115707858.78,1.5
13775,875,14,282,249431379.71,3.5
13776,2924,4,233,163347230.54,2.5
13777,4114,12,47,1368123386.88,22.5
13778,4469,7,35,281371894.38,4.5
13779,1660,13,1,434209477.65,7.0
13780,1999,13,93,426897536.51,7.0
13781,4965,7,292,144935868.2,3.0
13782,347,3,208,862935678.45,16.5
13783,4813,3,285,535537310.45,9.9
13784,1878,1,187,171668366.42,3.0
13785,3640,14,193,201426978.99,3.5
13786,2874,5,44,316901100.7,5.0
13787,4034,11,13,206577853.63,3.0
13788,4304,6,207,488227980.08,8.4
13789,882,12,294,475702680.56,9.0
13790,1988,14,356,400464788.43,7.0
13791,2179,3,68,687860570.81,9.9
13792,4420,6,262,532231365.99,8.4
13793,138,2,81,251748171.84,3.5
13794,104,11,201,206657021.13,3.0
13795,4964,5,94,385516222.48,5.0
13796,4262,3,271,204789913.5,3.3
13797,2328,1,264,95128771.99,1.5
13798,1189,11,310,191472779.87,3.0
13799,2216,6,140,2634273639.13,42.0
13800,4860,7,98,358234224.65,4.5
13801,2080,4,212,933441622.94,12.5
13802,4553,14,276,417195625.29,7.0
13803,2695,6,50,525649829.57,8.4
13804,4204,9,289,91479126.79,1.8
13805,2060,5,222,1624743941.52,25.0
13806,1990,4,198,324149297.13,5.0
13807,1884,6,166,2356457059.87,33.6
13808,3209,2,54,705418756.64,10.5
13809,572,14,195,979544866.57,17.5
13810,3693,5,243,301910431.7,5.0
13811,241,7,338,185898858.62,3.0
13812,1555,11,341,200884108.23,3.0
13813,3591,15,197,446502356.3,7.0
13814,290,12,153,1422463215.75,22.5
13815,4075,8,10,439208431.62,7.0
13816,363,3,338,226106882.57,3.3
13817,4788,5,31,805669683.3,12.5
13818,2322,2,70,539277247.16,7.0
13819,2259,15,68,883499894.73,17.5
13820,2873,2,236,455060144.97,10.5
13821,791,3,21,169522401.98,3.3
13822,2394,12,94,1347204877.34,22.5
13823,4251,4,144,283607432.47,5.0
13824,1387,13,102,2493923089.31,35.0
13825,4695,11,71,1488400607.86,30.0
13826,3039,5,125,424450018.35,5.0
13827,4162,12,192,1323496221.99,22.5
13828,3847,8,37,579140113.07,7.0
13829,1436,15,259,495451806.0,7.0
13830,1703,13,72,785697785.21,10.5
13831,708,13,179,993364315.43,17.5
13832,4925,13,322,217138408.28,3.5
13833,4501,12,293,1522708820.85,22.5
13834,3236,5,226,936964039.76,12.5
13835,2744,4,92,161972136.37,2.5
13836,1983,7,142,833172541.32,12.0
13837,4163,1,129,298115905.54,4.5
13838,4458,3,321,414595031.7,6.6
13839,2185,1,137,171211999.72,3.0
13840,3653,13,10,991997384.61,17.5
13841,3586,8,204,253411472.57,3.5
13842,3516,11,284,357843570.56,6.0
13843,4735,7,40,335113995.82,4.5
13844,1404,8,298,194969869.51,3.5
13845,1630,2,227,1385234232.94,17.5
13846,3929,7,255,181750345.46,3.0
13847,3782,13,306,1738964684.37,28.0
13848,2025,13,10,227740052.78,3.5
13849,3830,9,182,108323473.64,1.8
13850,1164,15,71,216194285.25,3.5
13851,3900,15,117,260834836.34,3.5
13852,945,11,231,531654695.96,9.0
13853,2734,11,27,2205366769.77,30.0
13854,4178,1,330,405039336.94,7.5
13855,339,5,362,160342406.6,2.5
13856,1421,8,14,252716444.77,3.5
13857,2776,1,150,79164567.52,1.5
13858,3336,4,31,162910113.08,2.5
13859,1502,12,104,2696496627.75,45.0
13860,4199,14,354,654336782.59,10.5
13861,983,6,351,741639141.79,12.6
13862,2357,3,321,462830183.25,6.6
13863,203,4,338,162089390.08,2.5
13864,2971,6,131,218530713.3,4.2
13865,3565,14,342,277765083.48,7.0
13866,2998,1,61,107550042.3,1.5
13867,1293,9,150,122682009.23,1.8
13868,2150,10,349,306182260.3,4.5
13869,3132,3,247,206285696.66,3.3
13870,4499,8,172,2176008440.29,35.0
13871,927,10,282,846398967.51,15.0
13872,911,7,234,519152857.4,7.5
13873,1244,5,327,111725302.56,2.5
13874,3773,9,205,968048982.96,14.4
13875,2118,2,256,220757364.69,3.5
13876,16,3,144,1167835060.12,16.5
13877,1282,6,104,280530224.8,4.2
13878,3545,6,296,696954509.25,12.6
13879,473,5,100,358293179.84,5.0
13880,3447,5,200,153721669.86,2.5
13881,4783,9,339,1563048496.62,18.0
13882,2731,13,289,195619944.81,3.5
13883,1184,1,196,417395766.58,7.5
13884,4988,5,201,424010380.37,7.5
13885,3362,5,55,1023898129.88,20.0
13886,3387,3,90,253395572.28,3.3
13887,3747,14,171,481496967.0,7.0
13888,1382,8,110,464110740.74,7.0
13889,3559,13,131,1897570004.35,35.0
13890,4626,13,145,261885009.73,3.5
13891,2161,7,299,314392236.69,4.5
13892,1857,11,12,408484782.07,6.0
13893,189,2,159,768608572.29,10.5
13894,1617,10,314,185018533.4,3.0
13895,1053,5,187,362011437.47,5.0
13896,2968,15,335,650458082.66,10.5
13897,1341,14,211,1466867896.32,17.5
13898,1248,13,266,267504077.81,3.5
13899,128,15,146,204067100.01,3.5
13900,3598,10,42,97554515.17,1.5
13901,4266,8,52,2194882328.77,35.0
13902,3601,3,178,225039510.93,3.3
13903,1924,5,9,392542813.08,5.0
13904,3481,10,26,73130958.48,1.5
13905,587,13,329,404714376.95,7.0
13906,4652,11,221,511545365.17,9.0
13907,3805,12,287,793973073.44,13.5
13908,1749,5,120,338129073.39,5.0
13909,4192,6,231,896254017.9,12.6
13910,3083,8,349,1091645374.95,17.5
13911,500,10,361,943360508.86,15.0
13912,31,2,276,780373380.35,10.5
13913,130,3,344,615590588.75,9.9
13914,1383,15,132,235556358.54,3.5
13915,4692,11,26,694477802.72,15.0
13916,2058,4,350,303513903.85,7.5
13917,1912,14,257,205656632.74,3.5
13918,191,11,343,537364763.02,9.0
13919,41,6,338,2439610549.9,42.0
13920,2987,9,305,229181943.09,3.6
13921,2653,10,123,100059589.27,1.5
13922,3681,5,29,142766716.87,2.5
13923,4072,8,99,801491485.03,10.5
13924,2161,10,90,445118359.42,7.5
13925,4032,8,207,422991222.14,7.0
13926,1651,14,14,1795389634.16,28.0
13927,4202,2,297,402843091.05,7.0
13928,3194,9,318,760042689.02,9.0
13929,2983,10,327,321645415.04,4.5
13930,2964,1,85,105825930.64,1.5
13931,568,4,327,767404485.34,12.5
13932,4405,2,66,898336034.62,17.5
13933,3276,2,89,724916538.47,10.5
13934,4320,9,13,107458358.57,1.8
13935,4877,1,194,84690166.23,1.5
13936,1800,2,261,714089803.78,10.5
13937,959,12,134,376382009.64,4.5
13938,4772,2,75,393032171.96,7.0
13939,942,6,327,809828022.88,12.6
13940,3450,9,297,592801632.83,9.0
13941,4778,15,86,1247602929.38,17.5
13942,3017,8,101,497444556.13,7.0
13943,1818,4,347,347852650.03,5.0
13944,2686,1,299,198140982.43,3.0
13945,4159,15,43,234791092.35,3.5
13946,1991,5,201,162801710.93,2.5
13947,4988,14,337,988743515.33,17.5
13948,3769,3,123,567781150.44,6.6
13949,3418,3,272,1194002597.26,16.5
13950,2667,11,292,179327479.27,3.0
13951,4407,2,114,2078366384.19,28.0
13952,448,4,238,146685541.63,2.5
13953,4554,4,292,352700856.73,5.0
13954,3508,7,293,93494704.61,1.5
13955,1771,6,72,2502806678.76,42.0
13956,3182,2,91,537024390.06,7.0
13957,3074,11,109,227190468.7,3.0
13958,774,5,192,852879828.52,12.5
13959,240,7,112,185646695.02,3.0
13960,105,10,177,218235070.62,3.0
13961,439,13,15,199555015.25,3.5
13962,1600,8,98,624868632.78,10.5
13963,819,4,163,726133846.89,12.5
13964,4789,9,285,1051129190.7,14.4
13965,1854,12,132,692288416.78,9.0
13966,1124,15,116,1003577350.9,17.5
13967,3727,10,56,177819504.01,3.0
13968,1266,13,310,468647470.17,7.0
13969,1025,12,256,1086313028.96,13.5
13970,2681,14,321,3068141037.23,35.0
13971,502,11,10,1807514516.54,24.0
13972,3993,15,54,239394514.45,3.5
13973,4174,10,120,101058707.35,1.5
13974,3769,9,311,645536100.03,9.0
13975,1331,15,139,2160367996.44,28.0
13976,483,10,363,257831439.73,4.5
13977,164,5,274,175492465.11,2.5
13978,3231,1,364,183540055.0,3.0
13979,4657,8,272,1524406830.72,28.0
13980,4230,13,209,1575869710.59,35.0
13981,4235,1,128,92852015.53,1.5
13982,1578,14,150,753923247.91,10.5
13983,1412,9,315,92067280.92,1.8
13984,1017,9,45,1105979894.45,14.4
13985,1431,4,192,156772779.79,2.5
13986,2339,3,25,753276453.38,9.9
13987,2772,5,345,345411861.64,5.0
13988,2988,15,221,990742030.05,17.5
13989,4019,3,192,1102527831.57,16.5
13990,216,9,260,419677447.19,5.4
13991,4606,7,324,471038380.65,7.5
13992,4576,12,316,1123343797.16,13.5
13993,3937,5,106,491245701.94,7.5
13994,2147,14,188,537004171.97,7.0
13995,1708,15,358,482551295.02,7.0
13996,777,14,2,318596588.01,7.0
13997,1324,11,293,175270688.05,3.0
13998,2972,13,346,459724958.44,7.0
13999,4871,14,140,520598716.58,7.0
14000,3097,7,245,302241201.24,4.5
14001,2096,2,360,1264494292.31,17.5
14002,4135,12,94,654623976.3,9.0
14003,4988,6,32,2719854664.24,42.0
14004,1523,13,313,765388939.03,10.5
14005,2439,1,152,1107952385.73,15.0
14006,1034,4,80,392332487.93,5.0
14007,4471,6,58,596366662.15,8.4
14008,4926,10,270,324701517.47,4.5
14009,634,12,295,1030722383.08,13.5
14010,3938,15,357,2451545352.86,35.0
14011,1298,10,190,86189613.43,1.5
14012,3255,8,365,918654001.29,17.5
14013,4420,10,22,706674460.92,12.0
14014,2939,13,2,1216048814.46,17.5
14015,3450,12,268,1990174668.9,36.0
14016,4058,14,81,1190582673.42,17.5
14017,1208,11,23,637204837.93,9.0
14018,4740,15,235,177644151.55,3.5
14019,3250,1,115,294277075.78,4.5
14020,3798,6,339,956388139.48,12.6
14021,2034,2,346,2846486289.56,35.0
14022,1046,3,197,1802695853.52,33.0
14023,1029,1,255,880665163.43,15.0
14024,978,1,157,327507343.44,4.5
14025,329,15,185,221670016.73,3.5
14026,187,14,174,444180713.48,7.0
14027,3011,11,73,1465087057.7,30.0
14028,4034,2,284,2364396529.17,35.0
14029,3964,4,251,2065321723.96,25.0
14030,3605,13,80,641244812.49,10.5
14031,2492,3,80,614062621.16,9.9
14032,3951,9,112,554522989.74,9.0
14033,439,15,270,213770565.11,3.5
14034,266,1,222,188868567.17,3.0
14035,855,3,12,1027573260.67,16.5
14036,228,15,325,258480187.79,3.5
14037,1435,10,101,288136246.93,4.5
14038,2449,12,97,296940128.43,4.5
14039,1104,2,145,1064171660.91,17.5
14040,4882,14,348,726843949.27,10.5
14041,3493,12,151,600199479.8,9.0
14042,831,5,24,885215958.91,12.5
14043,4505,3,82,1203002840.22,16.5
14044,1829,2,86,1115461959.55,17.5
14045,4038,10,272,889396224.99,12.0
14046,4235,12,112,966538932.88,13.5
14047,245,2,169,460796803.25,7.0
14048,1833,11,166,1123661529.1,15.0
14049,4084,4,360,501395821.95,7.5
14050,2244,5,115,181518176.57,2.5
14051,622,15,185,2240689573.47,35.0
14052,711,14,63,194941281.62,3.5
14053,907,5,184,161043487.99,2.5
14054,2421,3,266,2350499453.15,33.0
14055,3569,9,40,253046412.26,3.6
14056,2025,6,164,297092084.47,4.2
14057,1393,10,13,263992398.93,4.5
14058,2734,15,325,1152516166.23,17.5
14059,1612,8,98,187405058.61,3.5
14060,1985,14,364,440707642.66,7.0
14061,4738,10,78,521794514.22,7.5
14062,3421,7,333,149689106.21,3.0
14063,3848,5,355,306029355.33,5.0
14064,892,7,162,162184311.02,3.0
14065,3485,10,78,258467477.96,4.5
14066,4205,2,43,253768557.77,3.5
14067,977,14,310,1742904874.92,28.0
14068,1635,7,44,228605403.5,3.0
14069,1324,14,230,641319845.08,10.5
14070,925,2,169,2011100305.61,35.0
14071,565,4,355,286813468.73,5.0
14072,752,8,117,1628088455.62,28.0
14073,987,2,161,373191071.09,7.0
14074,3134,10,105,342434077.77,4.5
14075,774,14,312,494487109.58,7.0
14076,2398,1,40,274373704.52,4.5
14077,3628,10,39,534985007.82,7.5
14078,4483,2,103,483762753.28,7.0
14079,3476,7,30,178933356.35,3.0
14080,4245,13,344,304226880.5,7.0
14081,1656,6,270,243654044.53,4.2
14082,2010,14,212,1752670747.65,28.0
14083,1703,13,320,482156777.11,7.0
14084,1967,8,178,656009419.12,10.5
14085,1318,11,69,1328049662.87,24.0
14086,248,14,358,477379411.53,7.0
14087,2690,8,166,449316713.12,7.0
14088,469,11,166,325013466.71,6.0
14089,4166,13,344,611526571.74,10.5
14090,2228,12,324,1588188332.62,22.5
14091,1671,11,95,187134705.55,3.0
14092,657,13,135,229808653.63,3.5
14093,1042,3,113,691576163.57,9.9
14094,4665,2,91,461180155.58,7.0
14095,2274,4,267,514119771.09,7.5
14096,2818,11,121,618056589.22,9.0
14097,4485,13,186,231163225.28,3.5
14098,1163,8,70,666303933.97,10.5
14099,3992,4,88,343930017.43,5.0
14100,3361,11,120,354348559.87,6.0
14101,879,6,360,2218703283.33,33.6
14102,1290,6,18,2667012991.21,33.6
14103,4749,6,227,1668833359.42,21.0
14104,2029,13,4,722479744.2,10.5
14105,3618,1,344,247708493.25,3.0
14106,1911,6,223,213561311.36,4.2
14107,1245,10,134,753391079.31,15.0
14108,403,14,332,235608787.38,3.5
14109,536,6,201,2505708490.57,42.0
14110,2873,6,164,669697216.96,12.6
14111,4267,14,155,957798961.67,17.5
14112,175,10,37,101612710.31,1.5
14113,4005,6,30,736159082.7,12.6
14114,2589,7,80,100989180.51,1.5
14115,4678,14,4,1341904776.03,17.5
14116,4648,10,336,112066385.85,1.5
14117,4649,13,318,184360214.94,3.5
14118,1203,9,123,103659980.94,1.8
14119,3583,13,283,283815764.94,3.5
14120,2387,11,264,464061146.79,6.0
14121,2364,1,261,75808895.33,1.5
14122,4550,11,176,215045237.64,3.0
14123,4904,13,24,202521940.44,3.5
14124,821,13,272,1676361813.45,28.0
14125,2091,4,255,273044353.51,5.0
14126,4835,15,331,1249415307.86,17.5
14127,4864,3,278,2432807933.66,33.0
14128,2627,6,83,1052536147.6,12.6
14129,2390,9,105,319510911.48,5.4
14130,4490,14,166,199553192.39,3.5
14131,2788,11,105,944678006.82,15.0
14132,3340,8,140,554307575.08,7.0
14133,923,8,132,1085162109.53,17.5
14134,3248,13,147,591321315.22,10.5
14135,2188,13,77,546357862.02,7.0
14136,836,15,305,2303452976.8,35.0
14137,363,7,359,93184231.45,1.5
14138,2956,12,35,2648806880.47,45.0
14139,1753,4,121,184695698.7,2.5
14140,3422,1,49,117992089.79,1.5
14141,3399,4,69,1397265761.05,20.0
14142,3232,11,91,374856141.07,6.0
14143,2930,6,42,1247597363.19,21.0
14144,1388,2,287,234955876.07,3.5
14145,4840,7,4,284544610.47,4.5
14146,2115,1,358,498114664.42,7.5
14147,2586,10,294,99199959.44,1.5
14148,1021,8,363,1194731574.79,17.5
14149,2555,7,262,204857130.94,3.0
14150,3837,1,112,103394548.41,1.5
14151,2254,9,286,886607914.76,18.0
14152,3614,2,244,1991649196.05,28.0
14153,695,10,133,82758243.9,1.5
14154,3747,5,265,915168629.01,12.5
14155,1862,15,218,271946498.88,3.5
14156,1599,5,256,121007957.76,2.5
14157,4975,11,71,427828819.0,6.0
14158,2722,13,52,448812182.75,7.0
14159,4414,3,2,434127886.57,6.6
14160,1487,6,192,749033437.35,12.6
14161,2111,15,344,371440285.49,7.0
14162,3394,13,285,702108639.27,10.5
14163,2001,1,29,300599425.66,4.5
14164,4116,5,193,162294576.37,2.5
14165,4975,9,233,125191946.64,1.8
14166,3900,12,349,299481166.85,4.5
14167,981,2,365,519883560.27,7.0
14168,3628,12,301,341337847.56,4.5
14169,2994,9,168,158855346.06,1.8
14170,2768,10,346,606626908.13,7.5
14171,745,13,32,2184458819.43,35.0
14172,2842,10,261,291966759.08,4.5
14173,3728,2,227,278334137.71,3.5
14174,4068,7,199,102892303.21,1.5
14175,3524,14,39,483404418.97,7.0
14176,990,10,180,101179186.74,1.5
14177,1978,6,5,1059599496.1,21.0
14178,3268,12,339,620356346.39,9.0
14179,4869,7,231,282682541.22,4.5
14180,727,15,14,1836979346.68,28.0
14181,2420,13,286,486510978.63,7.0
14182,2127,15,326,469093652.24,7.0
14183,4165,3,92,165090092.24,3.3
14184,4553,15,21,367987163.52,7.0
14185,1333,10,236,532403625.34,7.5
14186,4503,5,45,442551816.5,7.5
14187,2514,12,215,1449932220.57,22.5
14188,1433,1,214,88096352.54,1.5
14189,1271,14,142,706291448.81,10.5
14190,3585,12,139,334658915.07,4.5
14191,1841,9,172,224975849.85,3.6
14192,4753,2,154,1614789058.96,28.0
14193,141,11,145,191505513.29,3.0
14194,3251,10,322,168156910.2,3.0
14195,4620,7,285,195805272.61,4.5
14196,2543,3,41,445361042.23,6.6
14197,376,6,136,2430848381.1,33.6
14198,1376,14,316,1141940918.38,17.5
14199,2113,2,186,863924941.7,10.5
14200,4555,14,17,218201491.62,3.5
14201,2686,13,181,611224793.49,10.5
14202,3306,11,261,2093825386.01,30.0
14203,3612,3,81,400297682.29,6.6
14204,1976,8,251,2823421022.69,35.0
14205,4309,7,46,98053145.62,1.5
14206,2502,14,41,236824294.04,3.5
14207,3907,10,340,91411124.92,1.5
14208,4892,11,214,363456840.84,6.0
14209,325,6,5,682029400.15,12.6
14210,3998,7,332,515406406.6,7.5
14211,1295,10,123,71138440.88,1.5
14212,510,12,244,624556314.73,9.0
14213,694,1,303,233203569.81,3.0
14214,2836,2,182,1724173446.66,28.0
14215,745,15,50,559396680.44,7.0
14216,1114,15,40,1256426040.68,17.5
14217,74,6,283,1602997238.58,21.0
14218,118,7,258,1123872326.83,15.0
14219,248,11,112,219236408.63,3.0
14220,2935,5,100,290415549.41,5.0
14221,1799,10,355,157551146.37,3.0
14222,2217,1,131,76715027.94,1.5
14223,1879,6,358,302461945.39,4.2
14224,4382,12,301,507618747.94,9.0
14225,518,1,129,524119036.87,7.5
14226,1460,14,58,235356840.92,3.5
14227,3882,2,226,714200627.68,10.5
14228,2614,6,241,276701890.22,4.2
14229,4721,9,13,351764205.6,5.4
14230,2997,2,296,2480948418.99,35.0
14231,265,10,132,173984260.92,3.0
14232,1847,14,362,1888281036.42,28.0
14233,77,7,150,459939201.11,7.5
14234,3464,13,151,421322503.51,7.0
14235,2352,15,86,1131598083.18,17.5
14236,2932,5,254,169973508.28,2.5
14237,1602,9,45,90760954.41,1.8
14238,815,9,354,308562814.73,5.4
14239,4649,5,35,579172281.67,12.5
14240,3459,12,88,850589029.99,13.5
14241,968,8,133,430203086.5,7.0
14242,4231,5,314,394291552.61,5.0
14243,823,1,303,578694483.82,7.5
14244,1248,15,173,1085971114.05,17.5
14245,2821,4,287,714974668.66,7.5
14246,2032,5,346,480541043.07,7.5
14247,3435,4,230,488310560.45,7.5
14248,2189,11,139,536943325.13,9.0
14249,2087,3,25,1025795758.21,16.5
14250,629,7,104,549157825.02,7.5
14251,821,3,256,416847200.21,6.6
14252,4891,15,218,201322687.19,3.5
14253,1461,13,111,997616895.01,17.5
14254,1493,11,289,845769374.63,15.0
14255,2111,8,7,973722041.81,17.5
14256,2985,8,312,1948721625.27,28.0
14257,4165,4,306,640677045.67,12.5
14258,852,13,123,1868126991.84,35.0
14259,448,7,126,160863289.8,3.0
14260,372,4,263,878879144.05,12.5
14261,619,14,174,1031366865.99,17.5
14262,3446,4,18,1633670145.26,25.0
14263,1615,15,103,259742595.92,3.5
14264,3359,9,354,329415081.44,5.4
14265,4312,3,314,414780442.75,6.6
14266,491,7,308,169899929.91,3.0
14267,4487,13,265,2411135721.61,28.0
14268,3826,8,247,202183325.01,3.5
14269,2201,11,341,1221809908.63,15.0
14270,3071,9,173,241788425.39,3.6
14271,117,15,169,746430518.84,10.5
14272,1923,2,7,184813365.64,3.5
14273,1618,10,359,158023049.08,3.0
14274,2933,1,164,279137834.82,4.5
14275,2526,11,36,196958504.57,3.0
14276,2592,14,145,187127010.68,3.5
14277,23,5,110,309735764.47,5.0
14278,1914,14,279,2091548922.17,28.0
14279,4644,15,74,1053815979.28,17.5
14280,4118,6,204,586042611.54,8.4
14281,2891,2,150,1914718506.15,28.0
14282,744,2,184,243833833.93,3.5
14283,1535,9,109,113861223.25,1.8
14284,2633,13,168,988113210.73,17.5
14285,4643,4,288,434026484.1,7.5
14286,1436,3,25,681484189.81,9.9
14287,2502,3,200,1635515239.62,26.4
14288,4294,5,328,360541959.9,5.0
14289,4934,8,250,2012468878.17,35.0
14290,4451,4,133,547982362.55,7.5
14291,2160,7,363,444169503.51,7.5
14292,270,12,33,634031590.64,9.0
14293,3155,10,161,429480702.25,4.5
14294,602,1,13,75589447.58,1.5
14295,3082,12,162,3017595910.36,45.0
14296,163,13,274,216363194.59,3.5
14297,1686,4,33,1052455890.24,12.5
14298,615,11,143,358520547.96,6.0
14299,3989,5,93,883595876.98,12.5
14300,353,9,249,584263783.05,9.0
14301,193,15,126,321440652.86,7.0
14302,4642,12,43,694865103.29,9.0
14303,3404,1,314,85382423.95,1.5
14304,3601,8,270,165453807.57,3.5
14305,3909,8,51,692812456.94,10.5
14306,3410,1,223,469141434.75,7.5
14307,4244,1,77,603767444.81,12.0
14308,1075,8,223,202608835.76,3.5
14309,629,7,231,634629453.4,7.5
14310,986,14,118,488927938.77,7.0
14311,53,8,275,694204120.65,10.5
14312,3408,5,166,475321989.15,7.5
14313,4278,13,303,229795005.52,3.5
14314,1879,9,33,393895015.42,5.4
14315,2575,13,214,228069713.66,3.5
14316,758,5,363,882320460.03,12.5
14317,2351,6,85,1995554867.76,33.6
14318,3355,8,265,430464025.81,7.0
14319,930,3,351,678969233.35,9.9
14320,558,2,101,1272940319.23,17.5
14321,2008,13,131,209119946.02,3.5
14322,2392,13,124,577842328.92,10.5
14323,2812,9,48,369987759.94,5.4
14324,2718,3,209,536221439.57,9.9
14325,258,10,55,219965480.71,3.0
14326,2367,13,348,867950378.08,17.5
14327,2116,15,277,1077422167.29,17.5
14328,2849,2,343,237728433.48,3.5
14329,1482,13,329,273028405.67,3.5
14330,1000,11,321,353347437.0,6.0
14331,1611,11,339,1650139464.37,30.0
14332,4109,4,146,660233158.42,12.5
14333,3529,12,178,283911028.2,4.5
14334,2365,8,310,429391347.55,7.0
14335,1999,9,27,117967083.0,1.8
14336,953,8,77,657751958.84,10.5
14337,1065,11,326,1656414778.29,30.0
14338,400,15,239,517253672.24,7.0
14339,4377,12,62,2668231584.67,36.0
14340,2180,4,340,1461452133.97,20.0
14341,4047,5,144,158055688.98,2.5
14342,1648,12,144,1450555327.08,22.5
14343,2555,13,194,326919171.27,7.0
14344,2487,7,193,86103331.4,1.5
14345,1029,12,365,1713062892.94,22.5
14346,3162,10,19,95481674.6,1.5
14347,3510,13,144,419214471.53,7.0
14348,4954,5,348,860111215.55,12.5
14349,3090,14,150,438095631.56,7.0
14350,2156,9,305,983088510.37,14.4
14351,191,7,223,186299208.89,3.0
14352,1588,12,152,581712673.99,9.0
14353,2369,13,127,561122729.4,10.5
14354,2411,15,110,244639655.65,3.5
14355,3842,5,137,495197187.68,7.5
14356,2734,3,151,247434181.37,3.3
14357,1980,7,266,108506297.4,1.5
14358,3175,14,247,431819491.8,7.0
14359,2979,10,111,180590365.06,3.0
14360,3240,11,278,365912709.15,6.0
14361,1183,8,149,480967493.77,7.0
14362,1934,4,357,466191532.88,7.5
14363,3663,13,154,613251433.21,10.5
14364,100,6,275,2624852560.62,42.0
14365,2892,1,266,297729924.12,4.5
14366,1825,15,118,386723353.91,7.0
14367,3912,10,132,93741779.41,1.5
14368,3551,9,30,1019952606.23,14.4
14369,1848,6,68,227065359.31,4.2
14370,2691,6,154,569038552.29,12.6
14371,1978,9,158,1053019989.97,18.0
14372,3806,2,166,196117523.13,3.5
14373,4977,8,309,1073559799.38,17.5
14374,1467,1,159,191450347.09,3.0
14375,855,4,144,192638524.63,2.5
14376,4100,7,166,500578805.19,7.5
14377,144,15,178,1176758250.6,17.5
14378,3425,14,250,210494057.82,3.5
14379,4236,7,316,271781948.22,4.5
14380,4053,2,56,2427943278.95,35.0
14381,4935,13,22,455685707.4,7.0
14382,1353,5,130,1066704852.92,20.0
14383,271,14,319,197462350.63,3.5
14384,161,5,315,808031283.51,12.5
14385,504,14,113,452838912.71,7.0
14386,1302,10,7,1151503544.9,15.0
14387,379,2,306,1223636793.61,17.5
14388,792,9,210,383762794.07,5.4
14389,2749,2,188,1003636034.56,17.5
14390,386,11,160,1880110269.5,30.0
14391,2139,15,1,1242319492.72,17.5
14392,210,11,126,1033322483.38,15.0
14393,1292,12,329,640193743.34,9.0
14394,1635,11,280,195966488.77,3.0
14395,1934,9,122,90037106.98,1.8
14396,2053,6,46,245948258.79,4.2
14397,265,3,210,382957004.75,6.6
14398,2989,6,229,627549874.61,8.4
14399,4337,12,198,274245047.02,4.5
14400,4415,11,263,399971760.12,6.0
14401,1381,3,268,665142682.08,9.9
14402,1434,13,320,640787533.68,10.5
14403,2545,9,11,348964592.81,5.4
14404,2079,5,26,162492430.21,2.5
14405,3089,13,129,725656035.09,10.5
14406,3073,8,46,224168233.2,3.5
14407,2634,14,337,1682687032.09,28.0
14408,628,15,86,1313743714.49,17.5
14409,485,5,232,706761148.8,12.5
14410,555,4,7,496077638.8,7.5
14411,4417,6,163,533778354.89,8.4
14412,397,13,94,366540029.72,7.0
14413,431,2,318,438878041.06,7.0
14414,2888,2,282,556702820.26,7.0
14415,1466,10,362,219065482.29,3.0
14416,4662,12,36,209047238.65,4.5
14417,3848,2,362,1238883693.17,17.5
14418,1664,1,263,255936142.59,4.5
14419,1884,14,149,1232547474.2,17.5
14420,4944,11,311,181116332.15,3.0
14421,3054,8,307,387050581.2,7.0
14422,356,6,220,1158340459.69,21.0
14423,3164,9,171,247180110.8,3.6
14424,831,7,46,229134625.64,3.0
14425,17,1,272,103786610.88,1.5
14426,2361,10,202,91267251.88,1.5
14427,3399,3,289,230780606.33,3.3
14428,2775,10,166,532517199.84,7.5
14429,2183,4,131,1264158337.81,20.0
14430,2601,14,106,238422603.58,3.5
14431,3147,15,20,1087975329.46,17.5
14432,2772,9,365,965672267.57,14.4
14433,4254,11,184,164725578.94,3.0
14434,2715,6,155,1371553848.36,21.0
14435,4954,8,151,202987030.05,3.5
14436,4104,2,31,732300179.67,10.5
14437,4176,15,72,467216825.06,7.0
14438,2506,2,177,755095312.25,10.5
14439,153,4,236,1752246817.28,20.0
14440,400,13,21,460859357.49,7.0
14441,116,2,329,1722654546.78,28.0
14442,3135,13,227,451741346.45,7.0
14443,801,14,106,1162655489.74,17.5
14444,3688,12,329,2335071715.12,36.0
14445,3842,12,273,862216425.33,13.5
14446,4610,3,305,1571412099.14,26.4
14447,3695,2,9,538308431.92,7.0
14448,1331,10,291,117418418.46,1.5
14449,4174,2,246,2000607819.99,28.0
14450,2482,8,151,530295148.26,7.0
14451,87,12,65,367718196.74,4.5
14452,4558,1,266,1089691961.9,15.0
14453,4532,11,2,330557437.33,6.0
14454,231,5,306,544499882.1,7.5
14455,4001,15,32,601807893.58,10.5
14456,4524,10,361,303780287.01,4.5
14457,1227,14,288,563129556.65,7.0
14458,1740,4,292,850720348.61,12.5
14459,120,5,361,805045024.74,12.5
14460,1756,6,95,443851935.19,8.4
14461,4624,4,207,1303338456.0,20.0
14462,906,5,190,199768212.51,2.5
14463,4580,4,132,333730951.67,5.0
14464,4159,7,304,188403518.88,3.0
14465,4366,8,279,250892266.64,3.5
14466,1093,3,282,644199569.22,9.9
14467,1163,11,243,813614295.75,15.0
14468,3247,10,228,1189563520.96,15.0
14469,2199,12,277,494525687.39,9.0
14470,1999,10,167,539516440.73,7.5
14471,695,5,296,482812348.0,7.5
14472,796,9,130,228790208.37,3.6
14473,2775,2,47,319322409.35,3.5
14474,3247,13,51,1277268319.12,17.5
14475,831,11,223,341214438.05,6.0
14476,144,4,185,371759159.46,5.0
14477,3476,12,119,271684304.77,4.5
14478,948,7,344,967451921.04,15.0
14479,4882,10,202,206451732.59,3.0
14480,3694,1,353,197769473.7,3.0
14481,2718,11,56,543976327.25,9.0
14482,563,8,44,209525115.81,3.5
14483,4345,3,201,364759843.85,6.6
14484,4630,11,237,338016749.12,6.0
14485,3350,5,95,909036330.83,12.5
14486,2428,5,231,322098864.06,5.0
14487,3426,8,51,1915453275.1,28.0
14488,2807,13,68,410921787.36,7.0
14489,938,9,339,101206348.47,1.8
14490,4246,8,212,193488465.17,3.5
14491,1061,2,18,576899427.28,10.5
14492,4005,2,352,421055278.53,7.0
14493,4247,9,2,291238420.83,5.4
14494,4707,15,99,542274818.99,10.5
14495,884,10,314,236985877.81,3.0
14496,1122,11,81,173626906.98,3.0
14497,1354,15,135,437244996.74,7.0
14498,2410,12,326,801951909.01,13.5
14499,3700,10,181,266399422.88,4.5
14500,92,5,304,532525350.1,7.5
14501,3738,13,35,1196783431.9,17.5
14502,616,5,68,1286140340.62,20.0
14503,2163,12,4,306931328.36,4.5
14504,392,14,219,665805738.97,10.5
14505,2691,4,52,272810354.75,5.0
14506,1669,9,13,147466753.11,1.8
14507,952,9,294,104425834.6,1.8
14508,3576,4,32,141662329.94,2.5
14509,1175,5,99,254923872.12,5.0
14510,3902,13,257,409677195.73,7.0
14511,3831,1,240,193786456.71,3.0
14512,4537,13,125,449979292.15,7.0
14513,1434,5,157,307137760.15,5.0
14514,508,7,95,213839750.77,3.0
14515,2129,15,221,225835877.3,3.5
14516,1410,12,182,285942079.48,4.5
14517,3669,3,292,211828560.92,3.3
14518,3536,7,333,216111112.8,3.0
14519,2532,2,274,2419504741.8,35.0
14520,2817,1,43,452914285.98,7.5
14521,502,8,250,265977808.27,3.5
14522,4793,15,79,1612142628.37,28.0
14523,449,11,355,368374209.17,6.0
14524,2790,4,223,126056280.49,2.5
14525,666,12,1,761824878.5,13.5
14526,2627,10,264,661806906.85,12.0
14527,1511,11,333,680703297.85,9.0
14528,1482,13,62,725131715.94,10.5
14529,1502,6,287,299421680.72,4.2
14530,3149,14,262,528648297.46,10.5
14531,1562,8,30,396733201.81,7.0
14532,4822,14,26,2085830594.05,28.0
14533,4704,8,176,1715380958.98,28.0
14534,1633,1,65,213735864.77,3.0
14535,896,2,140,203727636.94,3.5
14536,3435,6,319,838387701.2,12.6
14537,567,3,211,2540931106.64,33.0
14538,710,4,14,190418035.78,2.5
14539,1647,1,238,476705072.73,7.5
14540,1610,2,60,426965802.76,7.0
14541,1252,3,19,1685013263.5,26.4
14542,4302,9,125,1113380352.87,14.4
14543,512,15,143,229232606.95,3.5
14544,2677,9,166,217824801.48,3.6
14545,4158,2,262,452565610.31,7.0
14546,1763,5,363,344306533.41,5.0
14547,2148,6,265,267580616.73,4.2
14548,4478,8,209,254101211.24,3.5
14549,1385,10,219,927885970.83,15.0
14550,397,9,158,103394822.09,1.8
14551,1334,2,169,394270786.01,7.0
14552,3272,4,352,149645547.0,2.5
14553,2104,3,204,523295470.17,9.9
14554,893,11,107,214914928.53,3.0
14555,4019,5,142,432105363.02,7.5
14556,3256,4,86,134118906.31,2.5
14557,4655,3,35,184374570.68,3.3
14558,1934,10,163,94547947.93,1.5
14559,3181,9,225,114831164.73,1.8
14560,4008,7,61,888325038.25,15.0
14561,1126,15,26,460092223.69,7.0
14562,3443,6,335,515329722.74,8.4
14563,4370,15,198,978663178.41,17.5
14564,1931,14,171,383641527.73,7.0
14565,285,5,98,163591509.23,2.5
14566,4523,12,59,1350588434.29,22.5
14567,1681,9,275,878741764.35,14.4
14568,871,3,323,450836015.67,6.6
14569,4536,4,191,140819600.02,2.5
14570,1162,11,335,533974606.22,6.0
14571,4540,15,190,717122829.51,10.5
14572,369,6,123,746139395.27,12.6
14573,4014,11,340,604659656.07,9.0
14574,4066,12,165,579758393.92,9.0
14575,2146,2,205,422588241.23,7.0
14576,277,4,93,1258791920.42,20.0
14577,3891,8,291,2174755280.61,28.0
14578,4491,3,37,1522361480.17,26.4
14579,3098,10,299,672965349.13,12.0
14580,2403,7,292,186739563.91,3.0
14581,2269,13,179,1359300272.34,17.5
14582,813,14,302,1306067770.31,17.5
14583,3677,8,12,477543538.76,7.0
14584,4115,6,198,875086876.76,12.6
14585,4072,9,125,343633405.03,5.4
14586,1978,2,124,211298501.42,3.5
14587,2762,14,339,281420415.16,3.5
14588,2985,12,233,515351347.2,9.0
14589,2145,13,312,1787323221.86,28.0
14590,3074,15,226,239373989.53,3.5
14591,814,2,317,263401171.36,3.5
14592,254,2,272,331879289.27,7.0
14593,2301,3,69,204054785.44,3.3
14594,2026,2,281,354438455.56,7.0
14595,21,9,326,114782646.81,1.8
14596,68,13,280,656553515.3,10.5
14597,3565,2,170,1887165465.13,35.0
14598,2042,13,149,452073883.25,7.0
14599,2568,3,291,388509885.6,6.6
14600,4431,10,97,227566638.62,3.0
14601,4993,3,235,366332568.83,6.6
14602,1922,15,179,496312287.16,7.0
14603,2291,4,244,294507933.12,5.0
14604,2181,10,275,508886022.79,7.5
14605,1816,2,70,241471424.01,3.5
14606,1878,2,86,1678859173.87,28.0
14607,3006,11,336,1106717431.85,15.0
14608,2753,15,364,265495005.25,3.5
14609,4162,15,211,1574206941.65,28.0
14610,2049,12,110,1480063177.5,22.5
14611,4164,1,243,780540371.81,12.0
14612,984,12,161,2410137067.0,36.0
14613,1551,8,282,432139800.66,7.0
14614,280,8,321,1148533965.69,17.5
14615,2114,6,179,1328437762.63,21.0
14616,4274,6,128,2146064915.94,33.6
14617,4164,3,163,524289152.03,6.6
14618,4850,9,219,805599286.47,14.4
14619,1997,8,261,701081711.49,10.5
14620,1070,2,355,470197513.76,7.0
14621,3171,7,338,519691008.41,7.5
14622,59,12,81,984008024.0,13.5
14623,2163,2,88,863512135.07,10.5
14624,2235,15,299,496167957.72,7.0
14625,2081,9,166,1224536694.17,18.0
14626,4255,13,215,221948725.22,3.5
14627,106,1,125,677559961.9,12.0
14628,3287,8,312,267559594.83,3.5
14629,2393,10,309,288258440.77,4.5
14630,412,5,290,136905978.69,2.5
14631,2578,5,16,162754627.74,2.5
14632,229,6,325,1026362241.09,12.6
14633,187,2,210,530225909.36,10.5
14634,2448,12,77,3326735061.83,45.0
14635,1882,14,179,424985374.83,7.0
14636,4656,8,324,2251654133.93,35.0
14637,2629,1,103,223167398.79,3.0
14638,1906,7,9,100869504.64,1.5
14639,4604,11,6,629778853.3,9.0
14640,3499,11,25,1205963874.39,15.0
14641,3204,14,123,776384240.31,10.5
14642,4951,6,126,781077672.52,12.6
14643,3182,4,31,1002950215.44,12.5
14644,1008,8,13,973835378.77,17.5
14645,223,12,75,1712247790.77,36.0
14646,4196,14,244,737578647.02,10.5
14647,4861,5,301,218046132.15,5.0
14648,1842,2,171,398755137.83,7.0
14649,519,13,176,373066340.08,7.0
14650,3802,2,322,247201777.53,3.5
14651,3401,11,122,608565396.25,9.0
14652,1443,8,287,1029592479.51,17.5
14653,2544,6,45,3324191446.9,42.0
14654,1995,11,142,543655900.3,9.0
14655,1459,5,304,316715144.99,5.0
14656,3113,5,296,141484135.89,2.5
14657,1024,11,180,648144035.13,9.0
14658,626,1,111,656076242.76,12.0
14659,3996,15,249,2459695307.85,35.0
14660,600,6,73,1019048761.14,12.6
14661,3218,15,84,511881288.55,7.0
14662,4386,9,346,552308331.97,9.0
14663,3986,10,97,278039641.63,4.5
14664,1478,15,122,232649839.54,3.5
14665,3173,3,265,496524152.17,6.6
14666,4004,4,182,347969155.25,7.5
14667,3473,7,243,296712792.75,4.5
14668,4803,2,341,1309158784.23,17.5
14669,1362,15,332,619641673.87,10.5
14670,3521,7,339,446052778.37,7.5
14671,1485,10,323,442989557.27,7.5
14672,3461,9,343,1038954206.12,14.4
14673,4760,3,301,435601910.38,6.6
14674,2885,5,97,1797135207.86,25.0
14675,4809,6,83,733051025.77,12.6
14676,2033,9,127,329369071.29,5.4
14677,4536,6,242,599129711.41,8.4
14678,1011,12,117,2969230826.25,45.0
14679,4577,10,99,818862552.93,12.0
14680,1071,6,92,502321540.67,8.4
14681,3138,14,123,413671588.89,7.0
14682,4622,4,199,254721937.76,5.0
14683,2821,7,41,118416225.96,1.5
14684,4800,9,264,277085086.18,3.6
14685,4681,4,170,180862220.16,2.5
14686,87,11,83,404350375.12,6.0
14687,2286,12,123,305446450.34,4.5
14688,4713,15,311,411484282.79,7.0
14689,1251,15,237,199710259.69,3.5
14690,911,9,341,365143011.38,5.4
14691,3823,7,173,107471117.48,1.5
14692,2340,8,336,486346024.19,7.0
14693,3859,15,347,236010742.04,3.5
14694,3417,14,339,1677751848.56,28.0
14695,3313,3,20,428481103.69,6.6
14696,752,11,250,184496762.54,3.0
14697,1076,14,103,189955765.55,3.5
14698,2986,5,90,447335472.52,7.5
14699,2211,3,218,235412778.37,3.3
14700,1132,14,35,1168258333.93,17.5
14701,1115,4,247,466007692.82,7.5
14702,4187,6,353,684041787.96,12.6
14703,4322,7,339,63924852.82,1.5
14704,3057,15,29,239885248.59,3.5
14705,4857,14,22,690104409.12,10.5
14706,1980,7,76,116394038.3,1.5
14707,1723,14,37,452160454.6,7.0
14708,324,8,195,1102029037.15,17.5
14709,2885,10,311,203456974.08,3.0
14710,2269,3,132,465734555.04,6.6
14711,4030,4,340,527807191.36,7.5
14712,4703,4,278,290423181.0,5.0
14713,1999,7,329,88641468.83,1.5
14714,4482,6,238,564723240.75,8.4
14715,3289,1,20,592504638.7,7.5
14716,1634,10,191,473411726.82,7.5
14717,3666,2,289,240038364.63,3.5
14718,1606,9,170,216574838.49,3.6
14719,3818,11,258,474926907.57,6.0
14720,3660,1,324,101683563.18,1.5
14721,4191,5,313,378431642.47,7.5
14722,3856,8,25,220828770.86,3.5
14723,2196,2,350,956977732.46,17.5
14724,4995,14,248,525529237.92,7.0
14725,1777,1,34,92602702.28,1.5
14726,3337,8,244,192938010.86,3.5
14727,2694,14,271,630843229.09,10.5
14728,4158,4,285,149293579.61,2.5
14729,2859,7,338,217988035.06,3.0
14730,2102,3,53,567799760.52,9.9
14731,882,15,68,406830446.22,7.0
14732,525,3,18,193165439.59,3.3
14733,785,4,60,639781573.66,12.5
14734,2557,4,60,171359383.3,2.5
14735,911,7,307,213589161.44,3.0
14736,1640,4,242,170337727.54,2.5
14737,873,10,241,100375615.6,1.5
14738,1018,13,51,219912521.64,3.5
14739,2673,8,308,426651852.0,7.0
14740,4835,13,7,1797950358.36,28.0
14741,1739,9,39,678479201.72,9.0
14742,2611,4,272,253472206.59,5.0
14743,3278,12,293,324286993.29,4.5
14744,4635,10,360,161724155.78,3.0
14745,3848,6,344,582101776.38,8.4
14746,2710,10,168,465752210.1,7.5
14747,4638,1,280,287301913.5,4.5
14748,4272,2,177,1161048036.41,17.5
14749,4604,2,322,241093521.09,3.5
14750,738,11,107,326412601.77,6.0
14751,3403,2,223,519396656.08,7.0
14752,3532,10,194,90624977.53,1.5
14753,1795,10,107,95901503.18,1.5
14754,2686,11,190,615589855.12,9.0
14755,4421,3,88,1888567668.41,26.4
14756,3088,11,12,194835430.49,3.0
14757,3738,6,340,766639489.44,12.6
14758,1461,7,136,94947558.01,1.5
14759,750,11,143,207374228.36,3.0
14760,2351,7,156,82422640.28,1.5
14761,1697,11,328,168153334.67,3.0
14762,320,11,17,1034355913.65,15.0
14763,780,12,195,345368818.33,4.5
14764,3682,13,12,450891417.98,7.0
14765,1107,15,9,681824367.05,10.5
14766,772,14,17,214211391.92,3.5
14767,655,9,112,1336540610.0,18.0
14768,3000,5,176,368423842.63,5.0
14769,1075,3,30,590469333.6,9.9
14770,810,2,189,657712344.82,10.5
14771,2528,15,3,1265959384.5,17.5
14772,4668,7,243,153816601.68,3.0
14773,2197,7,252,182441255.95,3.0
14774,454,6,283,714343873.5,12.6
14775,949,13,118,1821434976.29,28.0
14776,4112,8,283,248711939.95,3.5
14777,2363,5,53,515879502.32,7.5
14778,2673,6,176,824111459.36,12.6
14779,497,2,56,1933039616.6,28.0
14780,4913,11,82,193487720.62,3.0
14781,1503,11,126,123627404.42,3.0
14782,4871,4,110,857770331.98,12.5
14783,630,15,364,206424856.76,3.5
14784,2252,11,71,341758515.85,6.0
14785,4040,13,282,555576638.95,7.0
14786,1220,1,21,97623104.8,1.5
14787,1698,14,77,809729772.27,17.5
14788,1437,3,60,608556183.49,9.9
14789,2087,10,132,99442822.68,1.5
14790,1522,14,267,712822574.0,10.5
14791,2315,11,362,672103655.53,9.0
14792,1154,1,110,90657081.97,1.5
14793,695,14,161,622121025.91,10.5
14794,2226,13,79,698015136.97,10.5
14795,545,5,208,176318863.46,2.5
14796,1367,14,61,220880240.85,3.5
14797,4026,7,289,86771788.08,1.5
14798,469,14,3,226364186.68,3.5
14799,1422,13,115,508874379.77,7.0
14800,1810,8,258,230005600.13,3.5
14801,790,15,33,1909567580.01,35.0
14802,2806,3,128,467589172.24,6.6
14803,3517,13,20,449454010.96,7.0
14804,1338,11,356,217642084.31,3.0
14805,2728,11,285,2530631958.78,30.0
14806,4563,1,272,146776013.82,3.0
14807,2830,9,281,122316982.2,1.8
14808,1137,1,161,303484045.4,4.5
14809,3628,13,124,699376516.97,10.5
14810,1189,9,182,201080450.32,3.6
14811,2122,1,253,264096446.01,4.5
14812,235,15,323,226612185.34,3.5
14813,1629,13,49,240620699.21,3.5
14814,1472,15,216,1953746301.39,35.0
14815,1626,13,198,781566037.13,10.5
14816,3314,6,193,1955073127.56,33.6
14817,3316,2,287,591390818.88,10.5
14818,569,14,149,467797894.84,7.0
14819,2524,5,159,304773245.67,5.0
14820,1833,15,74,2150469100.53,35.0
14821,2509,5,178,270930643.29,5.0
14822,95,15,54,214278639.96,3.5
14823,2071,13,189,492608603.97,7.0
14824,134,8,212,580834859.74,7.0
14825,2871,11,157,359549467.6,6.0
14826,335,10,128,163938426.17,3.0
14827,3553,11,334,1103589774.84,15.0
14828,4269,11,168,2111954750.09,30.0
14829,1968,13,108,263141086.21,3.5
14830,1857,12,258,2785739308.02,45.0
14831,1292,2,342,718653770.82,10.5
14832,1153,15,194,587537508.07,10.5
14833,4729,14,44,210954545.81,3.5
14834,370,9,76,343973692.47,5.4
14835,2228,13,138,1868890666.63,28.0
14836,487,11,163,1629515052.31,24.0
14837,4178,10,184,167983645.07,3.0
14838,4948,15,292,530058680.32,7.0
14839,458,5,283,328829801.03,5.0
14840,3197,1,201,852344044.06,12.0
14841,2664,6,332,282600786.32,4.2
14842,2947,11,61,1481546355.0,24.0
14843,167,15,316,234061484.17,3.5
14844,2906,14,101,625046499.9,10.5
14845,4282,12,168,805630758.71,13.5
14846,3224,4,274,329133210.17,5.0
14847,2427,15,272,611852929.09,10.5
14848,2215,14,213,685764913.21,10.5
14849,291,4,41,303339947.24,5.0
14850,2397,12,151,1473507600.98,22.5
14851,4094,5,3,134221991.07,2.5
14852,962,5,79,301921319.51,5.0
14853,2305,13,36,239784883.8,3.5
14854,4617,1,324,208485411.5,3.0
14855,162,11,153,240954772.22,3.0
14856,1782,10,198,180028381.35,3.0
14857,3556,11,63,1866627665.97,30.0
14858,3618,5,336,173419044.72,2.5
14859,996,8,350,1769333877.53,28.0
14860,3639,5,219,813697538.47,12.5
14861,1939,13,124,449735303.78,7.0
14862,2419,12,129,280650962.65,4.5
14863,45,14,234,412229019.73,7.0
14864,4040,7,132,499832440.91,7.5
14865,1016,6,250,1291141340.04,21.0
14866,1837,11,272,424454411.31,6.0
14867,1085,3,54,545284128.6,9.9
14868,2641,2,175,258710499.79,3.5
14869,1746,9,95,730944540.29,9.0
14870,3141,15,257,838866794.91,10.5
14871,4756,7,112,747703288.45,12.0
14872,3952,12,245,2871346010.45,45.0
14873,3925,2,92,474959451.43,7.0
14874,3583,11,310,1732903029.43,24.0
14875,378,12,313,2525965081.09,36.0
14876,2460,12,99,584653009.99,9.0
14877,3767,15,189,483743518.44,7.0
14878,2908,5,140,697133003.57,12.5
14879,887,1,89,548492241.1,7.5
14880,1262,1,240,103709953.37,1.5
14881,4391,1,321,100588741.14,1.5
14882,2239,11,174,186526285.63,3.0
14883,4919,2,242,428178113.46,7.0
14884,1349,7,238,199164978.72,3.0
14885,10,5,114,254818816.47,5.0
14886,1638,11,176,202014903.38,3.0
14887,1179,13,130,1272231722.19,17.5
14888,2859,12,172,732931019.69,9.0
14889,788,9,189,349070707.71,5.4
14890,374,3,67,192271979.12,3.3
14891,4607,4,264,1197426056.04,20.0
14892,3599,3,243,229985153.18,3.3
14893,4731,12,58,581947761.71,9.0
14894,2747,15,86,516382606.19,7.0
14895,1605,2,218,2316835673.54,28.0
14896,949,3,93,365825822.02,6.6
14897,2742,4,33,191879301.66,2.5
14898,855,11,282,219254088.5,3.0
14899,1628,3,279,1758331584.22,26.4
14900,2597,5,128,187436575.08,2.5
14901,3126,3,363,416705185.47,6.6
14902,3952,15,15,216517813.36,3.5
14903,3046,2,109,1145449840.79,17.5
14904,193,13,19,967625332.07,17.5
14905,3560,10,256,93878539.42,1.5
14906,3157,8,215,691747608.6,10.5
14907,1678,5,282,582936157.73,7.5
14908,3624,8,1,582341536.14,10.5
14909,1359,3,339,1033499929.0,16.5
14910,4320,11,106,324223758.55,6.0
14911,405,8,226,625685403.27,10.5
14912,4497,10,139,106030223.02,1.5
14913,2805,2,171,413173130.53,7.0
14914,2311,14,220,256686041.44,3.5
14915,4195,4,308,739104139.54,12.5
14916,2535,10,41,81911303.8,1.5
14917,613,1,154,96906494.37,1.5
14918,584,8,76,208420681.82,3.5
14919,1536,1,210,209382680.71,4.5
14920,3045,12,294,581107495.66,9.0
14921,762,4,291,194136678.95,2.5
14922,1490,3,173,547510881.99,9.9
14923,2201,3,320,677869003.91,9.9
14924,3407,14,224,467755482.43,7.0
14925,646,14,275,1426931083.45,17.5
14926,652,2,202,1058223406.09,17.5
14927,3807,7,63,79658157.78,1.5
14928,2042,5,228,403764462.19,5.0
14929,3581,13,122,573430159.85,10.5
14930,3984,2,305,635058931.81,10.5
14931,1208,8,227,535864595.23,7.0
14932,1729,15,352,192075673.66,3.5
14933,374,5,293,938414419.95,20.0
14934,4955,4,226,144866244.17,2.5
14935,3795,8,56,1763830473.24,35.0
14936,1224,3,201,1367803214.2,26.4
14937,1553,10,89,1086263454.54,15.0
14938,3133,9,42,554942291.83,9.0
14939,2933,5,9,343135921.54,7.5
14940,4033,13,13,704272162.53,10.5
14941,4637,7,233,97485929.5,1.5
14942,4254,10,36,344673735.72,7.5
14943,2635,15,233,985709025.67,17.5
14944,2747,2,50,1923474622.53,28.0
14945,3316,7,226,178537434.85,3.0
14946,4182,7,235,221316537.19,4.5
14947,2115,2,36,251585652.73,3.5
14948,709,2,308,610657569.02,10.5
14949,3287,13,361,493024571.2,7.0
14950,604,3,301,620871392.04,9.9
14951,4677,2,219,2193563580.41,35.0
14952,3586,9,73,777881635.56,9.0
14953,1875,2,326,1880479576.78,35.0
14954,232,14,265,2024060069.9,28.0
14955,2140,10,244,85575397.12,1.5
14956,2403,9,346,344954840.46,5.4
14957,717,11,73,173084730.53,3.0
14958,3092,2,109,436877478.46,7.0
14959,3819,9,112,572803785.93,9.0
14960,3435,12,205,289902818.42,4.5
14961,3650,8,206,1294297000.59,17.5
14962,3151,11,245,209874968.54,3.0
14963,3013,3,298,700208401.92,9.9
14964,3021,4,124,336569116.8,5.0
14965,3552,1,207,421026626.84,7.5
14966,2213,5,325,317716583.97,5.0
14967,3816,9,240,100969215.4,1.8
14968,442,13,162,580068302.17,7.0
14969,2919,6,60,241948127.7,4.2
14970,631,1,164,172524331.58,3.0
14971,4294,5,57,930124130.87,12.5
14972,2470,7,265,86288661.17,1.5
14973,4913,9,355,118805409.26,1.8
14974,1058,6,343,1382598233.03,21.0
14975,4957,14,132,634054089.8,10.5
14976,2092,3,280,1116741274.52,16.5
14977,455,15,189,777086043.81,10.5
14978,3552,8,59,682257341.38,10.5
14979,3907,12,212,669164045.56,9.0
14980,342,7,358,180781795.9,3.0
14981,1048,13,215,936325774.87,17.5
14982,1565,7,237,102532580.59,1.5
14983,2037,13,316,177966088.54,3.5
14984,1324,7,30,82916163.55,1.5
14985,546,5,133,287494289.11,5.0
14986,2667,1,266,746546509.22,12.0
14987,3620,9,164,331836260.38,5.4
14988,112,6,27,832532579.82,12.6
14989,2448,1,182,97992089.18,1.5
14990,2471,2,208,500643148.66,7.0
14991,29,14,175,443646843.36,7.0
14992,2231,3,177,471434623.26,9.9
14993,3469,7,208,451382649.77,7.5
14994,58,2,174,654650558.52,10.5
14995,2023,9,51,102507807.39,1.8
14996,363,6,282,748038165.2,12.6
14997,3820,7,358,112979023.24,1.5
14998,4299,4,176,153930891.88,2.5
14999,4396,8,20,412116754.89,7.0
15000,438,11,215,1646211239.27,30.0
15001,2591,5,287,323239758.36,5.0
15002,3274,3,227,232597644.61,3.3
15003,3451,8,34,245397024.85,3.5
15004,2869,7,259,781811257.27,12.0
15005,961,11,107,1009342230.98,15.0
15006,4334,7,18,196378729.53,3.0
15007,3758,1,2,97201848.53,1.5
15008,4661,13,177,2231144226.82,35.0
15009,3720,8,337,225197821.43,3.5
15010,789,8,169,250598774.72,3.5
15011,1055,4,149,1109195791.18,20.0
15012,218,14,305,395628483.53,7.0
15013,2582,13,137,495775679.42,7.0
15014,2089,10,355,93003083.74,1.5
15015,523,6,37,556613863.92,8.4
15016,3133,12,281,305371795.66,4.5
15017,1140,4,263,353715889.97,5.0
15018,2231,15,330,592870139.98,10.5
15019,580,7,316,196160841.02,3.0
15020,1353,6,34,785304058.41,12.6
15021,2007,6,290,471617393.09,8.4
15022,2135,12,82,811018331.06,13.5
15023,2811,14,124,1217368108.13,17.5
15024,1160,1,28,98183736.27,1.5
15025,2497,1,303,108399680.35,1.5
15026,425,5,310,161105417.71,2.5
15027,3898,6,272,734121362.3,12.6
15028,2779,12,178,2431562615.87,36.0
15029,441,15,354,2109030949.58,35.0
15030,2212,4,59,181381798.66,2.5
15031,3268,10,361,186617974.15,3.0
15032,3092,3,29,1943119600.37,33.0
15033,3751,12,24,243005979.54,4.5
15034,4129,15,176,266634513.63,3.5
15035,1098,1,116,415301259.81,7.5
15036,3529,13,285,229898520.02,3.5
15037,1412,7,8,304797171.63,4.5
15038,1951,3,69,395777924.62,6.6
15039,3968,2,103,2801680492.69,35.0
15040,681,6,130,1420101107.2,21.0
15041,3940,5,315,274969259.96,5.0
15042,3304,15,65,602747714.25,7.0
15043,2041,14,108,258409576.01,3.5
15044,3541,6,329,1162551884.09,21.0
15045,2578,11,301,200997080.62,3.0
15046,940,1,198,197135520.57,3.0
15047,1386,13,34,210575702.4,3.5
15048,1896,7,330,102157798.75,1.5
15049,1645,9,178,366737971.33,5.4
15050,544,15,228,457723465.74,7.0
15051,520,14,208,409923560.9,7.0
15052,2711,13,67,422442250.43,7.0
15053,4319,11,256,219588664.85,3.0
15054,458,1,24,442229111.55,7.5
15055,2306,2,229,623538734.87,10.5
15056,3583,13,134,756202818.43,10.5
15057,65,1,338,188358904.92,3.0
15058,4056,10,76,838078028.97,15.0
15059,1667,3,318,312144703.25,6.6
15060,2071,13,123,1676831849.56,28.0
15061,4636,4,260,916176288.0,12.5
15062,3665,5,83,568572242.67,7.5
15063,4108,1,322,171320138.91,3.0
15064,1804,3,225,389590212.64,6.6
15065,4455,12,135,978986744.52,13.5
15066,3605,10,284,230630825.92,4.5
15067,2521,12,95,851217439.41,13.5
15068,2300,3,329,174335569.56,3.3
15069,3265,8,313,259583197.45,3.5
15070,521,2,131,1658255545.04,28.0
15071,2252,15,317,707433905.62,10.5
15072,3272,8,224,414792700.47,7.0
15073,1164,5,42,158570550.51,2.5
15074,604,13,296,189769150.51,3.5
15075,3848,14,12,229299796.04,3.5
15076,3707,6,267,496682653.45,8.4
15077,1608,11,222,634701352.48,9.0
15078,608,3,252,1676337838.36,26.4
15079,2171,10,69,214761743.3,3.0
15080,2828,13,135,181707339.54,3.5
15081,4892,1,133,196197168.21,3.0
15082,3843,7,61,198544136.21,3.0
15083,3612,1,62,180581694.88,3.0
15084,2780,14,358,1178218778.73,17.5
15085,97,11,272,196891582.04,3.0
15086,4463,7,19,102243605.53,1.5
15087,1558,4,125,1237476959.94,20.0
15088,72,2,322,235792731.93,3.5
15089,1550,5,210,292334169.19,5.0
15090,4906,7,263,100520436.16,1.5
15091,1255,10,354,551831092.68,7.5
15092,1897,15,347,235740857.88,3.5
15093,2269,2,2,248179044.73,3.5
15094,3203,3,309,516686681.03,6.6
15095,2362,7,121,182551422.46,3.0
15096,4378,8,237,1837301868.04,28.0
15097,2742,4,315,369008292.97,5.0
15098,842,15,104,561171103.52,7.0
15099,394,7,214,223539962.06,3.0
15100,3131,4,41,831498735.93,12.5
15101,4829,5,12,921137045.68,12.5
15102,833,8,190,2408780467.6,35.0
15103,2911,7,263,782889710.28,15.0
15104,3763,2,362,598437916.2,7.0
15105,616,9,116,209289894.74,3.6
15106,2087,4,148,529556375.29,7.5
15107,2202,7,276,92800522.02,1.5
15108,1757,9,91,358153926.77,5.4
15109,4540,9,14,234237315.5,3.6
15110,3700,11,328,235927852.21,3.0
15111,2123,2,272,458176257.0,7.0
15112,2332,4,342,330842330.1,5.0
15113,4487,2,135,1201019845.55,17.5
15114,1649,12,192,641597638.74,9.0
15115,3411,12,27,1591415319.17,22.5
15116,1911,5,46,451810045.53,7.5
15117,2044,11,222,602850995.56,9.0
15118,4375,3,144,507135439.97,6.6
15119,1783,5,123,329245434.57,5.0
15120,656,2,117,1204754024.52,17.5
15121,3637,10,160,191496716.66,3.0
15122,4915,14,181,362434579.8,7.0
15123,1964,14,72,222661970.98,3.5
15124,2635,5,71,144697698.25,2.5
15125,56,4,23,493790937.02,7.5
15126,3482,12,62,808717954.88,13.5
15127,1668,6,153,1594010967.77,21.0
15128,3829,8,215,966148078.64,17.5
15129,3435,8,281,492458964.09,7.0
15130,4466,8,326,747979831.71,10.5
15131,2200,13,80,1041436029.96,17.5
15132,2101,12,188,1361483648.93,22.5
15133,79,8,155,255656421.16,3.5
15134,4012,1,63,521625631.74,7.5
15135,569,10,309,806590455.54,15.0
15136,574,13,153,1794499086.54,28.0
15137,192,14,330,687157674.72,10.5
15138,4985,14,309,369258276.36,7.0
15139,1512,5,353,506430005.92,7.5
15140,4543,2,60,1120970784.31,17.5
15141,3037,1,107,87118837.62,1.5
15142,761,9,87,252144400.65,3.6
15143,651,2,301,765129784.31,10.5
15144,4608,13,259,2298016179.98,35.0
15145,695,14,163,230329721.79,3.5
15146,3033,8,190,428093314.51,7.0
15147,1368,4,85,302676385.22,5.0
15148,4865,4,243,331692269.46,5.0
15149,4422,10,304,502856013.48,7.5
15150,1434,1,241,859609181.1,12.0
15151,2200,2,133,1876283048.01,28.0
15152,2780,11,283,637772542.46,9.0
15153,4748,12,292,1458664518.38,22.5
15154,4422,2,55,1220450669.32,17.5
15155,1998,3,110,409846255.8,6.6
15156,2431,13,5,213430667.17,3.5
15157,4868,7,283,104754228.42,1.5
15158,920,6,163,774362463.25,12.6
15159,1493,5,222,482389504.56,7.5
15160,3158,6,107,1375074341.77,21.0
15161,257,3,315,1161653822.02,16.5
15162,2230,15,100,301777451.25,7.0
15163,1833,9,266,186791052.66,3.6
15164,653,14,141,521799656.16,7.0
15165,2564,14,56,201617271.02,3.5
15166,2289,3,145,2008479135.58,33.0
15167,4421,3,236,413563443.92,6.6
15168,934,12,169,826767789.97,13.5
15169,3046,13,88,1452155849.97,28.0
15170,4075,9,117,242268598.95,3.6
15171,1038,8,243,385976337.8,7.0
15172,4198,15,331,2115658668.74,35.0
15173,4556,5,92,690236198.84,12.5
15174,467,15,258,445991192.74,7.0
15175,745,4,150,336946799.94,5.0
15176,723,13,270,234266837.87,3.5
15177,2165,14,264,461499409.64,7.0
15178,4353,6,291,1271642983.18,21.0
15179,530,12,360,3053053829.02,45.0
15180,526,3,189,992808770.28,16.5
15181,3797,7,197,199759500.89,3.0
15182,2247,7,198,182622761.18,3.0
15183,666,1,91,213487618.44,3.0
15184,3994,13,161,612998448.74,10.5
15185,2299,15,324,193816696.23,3.5
15186,1170,1,283,333969678.8,4.5
15187,510,12,220,306728158.58,4.5
15188,2506,6,107,557304938.63,8.4
15189,2970,8,39,2362960922.69,35.0
15190,2947,10,323,190335466.1,3.0
15191,37,6,224,571505973.88,8.4
15192,4015,12,149,248470875.67,4.5
15193,791,4,160,151027583.67,2.5
15194,1208,9,284,124478116.38,1.8
15195,1564,14,42,1855204908.29,28.0
15196,1408,1,350,175196148.81,3.0
15197,3913,2,187,2468505559.42,28.0
15198,3227,9,333,255277770.12,3.6
15199,1100,3,182,396498432.27,6.6
15200,2082,2,235,943649509.34,17.5
15201,2818,15,263,542882283.97,7.0
15202,4407,11,199,625362844.12,9.0
15203,1354,13,197,1145362720.54,17.5
15204,4564,14,333,250597503.55,3.5
15205,365,8,302,198277607.93,3.5
15206,1647,7,322,340720178.77,4.5
15207,1727,1,106,114903146.07,1.5
15208,166,9,340,697444266.91,9.0
15209,2579,15,53,1161750797.5,17.5
15210,3368,14,261,2195411672.2,28.0
15211,2839,13,119,655312079.94,10.5
15212,4772,9,252,113152228.55,1.8
15213,549,3,182,694464152.72,9.9
15214,2897,3,176,891392291.3,16.5
15215,4088,8,323,1064642716.13,17.5
15216,87,7,285,103903150.28,1.5
15217,3176,5,231,593955664.52,7.5
15218,4169,11,77,174059216.1,3.0
15219,3428,7,357,451705842.09,7.5
15220,761,7,27,1137719209.97,15.0
15221,2309,4,29,163859797.42,2.5
15222,2679,3,222,579910523.76,9.9
15223,2247,11,32,381284797.07,6.0
15224,4602,7,282,81460046.8,1.5
15225,1542,1,86,242835580.37,4.5
15226,3623,4,257,807418441.43,12.5
15227,3610,7,119,102144425.7,1.5
15228,3082,5,260,526390892.96,12.5
15229,4031,7,299,786802626.98,12.0
15230,4612,8,241,225510225.68,3.5
15231,1457,7,93,472243112.74,7.5
15232,1567,7,359,375143300.31,4.5
15233,4044,4,297,735094419.03,12.5
15234,4119,9,119,225390939.54,3.6
15235,1604,10,333,567389355.95,7.5
15236,4042,5,355,692344320.29,12.5
15237,2192,2,187,242686829.54,3.5
15238,1643,2,141,399697298.83,7.0
15239,2649,11,46,616596032.84,9.0
15240,157,7,131,184390549.01,3.0
15241,2083,14,264,1448755539.09,28.0
15242,3703,7,72,203357643.46,3.0
15243,309,10,38,102905173.15,1.5
15244,4646,7,137,104274882.62,1.5
15245,849,3,60,211303444.74,3.3
15246,3381,14,166,417827373.7,7.0
15247,1689,8,169,223029789.0,3.5
15248,1085,7,118,690240663.92,12.0
15249,1536,13,55,933582246.59,17.5
15250,2465,2,356,1188263036.65,17.5
15251,1845,15,241,1983606883.51,28.0
15252,4974,3,173,875073429.96,16.5
15253,2826,13,154,222666280.19,3.5
15254,2006,9,240,186028159.83,3.6
15255,3589,14,181,286727471.13,3.5
15256,1979,11,350,612768596.79,9.0
15257,3044,13,336,1621379162.47,28.0
15258,245,1,328,180378548.71,3.0
15259,362,14,123,697274603.15,10.5
15260,1042,10,220,120433941.68,1.5
15261,144,4,4,191671100.91,2.5
15262,2705,5,14,1188650945.62,20.0
15263,229,4,315,425749495.17,7.5
15264,1647,7,327,181483172.08,3.0
15265,3604,1,43,387201756.55,7.5
15266,3510,3,37,227880832.0,3.3
15267,3705,6,252,1038564524.67,21.0
15268,629,9,188,277972629.52,3.6
15269,150,13,79,683278832.53,10.5
15270,1304,14,162,547945339.19,7.0
15271,2485,13,152,389062815.07,7.0
15272,4531,12,327,567285130.24,9.0
15273,4103,4,38,359895964.31,5.0
15274,2532,5,188,443664015.85,7.5
15275,2653,15,251,247044432.67,3.5
15276,3376,11,2,979463011.63,15.0
15277,1461,4,322,289295799.3,5.0
15278,2239,8,140,646842089.25,10.5
15279,1556,7,325,88129562.73,1.5
15280,80,7,25,976662205.94,15.0
15281,4693,10,25,255674517.72,4.5
15282,4611,4,102,189499546.69,2.5
15283,3679,2,339,198777603.94,3.5
15284,3584,11,106,1681084813.53,24.0
15285,2676,10,364,257510715.41,4.5
15286,1419,10,353,127523288.86,1.5
15287,3323,12,26,352452079.69,4.5
15288,110,12,64,834142373.14,13.5
15289,3196,5,188,350422690.58,5.0
15290,2609,6,335,515885373.74,8.4
15291,4391,15,224,221427127.01,3.5
15292,2876,2,164,230148926.88,3.5
15293,2478,7,306,193427061.48,3.0
15294,2122,3,60,208416028.19,3.3
15295,2186,8,317,673934255.42,10.5
15296,283,12,265,858507591.27,13.5
15297,74,4,27,135200029.54,2.5
15298,3899,9,246,345447450.88,5.4
15299,3864,8,222,201372350.08,3.5
15300,1503,6,119,803747299.95,12.6
15301,500,6,250,1724698998.79,33.6
15302,1374,3,91,601803302.26,9.9
15303,4208,11,95,1058330934.46,15.0
15304,532,2,227,453041110.99,7.0
15305,1603,8,42,391183087.39,7.0
15306,4452,4,305,465309798.6,7.5
15307,3195,13,351,230696429.82,3.5
15308,2528,10,54,106616344.0,1.5
15309,2604,6,172,296543964.36,4.2
15310,519,7,353,115306925.58,1.5
15311,1861,1,217,321411602.36,4.5
15312,4289,9,344,116363721.88,1.8
15313,276,3,106,697076099.43,9.9
15314,308,8,81,243693513.27,3.5
15315,1543,6,91,458936055.68,8.4
15316,2425,11,142,418430206.92,6.0
15317,4799,15,189,458188855.44,7.0
15318,1263,15,123,628553678.93,10.5
15319,4676,1,136,87741523.69,1.5
15320,4314,6,291,2335143518.36,33.6
15321,2083,9,100,230065069.89,5.4
15322,3258,15,3,233232734.97,3.5
15323,3720,1,180,218874862.16,3.0
15324,3217,10,102,104905931.59,1.5
15325,4566,9,215,222600885.44,3.6
15326,2444,12,231,2526921736.36,45.0
15327,2842,4,171,153888039.43,2.5
15328,536,7,361,81572387.82,1.5
15329,2897,5,294,865402338.06,12.5
15330,3472,3,268,905898292.77,16.5
15331,2560,14,189,434005867.24,7.0
15332,1746,1,197,224642269.43,3.0
15333,141,7,119,266781890.18,4.5
15334,4245,2,130,2293531335.76,35.0
15335,2372,10,180,395639471.74,7.5
15336,4305,13,168,577473266.84,7.0
15337,4878,4,43,306513026.18,5.0
15338,4500,8,89,1845207964.28,28.0
15339,2590,12,160,1715578237.62,22.5
15340,3518,11,326,954627494.54,15.0
15341,3503,1,291,96077684.57,1.5
15342,2372,15,252,1799434637.41,28.0
15343,2924,1,256,110959681.78,1.5
15344,2673,14,145,652208209.89,10.5
15345,3487,13,46,501450086.66,10.5
15346,3399,6,281,586039995.89,8.4
15347,4147,3,26,365653820.03,6.6
15348,2372,4,1,477829927.32,7.5
15349,2899,14,132,1936267794.48,28.0
15350,916,1,83,810289656.18,12.0
15351,386,12,290,3584494929.62,45.0
15352,1543,7,162,106103838.41,1.5
15353,1164,15,179,378605250.37,7.0
15354,1844,12,120,521516640.77,9.0
15355,831,11,326,1109141067.56,15.0
15356,216,12,316,3012961234.21,45.0
15357,4861,6,258,474262717.35,8.4
15358,2256,11,206,191744074.76,3.0
15359,4482,4,341,911505017.79,12.5
15360,2396,7,156,937309676.02,15.0
15361,54,3,91,1664048149.32,26.4
15362,2030,3,167,404588366.62,6.6
15363,2357,12,364,266736541.02,4.5
15364,1802,8,211,1067404622.21,17.5
15365,2209,8,59,242060923.33,3.5
15366,4703,1,233,690255209.37,12.0
15367,2576,7,71,75609564.76,1.5
15368,2736,5,130,755151861.4,12.5
15369,2528,4,69,144750516.76,2.5
15370,867,9,315,266685068.92,3.6
15371,450,5,41,1145987061.47,25.0
15372,4856,9,201,189744919.58,3.6
15373,4422,1,248,89813402.28,1.5
15374,1109,8,37,1792547996.67,28.0
15375,2487,7,336,472376902.57,7.5
15376,3067,12,38,503522293.27,9.0
15377,574,8,72,525302702.62,7.0
15378,2309,14,2,281686143.58,3.5
15379,4379,6,344,271861452.1,4.2
15380,3211,9,243,136311896.48,1.8
15381,2773,12,306,574188248.89,9.0
15382,802,8,22,1332850709.86,17.5
15383,4192,15,305,1613652945.33,28.0
15384,2109,2,179,678400284.97,10.5
15385,4044,9,339,111166654.97,1.8
15386,3880,6,188,294608110.68,4.2
15387,3017,7,226,188341678.94,3.0
15388,4059,1,217,273563442.61,4.5
15389,765,9,11,288628548.27,3.6
15390,1774,4,224,156069090.62,2.5
15391,833,5,281,185447207.14,2.5
15392,2703,14,89,654878526.54,10.5
15393,4832,12,361,342163197.59,4.5
15394,3847,8,52,1935607784.08,28.0
15395,1234,6,325,508968023.16,8.4
15396,3855,14,193,1317491573.53,17.5
15397,2393,10,40,289141126.11,4.5
15398,3614,14,78,451911019.03,7.0
15399,1470,13,138,280751375.71,3.5
15400,529,10,118,328421622.17,4.5
15401,619,7,50,75818884.71,1.5
15402,2435,9,207,1236076620.5,18.0
15403,3239,2,117,220924677.39,3.5
15404,4618,13,168,239782268.19,3.5
15405,2314,12,155,2517865348.99,45.0
15406,2301,9,137,248431032.85,3.6
15407,609,11,342,450979665.43,9.0
15408,221,7,139,180816611.75,3.0
15409,2383,13,94,740241686.33,10.5
15410,3847,6,190,755322793.84,12.6
15411,882,6,192,1210448248.78,21.0
15412,3264,5,73,1648853784.54,25.0
15413,2985,7,126,427380769.26,7.5
15414,4170,15,229,1874557666.74,35.0
15415,788,2,225,1110058812.44,17.5
15416,3476,4,33,303563271.48,5.0
15417,595,7,330,230751526.59,3.0
15418,1829,7,28,109359703.14,1.5
15419,3990,3,118,2161673933.26,33.0
15420,2693,10,252,196871146.0,3.0
15421,491,6,208,293190463.35,4.2
15422,1608,2,88,194788017.86,3.5
15423,3093,7,356,97564502.58,1.5
15424,4041,14,20,1160465053.17,17.5
15425,3797,6,26,492409925.84,8.4
15426,926,4,160,163873205.42,2.5
15427,2300,4,176,138402568.45,2.5
15428,1258,9,80,373772906.6,5.4
15429,4897,6,363,750806603.52,12.6
15430,4757,9,346,108144204.66,1.8
15431,1008,15,121,223417030.79,3.5
15432,2407,12,323,821930613.55,13.5
15433,1865,14,161,470617345.94,7.0
15434,973,4,249,561331959.8,7.5
15435,4917,14,127,1863174420.19,28.0
15436,3712,13,218,943832634.43,17.5
15437,1135,9,75,106761941.97,1.8
15438,3693,9,215,343701812.71,5.4
15439,1224,14,344,404091155.78,7.0
15440,1213,8,254,249886661.42,3.5
15441,1433,12,9,810456065.84,13.5
15442,2632,9,307,102855358.6,1.8
15443,3781,13,100,696150602.15,10.5
15444,3970,9,297,367812704.15,5.4
15445,2931,6,358,471621776.45,8.4
15446,3898,11,38,512071640.66,9.0
15447,4622,14,254,671090936.25,10.5
15448,1657,8,57,1368673634.04,17.5
15449,2382,9,51,219419968.2,3.6
15450,880,9,124,239657399.89,3.6
15451,3089,6,264,258923020.19,4.2
15452,4478,14,26,385909116.41,7.0
15453,1842,4,124,157951905.53,2.5
15454,681,1,113,528695421.25,7.5
15455,4656,4,86,146810192.08,2.5
15456,2039,10,261,203665690.59,3.0
15457,3831,10,89,316127531.32,4.5
15458,2454,12,33,263057678.86,4.5
15459,3045,1,258,347963248.69,4.5
15460,877,10,165,77829378.41,1.5
15461,3111,14,18,981655387.45,17.5
15462,2929,1,19,506272534.15,7.5
15463,1655,11,141,196536768.67,3.0
15464,2850,2,257,692805665.82,10.5
15465,4990,5,360,297256971.38,5.0
15466,3612,14,272,1453233780.54,35.0
15467,606,14,148,185120644.89,3.5
15468,2741,5,266,312145055.47,5.0
15469,1710,11,76,185582954.93,3.0
15470,3615,7,216,219045567.12,3.0
15471,3593,1,140,178809654.51,3.0
15472,1078,4,302,168395471.04,2.5
15473,4731,13,42,234250529.55,3.5
15474,4178,10,129,98919425.27,1.5
15475,1768,9,319,537178292.45,9.0
15476,985,5,226,663247797.71,7.5
15477,2328,2,223,256649840.84,3.5
15478,2080,13,26,2239631621.56,35.0
15479,3943,13,59,248103266.1,3.5
15480,824,2,299,461647865.75,7.0
15481,3467,12,87,2642156806.46,45.0
15482,2793,5,356,1261079572.41,20.0
15483,3912,3,143,190154807.51,3.3
15484,2932,1,247,93663635.52,1.5
15485,1438,10,115,219917899.63,3.0
15486,1176,10,196,121644260.45,1.5
15487,4813,7,66,289874804.24,4.5
15488,291,14,123,221792238.57,3.5
15489,119,11,247,451718283.89,6.0
15490,3259,10,134,280844975.55,4.5
15491,4958,10,335,413299540.45,7.5
15492,726,3,161,383014934.03,6.6
15493,1485,15,129,760387636.06,10.5
15494,1272,13,33,1934380365.12,35.0
15495,857,5,282,335480477.64,5.0
15496,3173,13,242,743900554.32,10.5
15497,4172,12,205,922669990.32,13.5
15498,973,7,275,284797215.22,4.5
15499,3970,4,293,305106090.22,5.0
15500,1512,10,8,98752719.94,1.5
15501,3317,2,43,181969676.38,3.5
15502,2598,12,31,1006729211.66,13.5
15503,2077,2,260,1089323342.66,17.5
15504,1863,1,126,902477437.21,12.0
15505,1210,1,140,825105157.97,12.0
15506,254,13,89,1206852105.14,17.5
15507,440,5,31,145714039.71,2.5
15508,41,9,267,232442941.32,3.6
15509,906,12,4,3099884820.99,45.0
15510,3587,4,53,512703190.49,7.5
15511,4223,5,289,134743816.64,2.5
15512,1493,12,178,470773999.92,9.0
15513,4488,10,308,778664933.84,12.0
15514,1994,2,121,222014858.79,3.5
15515,946,7,25,823234766.48,12.0
15516,2832,2,362,1126166784.51,17.5
15517,1890,8,349,246601216.82,3.5
15518,3845,1,80,192995680.31,3.0
15519,3681,11,240,177227497.83,3.0
15520,3241,7,10,592741427.07,7.5
15521,2897,11,110,477803580.95,6.0
15522,3895,2,172,692518721.58,10.5
15523,2609,8,199,376931802.37,7.0
15524,869,7,298,309122358.33,4.5
15525,4185,12,297,2958623247.23,45.0
15526,1195,9,336,131383024.05,1.8
15527,912,10,363,256078181.76,4.5
15528,589,12,61,2049587503.25,36.0
15529,4937,1,188,92646088.8,1.5
15530,2566,2,34,230740653.05,3.5
15531,1706,15,302,1147295029.76,17.5
15532,3253,4,63,1767554826.87,25.0
15533,4843,1,337,80085412.05,1.5
15534,4015,4,293,327983732.82,5.0
15535,1287,8,162,261925223.28,3.5
15536,3208,5,336,1017421774.24,12.5
15537,3865,1,163,117122864.49,1.5
15538,3583,12,223,985272580.09,13.5
15539,1508,3,205,566760701.26,9.9
15540,3339,8,245,235698368.41,3.5
15541,3511,11,32,299867068.18,6.0
15542,3755,14,293,2210588094.32,35.0
15543,1312,8,219,412194647.66,7.0
15544,4379,8,309,276118374.66,3.5
15545,1317,10,326,500204106.11,7.5
15546,2542,14,48,252182091.54,3.5
15547,2559,12,235,1664675132.22,22.5
15548,380,2,50,184540482.41,3.5
15549,2311,5,38,1190257248.86,20.0
15550,2426,9,182,642600981.63,9.0
15551,3525,4,185,151922130.11,2.5
15552,4211,11,147,906414662.15,15.0
15553,1999,6,92,293287429.17,4.2
15554,3153,7,39,119181956.77,1.5
15555,1950,5,17,1423273989.4,25.0
15556,160,3,198,727179443.24,9.9
15557,2827,13,221,1769970269.56,28.0
15558,2585,1,199,173724854.56,3.0
15559,2576,3,332,2274758610.9,33.0
15560,4280,5,149,351726679.09,5.0
15561,330,6,105,1482776962.75,21.0
15562,2251,4,79,371381483.89,5.0
15563,4966,4,72,207229360.99,2.5
15564,2073,11,135,164817541.18,3.0
15565,3833,10,230,178269338.38,3.0
15566,2948,10,141,531928723.19,7.5
15567,4550,14,56,544269381.42,10.5
15568,430,6,75,843484303.5,12.6
15569,1677,3,202,647904105.66,9.9
15570,3184,8,318,167570240.45,3.5
15571,806,1,357,835684579.42,12.0
15572,3135,6,174,2836580186.81,42.0
15573,3750,2,163,368481203.08,7.0
15574,4399,9,293,119721645.57,1.8
15575,4991,4,202,168717807.84,2.5
15576,4586,11,160,176586808.67,3.0
15577,3036,14,355,1091788873.63,17.5
15578,775,11,37,165224122.64,3.0
15579,2665,12,86,563100892.68,9.0
15580,2566,12,361,294669015.9,4.5
15581,2752,15,196,787839759.7,10.5
15582,3049,7,272,179584832.33,3.0
15583,1785,14,307,508373048.98,7.0
15584,2482,14,246,777504140.73,10.5
15585,3865,5,31,884207303.09,12.5
15586,4744,8,110,578741746.29,10.5
15587,4210,12,5,316411470.12,4.5
15588,2717,15,253,415292040.13,7.0
15589,209,12,202,1437713259.0,22.5
15590,4237,2,230,783294769.2,10.5
15591,1652,1,285,155480194.02,3.0
15592,3917,14,311,472031108.21,7.0
15593,2588,13,252,196740675.64,3.5
15594,2869,12,63,278600649.73,4.5
15595,3376,9,144,105623043.17,1.8
15596,1143,8,74,634888141.62,10.5
15597,1676,15,349,599827073.97,10.5
15598,2934,14,46,211286631.32,3.5
15599,2128,10,250,186795859.91,3.0
15600,3971,3,310,196845349.43,3.3
15601,1672,15,3,193350636.37,3.5
15602,3232,13,87,1590052733.13,28.0
15603,4625,13,34,817505275.04,17.5
15604,792,2,301,248566590.01,3.5
15605,3867,9,240,124166702.31,1.8
15606,912,11,203,1140674210.05,24.0
15607,1517,2,128,1800336288.44,28.0
15608,953,14,51,248116893.47,3.5
15609,4184,2,44,1908228490.95,28.0
15610,3004,6,113,239901029.92,4.2
15611,4805,12,89,332463572.61,4.5
15612,46,7,150,169857622.62,3.0
15613,967,8,298,467305918.22,7.0
15614,93,14,223,423004120.76,7.0
15615,2854,3,343,349081042.38,6.6
15616,4648,14,363,1670146513.39,28.0
15617,3401,2,357,2015913656.75,28.0
15618,3413,15,319,567915861.49,7.0
15619,2198,6,285,669597188.48,12.6
15620,1661,8,231,483463562.33,7.0
15621,2842,8,263,2427814317.51,35.0
15622,2295,9,53,326503698.18,5.4
15623,192,5,25,127762685.89,2.5
15624,65,7,233,204357820.41,3.0
15625,4618,4,247,761532977.15,12.5
15626,1695,9,277,93683140.35,1.8
15627,3635,7,347,717221730.0,12.0
15628,2480,13,84,1580404206.01,28.0
15629,3924,14,34,683452482.71,10.5
15630,3305,3,182,1676284141.29,26.4
15631,3392,1,277,161579759.58,3.0
15632,4081,10,355,172405800.11,3.0
15633,2938,4,184,461985172.11,7.5
15634,96,8,195,205877297.46,3.5
15635,2980,14,68,2083136838.78,28.0
15636,91,3,109,437167534.17,6.6
15637,3491,12,150,598817226.14,9.0
15638,2024,5,185,291695179.22,5.0
15639,106,9,350,219940440.49,3.6
15640,4494,8,278,790425443.0,10.5
15641,1608,11,255,413678987.09,6.0
15642,2334,1,16,926542044.14,15.0
15643,2352,8,359,1083879496.88,17.5
15644,442,11,183,1196072260.21,15.0
15645,4735,8,298,187944477.75,3.5
15646,700,7,23,152688395.93,3.0
15647,2962,3,119,225031220.14,3.3
15648,1944,10,318,714115452.16,12.0
15649,1381,14,218,974785519.75,17.5
15650,683,10,59,83244942.28,1.5
15651,211,6,345,340498317.9,4.2
15652,3982,13,100,230245795.79,3.5
15653,4770,2,139,601013165.76,7.0
15654,2591,14,222,1385065816.27,17.5
15655,1601,12,151,564713756.41,9.0
15656,3800,14,214,683237738.25,10.5
15657,4806,8,302,205711107.06,3.5
15658,2175,8,346,218990212.3,3.5
15659,3432,2,107,208364332.6,3.5
15660,4206,3,324,431902474.75,6.6
15661,3757,6,82,1185621189.69,21.0
15662,4424,7,238,849741135.87,15.0
15663,3290,7,81,93270419.17,1.5
15664,1012,9,165,252337637.66,3.6
15665,3755,8,356,259034949.33,3.5
15666,2441,15,214,228688179.05,3.5
15667,1303,11,306,2333433718.03,30.0
15668,3865,15,106,813628731.09,10.5
15669,891,3,48,711561921.17,9.9
15670,2612,12,251,322867147.4,4.5
15671,4153,12,338,2150014772.71,22.5
15672,1104,9,330,117360653.07,1.8
15673,4112,3,200,230745514.39,3.3
15674,343,4,13,741947936.48,12.5
15675,3682,2,10,229918290.89,3.5
15676,3791,2,329,1015448609.4,17.5
15677,4701,14,42,226731118.84,3.5
15678,3718,14,298,707581567.04,10.5
15679,2631,5,292,1393711356.64,20.0
15680,4116,14,168,200342956.98,3.5
15681,1209,10,190,75471978.65,1.5
15682,2118,5,128,1346265659.49,25.0
15683,892,14,161,1061426351.1,17.5
15684,1572,1,293,209774071.92,3.0
15685,1826,2,231,418096745.45,7.0
15686,3459,10,310,852189887.14,15.0
15687,3614,7,6,93478305.15,1.5
15688,3475,7,224,471705474.42,7.5
15689,4365,8,347,444952444.08,7.0
15690,712,11,12,188926870.11,3.0
15691,2543,6,59,562970018.22,8.4
15692,4615,5,131,462291555.41,7.5
15693,4303,13,118,242199326.79,3.5
15694,2613,6,171,1475702861.32,21.0
15695,4815,4,203,1182829517.7,20.0
15696,4969,14,226,245621401.46,3.5
15697,4086,6,260,1321624582.33,21.0
15698,4810,8,161,468446164.58,7.0
15699,1617,11,193,191934949.87,3.0
15700,63,12,269,580043358.57,9.0
15701,4869,4,100,320973387.15,5.0
15702,158,11,277,967426463.11,15.0
15703,4587,4,196,1365098791.85,20.0
15704,1545,12,263,1722803372.66,22.5
15705,3282,15,155,2222388936.88,35.0
15706,4742,9,314,255976133.59,3.6
15707,586,1,102,1036904331.26,15.0
15708,4881,15,94,615204887.92,10.5
15709,1750,9,163,139926717.13,1.8
15710,883,5,27,345420023.81,5.0
15711,1466,6,328,300146724.55,4.2
15712,3378,2,97,310034454.06,3.5
15713,1909,5,318,1278982753.74,20.0
15714,3288,9,50,246932394.12,3.6
15715,4340,15,154,1621011396.3,28.0
15716,2013,2,89,214936819.81,3.5
15717,2992,9,146,350470248.92,5.4
15718,4644,10,359,198238366.74,3.0
15719,2453,6,235,828356500.54,12.6
15720,4263,13,21,433319670.12,7.0
15721,3079,3,90,1082803739.2,16.5
15722,1384,9,290,366137732.71,5.4
15723,4669,2,354,601902460.45,10.5
15724,4053,8,41,566639542.32,7.0
15725,1846,10,303,87722900.22,1.5
15726,3391,11,40,404036699.19,6.0
15727,4901,10,342,973898006.47,15.0
15728,310,6,179,812541076.55,12.6
15729,4859,3,302,405416972.88,6.6
15730,713,12,225,2373187571.03,36.0
15731,4083,15,123,1235442852.56,17.5
15732,2868,14,94,372215597.52,7.0
15733,2739,11,108,617730047.47,9.0
15734,3822,9,21,113806226.69,1.8
15735,3363,4,18,205685912.93,2.5
15736,3010,15,172,515798062.15,7.0
15737,4135,12,15,589616146.01,9.0
15738,2744,1,285,464136254.61,7.5
15739,4226,7,171,243060453.96,3.0
15740,1399,14,69,232939137.33,3.5
15741,1030,8,186,742838858.34,10.5
15742,1410,14,208,761883600.98,10.5
15743,1893,1,203,489342989.75,7.5
15744,3604,2,321,423866298.33,7.0
15745,3412,2,46,2844329502.58,35.0
15746,2640,11,243,240301269.36,3.0
15747,2717,10,72,520355804.67,7.5
15748,202,5,162,426488210.22,7.5
15749,2283,10,272,86553277.05,1.5
15750,1259,11,117,419949223.51,6.0
15751,3913,5,224,377494963.29,5.0
15752,3644,9,247,167365251.83,3.6
15753,3850,8,318,972654716.21,17.5
15754,3744,8,194,232756595.95,3.5
15755,4913,3,190,168907421.3,3.3
15756,953,15,234,955656476.89,17.5
15757,2156,8,245,253682096.04,3.5
15758,1453,12,138,2631351142.91,36.0
15759,375,10,282,347185994.41,4.5
15760,2786,1,259,195226185.95,3.0
15761,3217,3,50,671648625.48,9.9
15762,135,4,335,1390145594.9,25.0
15763,781,9,120,846650421.23,14.4
15764,1541,5,211,801800038.59,12.5
15765,348,13,100,729684165.2,10.5
15766,2826,4,166,1582712459.3,25.0
15767,4055,3,263,602718964.99,9.9
15768,4583,9,92,692722281.02,9.0
15769,3370,13,121,693590945.59,10.5
15770,4563,8,289,210454112.75,3.5
15771,2062,15,259,432064163.32,7.0
15772,3680,15,21,779754030.88,10.5
15773,1038,3,89,548211508.71,9.9
15774,1987,10,297,211033324.77,3.0
15775,3315,5,334,1433295277.45,25.0
15776,120,13,64,235906374.11,3.5
15777,4563,9,30,212913148.3,3.6
15778,2180,3,121,246279510.32,3.3
15779,2780,7,295,113803199.5,1.5
15780,3108,5,201,491161929.75,7.5
15781,2263,15,194,687404431.83,10.5
15782,2141,1,108,597983321.89,12.0
15783,448,8,54,398301798.73,7.0
15784,4807,9,65,1285123405.37,18.0
15785,1540,11,176,179737471.82,3.0
15786,68,4,1,1378504507.72,20.0
15787,441,14,246,411766885.46,7.0
15788,4686,15,223,1279168835.84,17.5
15789,1696,11,205,424930521.76,6.0
15790,4942,1,88,269245772.06,4.5
15791,364,11,277,430621798.11,6.0
15792,1170,4,279,142781730.22,2.5
15793,4289,15,364,2923397376.61,35.0
15794,3670,15,93,1374227727.12,17.5
15795,1544,4,15,964710302.73,12.5
15796,425,15,316,475557895.96,7.0
15797,1770,15,291,213815821.75,3.5
15798,2509,4,219,138447968.27,2.5
15799,1123,4,111,435998042.57,7.5
15800,766,2,216,1002353319.89,17.5
15801,2457,14,213,699118264.01,10.5
15802,1994,8,298,498540739.24,7.0
15803,3860,3,225,487270272.68,6.6
15804,2019,14,162,1202586339.88,17.5
15805,1994,1,215,1084064190.34,15.0
15806,1816,15,217,184211348.26,3.5
15807,3409,15,13,268729345.53,3.5
15808,2893,3,39,566037944.89,9.9
15809,2646,4,273,159395541.86,2.5
15810,4708,15,28,250273593.81,3.5
15811,4724,7,271,151115083.53,3.0
15812,467,4,312,162144493.97,2.5
15813,2925,13,304,581959660.31,10.5
15814,4733,6,203,640781133.59,8.4
15815,4616,2,68,205597204.69,3.5
15816,3126,5,153,331304666.13,5.0
15817,1608,6,191,2803526060.71,42.0
15818,4236,15,293,1976455270.0,35.0
15819,3016,5,73,1190322917.22,20.0
15820,4239,6,294,566998505.99,8.4
15821,1202,12,305,459209691.45,9.0
15822,1723,3,167,635963204.02,9.9
15823,3661,13,104,387016093.68,7.0
15824,272,1,249,91863683.64,1.5
15825,2917,14,301,687940916.72,10.5
15826,4393,4,246,314976615.61,5.0
15827,294,6,230,2454489075.01,33.6
15828,3983,14,223,280547841.67,3.5
15829,2020,11,1,655539907.94,9.0
15830,4215,8,226,415347644.83,7.0
15831,3646,10,306,77233885.61,1.5
15832,4737,11,242,433796607.15,6.0
15833,4006,12,45,734966503.97,13.5
15834,4851,13,59,712186341.79,10.5
15835,3245,1,151,354457281.69,4.5
15836,1469,5,130,408575842.15,7.5
15837,1937,3,332,749385743.91,9.9
15838,4900,3,179,2294967463.43,33.0
15839,4852,13,77,624217653.71,10.5
15840,323,1,125,101000453.98,1.5
15841,1516,15,273,1231295807.19,17.5
15842,1896,6,208,633688182.49,12.6
15843,4969,12,246,924871880.63,13.5
15844,4738,5,150,161320272.62,2.5
15845,2926,6,221,1022255530.01,12.6
15846,2643,15,146,463682097.23,7.0
15847,414,9,220,587991758.55,9.0
15848,2974,8,95,421004556.27,7.0
15849,3988,2,183,339172461.36,7.0
15850,181,11,1,447620471.85,6.0
15851,3413,4,131,200952184.76,2.5
15852,3329,12,251,538782010.04,9.0
15853,158,12,39,742249254.76,9.0
15854,2377,8,67,381875130.04,7.0
15855,2664,1,150,105425521.64,1.5
15856,2643,4,173,341105162.76,5.0
15857,3618,4,37,970129402.48,12.5
15858,227,15,161,934399200.11,17.5
15859,2614,12,365,285479427.64,4.5
15860,4090,14,168,662727126.77,10.5
15861,958,15,362,1201507913.45,17.5
15862,39,9,162,233598614.61,3.6
15863,3436,5,333,513063013.79,7.5
15864,2967,12,343,973324493.98,13.5
15865,1484,4,224,288112950.63,5.0
15866,3080,1,129,668359801.75,15.0
15867,3109,15,229,1262327571.49,17.5
15868,4587,14,40,1628447315.9,28.0
15869,4660,7,52,201689867.51,3.0
15870,1598,1,283,789692280.08,12.0
15871,4192,3,212,447798550.25,6.6
15872,3179,7,353,1009067293.16,15.0
15873,1031,4,120,421398929.72,7.5
15874,1043,14,301,590254988.77,7.0
15875,2738,6,355,293759058.08,4.2
15876,823,2,188,595507648.42,10.5
15877,1315,2,305,682181303.96,10.5
15878,4708,8,156,535187000.72,7.0
15879,1009,5,200,312250583.75,5.0
15880,2962,8,80,507651795.58,7.0
15881,3019,6,349,1109903603.2,21.0
15882,825,8,79,2036308784.07,35.0
15883,1891,1,237,101133352.37,1.5
15884,4614,14,96,213926301.13,3.5
15885,2245,3,226,433328671.18,6.6
15886,2218,5,362,1299885505.89,25.0
15887,2210,2,295,273815902.86,3.5
15888,472,8,349,756422719.55,10.5
15889,1834,11,296,925239074.72,15.0
15890,4454,7,40,101449287.67,1.5
15891,693,15,205,1226392568.62,17.5
15892,3603,7,131,328217010.69,4.5
15893,18,7,211,176831248.13,3.0
15894,3842,5,36,189534013.78,2.5
15895,1712,9,145,562813553.96,9.0
15896,1593,4,216,1256834897.67,20.0
15897,1607,5,42,579391378.82,7.5
15898,3364,7,213,79534730.86,1.5
15899,1033,3,159,386827528.75,6.6
15900,745,4,116,689646394.31,12.5
15901,2932,8,275,657974137.47,10.5
15902,2271,14,42,452311937.25,7.0
15903,1884,1,217,243647279.65,3.0
15904,3110,11,357,339733755.73,6.0
15905,2648,15,260,2366257577.17,35.0
15906,1016,4,220,289117552.29,5.0
15907,4698,3,172,771352612.59,9.9
15908,4947,12,271,599087500.1,9.0
15909,2521,13,343,995232128.94,17.5
15910,1498,6,364,2118638530.92,33.6
15911,771,10,280,289039586.74,4.5
15912,2899,11,132,401632041.26,6.0
15913,1438,13,85,249694376.5,3.5
15914,4370,5,90,150973335.9,2.5
15915,658,4,46,434504521.59,7.5
15916,3726,9,227,138657049.65,1.8
15917,4347,15,215,1168413145.5,17.5
15918,1534,7,224,215677117.75,3.0
15919,1695,4,95,1464958833.69,20.0
15920,1414,7,154,188840133.4,3.0
15921,4954,6,330,481375282.95,8.4
15922,2500,3,257,197596669.42,3.3
15923,3621,5,304,1126124734.4,20.0
15924,1425,3,283,1400113059.05,26.4
15925,2793,3,365,1099854199.7,16.5
15926,4966,5,248,1820615384.03,25.0
15927,1014,9,331,153246479.67,1.8
15928,2275,10,251,239958724.32,3.0
15929,4560,5,120,116675532.16,2.5
15930,2344,12,166,248280259.73,4.5
15931,4321,14,229,434176004.0,7.0
15932,2612,4,135,293167762.31,5.0
15933,4129,15,72,241726870.34,3.5
15934,528,7,225,90870928.23,1.5
15935,2148,8,185,586616064.96,7.0
15936,2975,9,339,105304812.68,1.8
15937,224,2,23,961250003.38,17.5
15938,470,1,298,108795116.62,1.5
15939,1648,6,114,512304973.28,8.4
15940,3401,4,165,843924572.4,12.5
15941,1040,5,94,161710741.86,2.5
15942,3824,4,126,162922781.93,2.5
15943,2456,14,31,236331544.55,3.5
15944,3774,9,131,121377354.64,1.8
15945,949,15,164,602026793.9,10.5
15946,2270,9,109,117567677.03,1.8
15947,2092,14,26,200446840.48,3.5
15948,4741,5,259,154044618.98,2.5
15949,4035,13,25,1202104962.56,17.5
15950,3214,14,188,2110220309.55,28.0
15951,4435,15,146,784168861.22,10.5
15952,1538,13,327,683133333.13,10.5
15953,726,12,215,1585182224.92,22.5
15954,574,15,57,610794192.34,10.5
15955,1547,5,202,459199717.78,7.5
15956,2512,12,301,291429752.22,4.5
15957,1796,2,157,434375902.8,7.0
15958,1341,10,266,369079823.76,4.5
15959,4963,12,41,963337703.48,13.5
15960,4956,3,72,613777890.61,9.9
15961,387,2,106,1810650994.34,28.0
15962,4112,13,161,774154110.76,10.5
15963,3131,14,167,246235125.64,3.5
15964,3894,9,124,118498187.36,1.8
15965,1901,13,62,1283769397.67,17.5
15966,1574,12,280,2371385389.54,36.0
15967,3423,10,192,284765936.41,4.5
15968,514,6,141,296280230.03,4.2
15969,1384,2,93,251858376.98,3.5
15970,2919,14,93,159919368.22,3.5
15971,2707,5,41,197802745.9,2.5
15972,496,13,272,585309420.07,10.5
15973,722,13,21,240720342.78,3.5
15974,410,3,194,227052325.2,3.3
15975,1526,9,2,110442278.46,1.8
15976,2295,12,29,3023524774.21,45.0
15977,1918,12,273,519472004.33,9.0
15978,2173,5,150,493620910.74,7.5
15979,1150,2,331,183065990.13,3.5
15980,1525,6,153,315357000.2,4.2
15981,4745,10,242,190063205.08,3.0
15982,1588,1,11,582496434.24,7.5
15983,4511,15,267,180579902.09,3.5
15984,4242,2,204,2042670672.64,28.0
15985,1795,6,339,747111456.38,12.6
15986,126,2,164,671134162.41,10.5
15987,3284,11,148,623018850.12,9.0
15988,1489,11,14,2007449300.0,30.0
15989,2181,14,52,1919614288.89,35.0
15990,4260,15,55,449743748.02,7.0
15991,1528,10,325,275672813.19,4.5
15992,899,3,179,391593413.95,6.6
15993,4450,10,58,96368482.7,1.5
15994,1507,4,310,271441228.53,5.0
15995,1114,9,345,423786415.77,5.4
15996,3489,4,104,303892115.79,5.0
15997,2244,9,283,380121882.11,5.4
15998,185,3,298,250859089.07,3.3
15999,186,12,1,636920501.24,9.0
16000,2911,13,26,641615043.82,10.5
16001,1056,9,325,563403403.28,9.0
16002,1169,4,38,270707755.34,5.0
16003,2123,2,142,205061550.92,3.5
16004,4801,7,254,289733970.24,4.5
16005,4354,14,342,625199223.32,10.5
16006,4373,13,280,2699254242.02,35.0
16007,3111,6,287,279666507.94,4.2
16008,1092,11,299,572834638.75,9.0
16009,1357,15,193,1044636468.84,17.5
16010,1661,12,155,2850449137.12,45.0
16011,3650,10,77,207789569.69,3.0
16012,3871,6,340,534381374.36,8.4
16013,198,8,265,823966276.49,10.5
16014,4298,2,161,2000591477.33,35.0
16015,3822,11,343,213502246.96,3.0
16016,365,4,21,154053129.28,2.5
16017,488,5,177,1252595795.33,20.0
16018,3561,11,346,1189170588.31,15.0
16019,2939,11,13,454876371.47,6.0
16020,640,5,7,388217783.9,7.5
16021,1123,12,54,524713200.53,9.0
16022,4901,2,39,1125336504.6,17.5
16023,1997,5,95,1271030263.34,20.0
16024,1695,5,39,1493797721.18,25.0
16025,159,5,245,185619878.59,2.5
16026,1258,7,293,94307305.18,1.5
16027,235,11,42,486321710.98,9.0
16028,2203,15,91,998124863.5,17.5
16029,4922,7,166,91816779.24,1.5
16030,256,3,297,228541527.09,3.3
16031,3285,2,267,584125851.94,7.0
16032,2130,4,356,400631322.98,7.5
16033,488,6,304,524453584.37,8.4
16034,3938,8,156,236052534.51,3.5
16035,4318,1,319,633798041.89,12.0
16036,258,5,68,141579932.25,2.5
16037,3981,8,45,451461285.97,7.0
16038,1796,1,38,349762071.01,4.5
16039,769,15,160,1236065371.92,17.5
16040,4699,11,355,500910083.66,9.0
16041,2215,6,35,254249872.08,4.2
16042,670,5,324,399083760.04,5.0
16043,224,12,30,2386446252.76,36.0
16044,2016,7,78,109928703.73,1.5
16045,4456,11,275,596025382.92,9.0
16046,337,9,232,238793580.67,3.6
16047,739,5,277,583614657.91,12.5
16048,1854,10,203,223297518.16,3.0
16049,4037,9,80,121101770.88,1.8
16050,1338,14,80,247113999.23,3.5
16051,3102,15,112,1967237850.05,28.0
16052,1944,2,275,644050397.37,10.5
16053,55,2,363,1931192705.2,28.0
16054,2844,11,166,203195841.48,3.0
16055,994,10,207,82271368.77,1.5
16056,2372,11,225,799859934.54,15.0
16057,4812,8,127,2700724444.46,35.0
16058,2231,3,190,2248667657.53,33.0
16059,3153,11,362,417751428.99,6.0
16060,4365,11,331,1260070344.41,24.0
16061,2786,11,269,578287579.99,9.0
16062,1057,13,201,208829918.12,3.5
16063,1956,15,49,344498434.01,7.0
16064,184,3,93,476303025.76,6.6
16065,4277,5,264,188441953.16,2.5
16066,81,1,16,180739259.46,3.0
16067,3447,11,19,1390895965.78,24.0
16068,1106,6,124,258746856.18,4.2
16069,860,9,40,357496136.65,5.4
16070,4575,2,247,312530528.54,3.5
16071,646,4,81,185927671.99,2.5
16072,3411,9,237,587980768.81,9.0
16073,890,2,278,462166130.41,7.0
16074,4292,15,197,238014061.53,3.5
16075,3025,7,272,989374476.08,15.0
16076,4084,9,86,370972490.88,5.4
16077,1527,7,301,263570334.5,4.5
16078,1196,11,298,210499814.43,3.0
16079,1087,15,198,1413992589.07,28.0
16080,3884,5,15,422627826.05,7.5
16081,2591,4,276,444349940.18,7.5
16082,2429,5,360,128252988.47,2.5
16083,4099,4,113,506892531.02,7.5
16084,1501,6,176,1365715518.05,21.0
16085,1147,8,119,734253902.88,10.5
16086,3379,1,67,478373058.58,7.5
16087,2510,7,129,237112697.52,4.5
16088,4138,14,309,790298572.68,10.5
16089,1167,12,261,1221422914.07,22.5
16090,3052,14,147,2260051317.63,35.0
16091,3056,3,308,603858682.33,9.9
16092,3828,6,323,474833534.5,8.4
16093,3266,2,241,2100470077.58,28.0
16094,1117,9,243,368560584.81,5.4
16095,4252,6,171,1165323368.24,21.0
16096,312,4,4,159328725.2,2.5
16097,1250,9,23,669095701.24,9.0
16098,1623,7,325,731898050.8,12.0
16099,4328,3,36,432896449.74,6.6
16100,2458,14,212,2191937861.52,35.0
16101,1626,11,298,2142799614.76,30.0
16102,2247,5,140,243046928.42,5.0
16103,2805,11,148,962799257.45,15.0
16104,4979,15,258,230015941.62,3.5
16105,3651,15,38,581762234.58,10.5
16106,1486,12,144,763967342.14,13.5
16107,2892,15,166,900099128.12,17.5
16108,1643,2,108,2292547067.75,35.0
16109,859,13,333,412093047.18,7.0
16110,4328,1,184,978506810.96,15.0
16111,2190,13,339,217780596.13,3.5
16112,3277,3,80,630586035.88,9.9
16113,495,2,361,245693863.41,3.5
16114,3049,7,111,282767303.26,4.5
16115,1398,8,88,1626569419.65,35.0
16116,270,12,230,639470344.0,9.0
16117,2556,13,50,2304850926.38,35.0
16118,534,8,120,2170692034.71,35.0
16119,3150,11,321,165695537.67,3.0
16120,402,14,365,642243062.98,10.5
16121,433,4,150,1462363423.1,25.0
16122,1753,2,93,2572714318.43,35.0
16123,1222,9,107,395811796.52,5.4
16124,4452,15,341,1131502022.47,17.5
16125,3116,1,181,405669598.91,7.5
16126,1930,7,197,432262461.29,7.5
16127,4726,4,179,322649886.83,5.0
16128,2895,3,231,451875203.42,6.6
16129,4942,1,171,83713285.78,1.5
16130,4326,10,277,502650883.75,7.5
16131,2605,7,149,79372867.81,1.5
16132,2298,1,295,343821973.15,4.5
16133,522,9,3,133492543.15,1.8
16134,3339,3,29,2023744135.05,33.0
16135,1066,3,207,1096645954.39,16.5
16136,1349,6,299,523532667.46,8.4
16137,1524,14,161,523699825.99,7.0
16138,806,7,92,1154370201.28,15.0
16139,931,1,311,206652494.81,3.0
16140,2998,3,184,2177736788.77,33.0
16141,3777,14,259,1054902071.76,17.5
16142,2356,6,104,891060189.12,12.6
16143,332,12,243,635726387.41,9.0
16144,2379,6,142,790100456.36,12.6
16145,4625,3,160,203611214.96,3.3
16146,100,7,185,109530670.78,1.5
16147,2184,2,100,243112502.1,3.5
16148,811,9,149,227420268.26,3.6
16149,3623,7,213,339191849.1,4.5
16150,2471,15,307,1157169859.47,17.5
16151,2694,8,317,1223044956.55,17.5
16152,3389,1,235,212081257.04,3.0
16153,2862,4,102,830063018.37,12.5
16154,2188,9,256,212924329.35,3.6
16155,2485,5,327,432830224.56,7.5
16156,515,3,304,414873062.55,6.6
16157,546,13,163,448301426.25,7.0
16158,4973,12,221,497559410.5,9.0
16159,4752,13,18,215912184.29,3.5
16160,293,9,84,273591069.37,5.4
16161,3924,1,315,829434850.23,12.0
16162,3095,15,155,585665112.21,7.0
16163,4380,1,267,203971006.48,3.0
16164,4458,11,290,557723327.53,9.0
16165,356,14,140,418375375.46,7.0
16166,3680,15,160,597072297.41,10.5
16167,4880,15,61,423350425.55,7.0
16168,1052,3,84,246434748.48,3.3
16169,3520,6,363,543059411.8,8.4
16170,780,12,93,1408549787.95,22.5
16171,4005,4,289,1277178010.44,20.0
16172,3593,15,78,666453644.01,10.5
16173,3824,11,361,188457339.0,3.0
16174,1816,3,89,296089948.01,6.6
16175,2796,1,66,170790782.23,3.0
16176,29,4,300,511254412.01,7.5
16177,2433,8,118,738760699.98,10.5
16178,2980,11,287,1509723499.07,24.0
16179,4782,6,260,499164332.64,8.4
16180,4869,11,319,635805782.7,9.0
16181,2946,5,230,153681574.11,2.5
16182,2826,14,256,676613865.7,10.5
16183,631,6,244,531166219.0,8.4
16184,1094,12,270,573090217.59,9.0
16185,3287,9,318,104988830.45,1.8
16186,419,11,88,1059405761.51,15.0
16187,734,14,50,1151185220.64,17.5
16188,2665,4,4,520266652.47,7.5
16189,632,3,210,171125216.43,3.3
16190,2822,3,43,835112188.16,9.9
16191,1025,4,342,191589938.17,2.5
16192,1352,11,295,172637860.87,3.0
16193,3449,3,215,489827531.44,6.6
16194,863,6,68,2652011279.0,33.6
16195,3573,9,15,120447537.42,1.8
16196,2279,1,110,584914558.19,7.5
16197,3317,11,9,339286398.27,6.0
16198,3833,9,272,316573568.35,5.4
16199,4876,6,89,691754535.6,12.6
16200,4093,4,265,504913688.96,7.5
16201,1973,4,349,621627843.7,12.5
16202,24,7,105,300385067.76,4.5
16203,491,13,146,265441340.6,3.5
16204,54,1,199,312566473.03,4.5
16205,3658,4,69,1045230655.47,20.0
16206,4903,11,265,178673491.01,3.0
16207,3545,9,289,171292361.84,3.6
16208,2806,6,264,1567510605.68,21.0
16209,4018,11,239,417847916.44,6.0
16210,3614,6,17,1386131092.27,21.0
16211,4812,1,138,852725667.94,12.0
16212,1542,2,75,1288451429.52,28.0
16213,392,4,78,170666386.54,2.5
16214,433,7,53,194368360.45,3.0
16215,713,1,226,314692146.51,4.5
16216,3123,3,34,1582791612.26,26.4
16217,2182,8,320,494590074.48,7.0
16218,4334,5,63,158116782.61,2.5
16219,3636,14,53,245262107.93,3.5
16220,2593,13,61,432241628.72,7.0
16221,4221,5,341,157779397.45,2.5
16222,4514,4,324,1786010828.63,25.0
16223,1287,10,125,557227835.35,7.5
16224,1375,4,181,147203127.47,2.5
16225,872,5,11,329620334.86,5.0
16226,2399,12,12,869124859.45,13.5
16227,1649,10,291,222916147.31,3.0
16228,4469,4,234,175600705.12,2.5
16229,49,1,241,670433762.33,7.5
16230,4652,13,21,677223076.01,10.5
16231,1870,7,55,246501438.92,3.0
16232,3353,3,193,346048990.78,6.6
16233,2029,14,15,443876257.81,7.0
16234,2864,5,130,299305865.33,5.0
16235,2037,12,105,1941121202.17,36.0
16236,1711,3,139,879836087.6,16.5
16237,1446,3,139,2357939735.9,33.0
16238,3531,15,66,195033184.51,3.5
16239,1796,2,172,242276533.87,3.5
16240,1024,12,82,1548594760.54,22.5
16241,2255,2,12,235543446.54,3.5
16242,4228,3,317,549024293.59,6.6
16243,4599,4,258,169574276.44,2.5
16244,1908,4,206,322150907.36,5.0
16245,2386,6,98,1352135652.87,21.0
16246,4596,15,333,230777020.27,3.5
16247,1387,10,29,166956278.73,3.0
16248,1362,10,364,742989813.02,12.0
16249,710,6,194,627715926.15,8.4
16250,945,4,213,326160846.02,5.0
16251,2820,11,176,382079883.95,6.0
16252,736,12,87,896607036.78,13.5
16253,1177,1,151,126032717.9,1.5
16254,4794,14,41,239273653.68,3.5
16255,766,12,305,2873335691.95,45.0
16256,4914,15,243,348567206.43,7.0
16257,104,14,360,213265207.11,3.5
16258,2119,12,356,566828768.5,9.0
16259,4454,1,54,100660946.49,1.5
16260,4759,5,233,178609741.93,2.5
16261,2374,9,29,124871937.17,1.8
16262,3407,3,344,233081621.83,3.3
16263,3127,8,246,218242057.45,3.5
16264,4630,3,221,928162088.71,16.5
16265,1491,8,353,1939622800.81,35.0
16266,3081,13,360,470142612.32,7.0
16267,1711,14,185,2386000336.18,35.0
16268,1811,7,97,974383801.26,12.0
16269,4134,15,255,730729794.71,10.5
16270,2020,3,169,512294249.07,6.6
16271,1031,13,110,241305039.98,3.5
16272,1640,6,264,458122662.26,8.4
16273,4953,3,353,1671995454.36,26.4
16274,1723,12,136,1553410172.34,22.5
16275,1812,4,133,511113088.12,7.5
16276,91,1,79,606675951.45,7.5
16277,4494,13,147,456383607.64,7.0
16278,775,1,114,175355163.52,3.0
16279,906,11,52,1658589926.75,24.0
16280,1195,14,362,470736515.83,7.0
16281,3249,15,211,501569189.07,7.0
16282,1510,4,283,175321267.7,2.5
16283,203,5,289,136404068.06,2.5
16284,3302,8,65,799970732.37,10.5
16285,1652,8,149,1494151035.14,28.0
16286,3246,14,61,494646478.72,7.0
16287,2658,15,271,2222564464.24,35.0
16288,3946,8,356,477850287.65,7.0
16289,3361,1,20,185645654.03,3.0
16290,1417,7,69,734029218.24,12.0
16291,3408,10,164,172822464.9,3.0
16292,910,11,185,334304658.07,6.0
16293,4775,7,312,86197899.43,1.5
16294,4574,8,135,172937041.75,3.5
16295,4807,3,28,210513732.3,3.3
16296,4481,5,156,142678483.39,2.5
16297,671,8,229,218432544.21,3.5
16298,2352,9,108,118087158.51,1.8
16299,1605,9,286,253729246.91,3.6
16300,504,2,354,631165840.5,10.5
16301,3910,3,221,1864946908.41,33.0
16302,3531,7,233,89984809.4,1.5
16303,2264,6,202,538564431.48,8.4
16304,4493,9,114,440588535.2,5.4
16305,732,11,302,402015858.09,6.0
16306,4276,8,220,590788537.36,10.5
16307,2024,5,97,398032981.29,7.5
16308,3559,7,25,667332269.2,12.0
16309,4138,5,345,344828112.13,5.0
16310,2655,12,40,1312107220.57,22.5
16311,427,8,233,1358884038.1,17.5
16312,837,7,107,158293800.1,3.0
16313,2582,15,191,514606999.76,7.0
16314,3829,9,118,102514648.85,1.8
16315,4001,14,343,480142088.32,7.0
16316,1681,13,147,811688729.75,10.5
16317,1062,6,344,1373995345.77,21.0
16318,2700,10,313,98157432.08,1.5
16319,698,2,230,670880399.63,10.5
16320,1820,13,57,216836945.19,3.5
16321,1768,8,229,194828216.77,3.5
16322,3004,2,364,1051083215.43,17.5
16323,951,14,159,257707275.02,3.5
16324,4613,7,349,240707613.69,4.5
16325,4920,15,365,2602700092.56,35.0
16326,2601,4,23,481196146.42,7.5
16327,971,13,285,396954388.62,7.0
16328,4210,4,122,559051375.78,7.5
16329,2405,5,112,946582453.73,12.5
16330,3348,12,194,371086737.16,4.5
16331,3064,11,261,841287315.47,15.0
16332,2382,3,43,1042798411.88,16.5
16333,538,8,204,286401510.49,3.5
16334,1928,1,76,117846270.19,1.5
16335,1450,5,45,129624027.05,2.5
16336,2821,14,363,869371409.56,10.5
16337,4220,14,30,535387327.77,7.0
16338,2138,13,152,448719684.67,7.0
16339,4169,13,256,557905740.65,10.5
16340,2303,14,159,422089277.78,7.0
16341,1399,11,81,420909596.51,6.0
16342,4212,3,23,506269508.01,6.6
16343,2616,7,233,101580565.02,1.5
16344,2615,12,46,283631149.73,4.5
16345,3393,7,100,217398212.2,3.0
16346,3503,8,198,1348817899.8,17.5
16347,832,6,288,801391496.79,12.6
16348,2738,15,266,879673851.32,10.5
16349,3113,10,341,411741282.4,7.5
16350,568,12,38,1323414831.57,22.5
16351,1756,8,43,467766295.41,7.0
16352,2163,9,42,567074597.67,9.0
16353,728,7,181,963051805.98,15.0
16354,2610,10,356,206732759.26,3.0
16355,785,3,247,756896875.44,16.5
16356,3061,5,324,1494377913.41,25.0
16357,2263,6,261,2029082437.74,33.6
16358,1059,10,273,120054317.83,1.5
16359,3785,10,159,102148572.39,1.5
16360,3509,10,352,251982896.33,4.5
16361,3324,14,232,1055264816.49,17.5
16362,3279,4,269,531298798.64,7.5
16363,182,1,342,213492698.47,3.0
16364,2443,6,23,689749444.7,8.4
16365,1782,7,134,87881425.78,1.5
16366,685,8,16,2078182978.71,28.0
16367,2170,2,97,778977209.55,10.5
16368,1207,2,142,276165663.07,3.5
16369,1235,6,337,2727292807.48,42.0
16370,3250,11,178,1173708174.46,15.0
16371,2614,14,11,228736263.39,3.5
16372,1272,15,269,628446244.96,10.5
16373,176,1,27,351350363.16,4.5
16374,2479,2,75,647693765.57,10.5
16375,3664,10,255,86517284.88,1.5
16376,3729,9,204,656752593.37,9.0
16377,58,4,365,304828317.17,5.0
16378,3519,11,1,176016646.47,3.0
16379,2476,14,58,418439918.56,7.0
16380,730,4,110,136370548.89,2.5
16381,4133,11,271,1424571564.95,24.0
16382,2618,12,78,266863810.53,4.5
16383,4457,15,75,233190257.41,3.5
16384,3103,9,240,491195745.36,9.0
16385,1266,8,167,2348847401.78,28.0
16386,3677,4,68,463096432.84,7.5
16387,447,13,247,1284417279.84,17.5
16388,3226,8,107,1111489803.43,17.5
16389,1324,12,51,2348187762.31,36.0
16390,3942,3,19,200548244.54,3.3
16391,955,12,207,273300317.08,4.5
16392,2798,7,215,333581224.65,4.5
16393,2364,14,116,645789209.26,10.5
16394,4419,2,67,218691037.91,3.5
16395,2455,1,44,83490888.12,1.5
16396,351,4,337,173133247.28,2.5
16397,4299,6,275,236572668.33,4.2
16398,1006,8,108,452951034.61,7.0
16399,779,4,113,748130579.74,12.5
16400,3363,6,323,273858436.77,4.2
16401,581,10,38,299812470.05,4.5
16402,3071,12,233,649981240.84,9.0
16403,1804,2,353,416949345.34,7.0
16404,835,2,257,212220896.85,3.5
16405,3407,4,71,331268008.49,5.0
16406,3236,1,171,900095889.34,12.0
16407,1143,4,323,155243180.97,2.5
16408,554,12,9,498293253.82,9.0
16409,630,5,316,511203698.02,7.5
16410,804,14,233,226523171.83,3.5
16411,1566,1,343,273518984.36,4.5
16412,1910,15,201,409651608.38,7.0
16413,2700,14,197,1486805120.64,28.0
16414,3066,10,73,157678162.36,3.0
16415,573,4,279,1291443093.52,20.0
16416,3693,7,365,85529264.03,1.5
16417,2624,5,139,159395554.19,2.5
16418,3895,2,178,2385382969.58,35.0
16419,1997,8,207,403259719.17,7.0
16420,3694,13,352,542349731.4,7.0
16421,3670,12,267,683591262.7,9.0
16422,3718,4,21,1350454498.92,20.0
16423,2109,6,142,442987465.86,8.4
16424,3527,15,272,217722048.52,3.5
16425,524,15,223,451913328.53,7.0
16426,1096,2,364,402053194.71,7.0
16427,1112,5,227,519844085.0,7.5
16428,3563,9,26,322703059.36,5.4
16429,221,15,222,418327229.74,7.0
16430,2798,2,116,492600922.34,7.0
16431,2671,5,197,640972962.64,12.5
16432,3510,1,205,545844303.14,7.5
16433,3239,7,141,209324923.15,3.0
16434,584,4,110,708647598.31,12.5
16435,2656,1,328,180003904.98,4.5
16436,3908,15,178,197062662.66,3.5
16437,3618,2,173,256104799.93,3.5
16438,242,2,337,659232348.07,10.5
16439,857,10,343,108184541.92,1.5
16440,1909,11,351,213052186.32,3.0
16441,1353,5,352,759224456.48,12.5
16442,2362,9,198,976693026.01,14.4
16443,4452,11,343,978787259.22,15.0
16444,2073,6,141,243865717.13,4.2
16445,4684,2,49,195617171.0,3.5
16446,4182,5,235,134864186.6,2.5
16447,3996,8,363,518313638.13,7.0
16448,3453,11,307,405337396.72,6.0
16449,2298,13,85,422943851.85,7.0
16450,3833,9,226,612165679.43,9.0
16451,824,9,261,215592742.43,3.6
16452,69,14,139,384449053.05,7.0
16453,2342,13,353,194078289.52,3.5
16454,3558,1,312,472505035.79,7.5
16455,4907,1,40,90723272.23,1.5
16456,4055,1,310,93417919.27,1.5
16457,272,14,36,433212300.28,7.0
16458,3934,2,12,782883880.52,10.5
16459,3204,9,111,1328385125.1,18.0
16460,842,14,353,216561881.2,3.5
16461,1022,1,222,488852754.63,7.5
16462,2124,15,105,289161217.95,3.5
16463,146,15,246,357591131.07,7.0
16464,4280,2,176,250680686.77,3.5
16465,1151,13,262,223066165.81,3.5
16466,575,7,348,95527808.12,1.5
16467,4581,3,57,2171678646.14,33.0
16468,2821,2,289,752509134.89,10.5
16469,2617,2,6,263763350.74,3.5
16470,3655,15,351,214100942.52,3.5
16471,341,13,162,240672938.42,3.5
16472,3597,3,361,917734031.28,16.5
16473,1253,5,335,728542907.47,12.5
16474,2621,13,203,707382205.95,10.5
16475,822,6,227,540435719.68,8.4
16476,537,3,89,162668391.35,3.3
16477,1473,9,259,312523020.33,5.4
16478,2845,11,76,171827484.05,3.0
16479,4060,13,136,224887070.68,3.5
16480,363,7,157,89614834.03,1.5
16481,4693,1,266,443443065.93,7.5
16482,2419,6,123,2766364009.28,42.0
16483,3623,14,218,236494620.1,3.5
16484,2431,9,284,120609976.24,1.8
16485,1085,1,10,89258914.79,1.5
16486,1377,7,177,94888507.22,1.5
16487,2262,6,93,273242285.59,4.2
16488,3822,1,297,276484167.34,4.5
16489,433,10,163,445780628.52,7.5
16490,1525,5,263,151752811.87,2.5
16491,3128,15,253,2266205139.98,35.0
16492,4014,3,23,227877475.48,3.3
16493,4381,7,172,98448962.52,1.5
16494,2038,12,2,768080279.93,13.5
16495,1071,7,20,95088465.41,1.5
16496,3879,2,111,424857637.32,7.0
16497,420,1,271,94068813.59,1.5
16498,4241,11,124,378377068.45,6.0
16499,3081,7,285,98237885.1,1.5
16500,4562,1,296,247846961.02,4.5
16501,2012,7,31,715182888.04,15.0
16502,4982,1,231,86234121.92,1.5
16503,3029,10,220,225761373.75,3.0
16504,3946,2,46,444915764.92,7.0
16505,2104,10,248,205841916.42,3.0
16506,3303,4,259,1391842630.33,20.0
16507,181,11,351,617233598.35,9.0
16508,622,3,24,234310852.65,3.3
16509,2660,4,319,341947147.25,5.0
16510,1914,14,219,540266486.93,7.0
16511,1270,10,105,81888050.11,1.5
16512,3225,12,147,531127868.76,9.0
16513,4497,6,275,853912585.69,12.6
16514,2514,13,331,192516499.24,3.5
16515,3790,1,62,114218174.35,1.5
16516,1881,13,39,1711293708.13,28.0
16517,2222,1,220,331576028.1,4.5
16518,3636,3,136,762447741.55,9.9
16519,1496,13,57,213552423.01,3.5
16520,1688,6,331,234594445.65,4.2
16521,1262,7,16,271763139.52,4.5
16522,1070,12,321,327411626.78,4.5
16523,3431,14,358,2549644651.58,35.0
16524,4298,11,251,351691663.13,6.0
16525,2241,6,254,293753957.93,4.2
16526,714,15,342,2050578465.71,28.0
16527,3056,10,208,238465112.55,4.5
16528,708,2,40,595007842.62,10.5
16529,450,2,19,1005229448.9,17.5
16530,3594,12,106,528071824.56,9.0
16531,2739,9,283,343161077.95,5.4
16532,3603,6,254,864469398.43,12.6
16533,3417,3,102,1155933045.8,16.5
16534,740,12,278,2168785553.11,36.0
16535,3211,10,298,210925511.2,3.0
16536,1442,9,106,1095914712.45,14.4
16537,2398,9,289,330765706.73,5.4
16538,3189,14,261,1782204163.93,28.0
16539,337,2,363,175262874.93,3.5
16540,3680,4,85,152039751.15,2.5
16541,310,7,105,824266022.93,12.0
16542,2203,9,100,636752561.04,14.4
16543,4361,11,321,1005579375.82,15.0
16544,298,9,234,126525877.75,1.8
16545,1962,15,157,2582099130.49,35.0
16546,2968,12,93,323376226.86,4.5
16547,1062,1,106,278645753.39,4.5
16548,4060,1,204,229107266.7,4.5
16549,2375,2,288,202338325.4,3.5
16550,910,11,347,336014314.66,6.0
16551,2197,11,195,321411504.95,6.0
16552,2343,2,69,1441727680.11,28.0
16553,3068,10,4,178174043.97,3.0
16554,2761,15,341,446211685.42,7.0
16555,2334,14,139,510070402.9,7.0
16556,1419,10,172,319040298.65,4.5
16557,1784,2,324,459639234.84,7.0
16558,2488,10,262,274633760.69,4.5
16559,3109,7,3,302297353.77,4.5
16560,2470,13,197,507795987.35,7.0
16561,387,6,179,276146584.75,4.2
16562,4137,8,342,222522986.21,3.5
16563,4298,2,302,446952718.22,7.0
16564,2172,10,108,180917408.79,3.0
16565,2268,5,84,182581556.16,2.5
16566,1937,2,242,1649401708.23,28.0
16567,3445,15,283,1694319726.03,28.0
16568,3431,4,202,1161373927.23,20.0
16569,2658,7,68,154995883.16,3.0
16570,4977,6,203,1340973850.59,21.0
16571,963,15,287,261219461.09,3.5
16572,4125,2,51,1892753050.12,28.0
16573,3277,11,95,419037778.19,6.0
16574,3043,1,53,104358991.44,1.5
16575,3363,11,189,232469599.5,3.0
16576,4356,2,243,240830873.06,3.5
16577,2351,1,171,465008704.67,7.5
16578,2930,4,187,498902782.68,7.5
16579,2408,1,128,183318271.74,3.0
16580,2768,4,131,964542452.53,12.5
16581,3867,5,51,174846666.89,2.5
16582,1326,4,149,133222317.25,2.5
16583,114,7,222,83563179.33,1.5
16584,1495,6,90,2263950142.21,42.0
16585,666,11,42,188586055.7,3.0
16586,88,12,215,3212051462.04,45.0
16587,2096,13,25,1125205254.06,17.5
16588,4436,4,337,1395905753.17,25.0
16589,909,8,262,195281111.4,3.5
16590,977,10,25,91799567.84,1.5
16591,429,12,198,827524095.59,13.5
16592,2520,2,174,392220086.37,7.0
16593,4582,6,248,525625192.26,8.4
16594,2716,9,10,992357001.85,14.4
16595,3270,6,42,278664049.0,4.2
16596,4556,13,170,764665057.15,10.5
16597,4751,10,91,849380829.11,12.0
16598,3028,8,243,1158955527.99,17.5
16599,4801,1,165,101107640.33,1.5
16600,2699,7,263,515190996.42,7.5
16601,3988,2,27,336271586.94,7.0
16602,3400,8,49,1147891340.0,17.5
16603,1158,14,133,607034291.53,10.5
16604,1003,13,242,493295980.94,7.0
16605,1987,6,54,590147305.19,8.4
16606,3120,2,312,686706054.87,10.5
16607,1579,5,172,448077989.91,7.5
16608,130,3,360,435677828.54,6.6
16609,736,2,116,215309209.11,3.5
16610,4463,11,353,1015185035.75,15.0
16611,4542,13,191,2067424529.67,35.0
16612,4633,2,201,245809374.89,3.5
16613,3888,10,362,96679438.26,1.5
16614,3620,12,6,1004211210.91,13.5
16615,3993,1,314,226685264.53,4.5
16616,1020,6,101,870284650.43,12.6
16617,1706,15,49,242165456.23,3.5
16618,3200,9,191,262161116.49,3.6
16619,1146,14,78,656969210.56,10.5
16620,2029,15,345,1134674251.98,17.5
16621,3811,15,346,214779158.56,3.5
16622,3133,5,55,482825717.21,7.5
16623,4561,8,124,631799458.9,10.5
16624,1471,9,356,582748559.32,9.0
16625,371,10,156,105590507.86,1.5
16626,1339,11,158,1001533907.6,15.0
16627,4369,3,154,229740030.19,3.3
16628,1653,1,354,102010383.44,1.5
16629,3291,14,208,1367682012.2,28.0
16630,523,11,192,391614278.82,6.0
16631,3973,4,175,1437747797.04,25.0
16632,2598,5,312,658037074.4,7.5
16633,1826,6,57,707599078.23,12.6
16634,1862,1,234,439816503.17,7.5
16635,1910,3,312,715443067.5,9.9
16636,1343,15,223,2117070652.36,28.0
16637,3190,10,168,175500398.41,3.0
16638,494,1,26,312896318.95,4.5
16639,2313,2,251,208460465.69,3.5
16640,2775,10,114,185650080.13,3.0
16641,47,15,231,769737595.18,10.5
16642,4551,15,117,165398689.73,3.5
16643,3430,3,79,203107652.73,3.3
16644,2517,8,202,599736397.15,10.5
16645,4733,6,50,2500612376.84,33.6
16646,3060,7,356,1082295253.04,15.0
16647,2514,4,250,475109129.92,7.5
16648,1229,6,78,223387968.23,4.2
16649,205,4,93,455591169.8,7.5
16650,4261,6,300,298220975.46,4.2
16651,2865,4,203,500805885.78,7.5
16652,1205,6,124,1344618648.82,21.0
16653,4249,13,262,708167441.31,10.5
16654,431,1,170,77582843.15,1.5
16655,2,4,38,408073135.66,5.0
16656,2030,7,8,182368793.88,3.0
16657,2759,10,121,171761043.21,3.0
16658,3465,7,212,94250957.07,1.5
16659,2235,14,135,798416439.27,10.5
16660,2446,14,316,192548430.19,3.5
16661,4395,11,325,200200617.42,3.0
16662,204,7,61,83146294.72,1.5
16663,1743,13,24,406180476.83,7.0
16664,3766,7,58,88104728.47,1.5
16665,1478,12,345,544630973.65,9.0
16666,2602,6,138,759293771.27,12.6
16667,3055,14,96,940395234.43,17.5
16668,1034,8,332,1866605626.03,28.0
16669,430,7,268,117091458.09,1.5
16670,3911,5,222,354052571.37,5.0
16671,3470,10,70,538090816.02,7.5
16672,3737,7,169,70478802.64,1.5
16673,555,10,16,329323980.6,4.5
16674,299,11,352,337501353.34,6.0
16675,3237,2,283,1856563945.45,35.0
16676,2274,11,247,359687337.92,6.0
16677,981,5,31,356300462.92,5.0
16678,3301,10,223,185783564.94,3.0
16679,4661,2,76,392500423.97,7.0
16680,2354,9,36,1016851905.98,14.4
16681,4510,14,57,232339116.27,3.5
16682,1746,11,149,565564730.44,9.0
16683,4203,1,88,300517172.56,4.5
16684,1439,10,125,274925251.87,4.5
16685,142,10,96,797038259.46,12.0
16686,1365,10,7,96170849.48,1.5
16687,2098,8,59,447695097.08,7.0
16688,1896,2,85,230299212.6,3.5
16689,3149,13,74,218214516.13,3.5
16690,997,8,244,205310027.08,3.5
16691,3846,9,325,800577453.29,14.4
16692,169,10,96,78563224.52,1.5
16693,79,2,129,535628843.28,7.0
16694,1624,3,83,200105646.73,3.3
16695,4774,13,10,579577858.64,10.5
16696,2328,8,50,1791817580.77,28.0
16697,2326,12,114,852693929.46,13.5
16698,2528,9,129,794662035.79,9.0
16699,2331,13,348,237258455.1,3.5
16700,3967,4,336,491463026.45,7.5
16701,3706,13,319,2818347619.02,35.0
16702,1367,8,9,232829869.17,3.5
16703,2897,10,178,989756625.93,12.0
16704,2712,6,318,860957839.27,12.6
16705,4522,10,120,1081161939.61,15.0
16706,1399,2,137,669058116.37,10.5
16707,235,10,40,590706677.08,7.5
16708,2721,7,190,86371390.3,1.5
16709,1513,10,6,371484717.26,4.5
16710,1617,6,222,290828928.49,4.2
16711,3637,4,167,490163989.08,7.5
16712,2071,10,313,112970517.14,1.5
16713,3618,4,251,1714748550.16,25.0
16714,3975,12,98,548905898.91,9.0
16715,94,15,283,751007803.58,10.5
16716,1368,6,199,576865834.49,8.4
16717,501,2,108,221621097.2,3.5
16718,753,14,234,2544468449.12,35.0
16719,1117,8,156,466822958.84,7.0
16720,1423,2,127,1987167770.47,28.0
16721,4381,1,40,90700451.72,1.5
16722,3169,15,200,496254941.35,7.0
16723,3999,11,292,208336909.44,3.0
16724,2745,1,61,155427285.78,3.0
16725,4564,5,358,1315748336.21,20.0
16726,4059,14,71,1120170244.22,17.5
16727,913,8,217,511479390.06,7.0
16728,289,10,253,79163834.5,1.5
16729,1614,1,292,209367459.48,3.0
16730,1184,4,17,452466040.78,7.5
16731,2832,6,313,330132583.94,4.2
16732,932,10,124,331728550.12,4.5
16733,3747,7,97,105786350.7,1.5
16734,630,9,150,873221321.05,14.4
16735,519,15,260,577166321.75,10.5
16736,1889,10,62,105856544.49,1.5
16737,1906,2,13,406742757.97,7.0
16738,1153,10,29,557338100.45,7.5
16739,2060,11,183,599948121.32,9.0
16740,1298,14,42,334708437.07,7.0
16741,354,13,214,389003520.17,7.0
16742,348,11,179,180583196.63,3.0
16743,4791,5,100,525126186.44,7.5
16744,4296,12,107,257887930.45,4.5
16745,2315,6,117,965326395.12,12.6
16746,1603,10,351,162842951.81,3.0
16747,309,15,234,704002268.88,10.5
16748,3172,1,141,120149978.43,1.5
16749,2796,11,219,392809205.17,6.0
16750,3690,7,284,237048760.29,3.0
16751,3825,10,35,338898142.9,4.5
16752,1215,12,249,1649508635.34,22.5
16753,53,12,259,300099352.78,4.5
16754,2130,13,131,196272396.54,3.5
16755,1064,9,257,110249374.95,1.8
16756,3881,7,48,238845990.93,3.0
16757,195,4,363,2087511530.4,25.0
16758,2494,8,110,688326568.74,10.5
16759,4831,14,78,830709067.5,10.5
16760,961,5,217,748580304.29,12.5
16761,585,14,36,672623283.75,10.5
16762,2060,7,119,84207419.68,1.5
16763,267,10,220,900806719.51,12.0
16764,2590,8,219,211985308.48,3.5
16765,880,2,130,213028907.17,3.5
16766,4062,12,91,237351092.41,4.5
16767,390,13,201,217801238.72,3.5
16768,3848,10,359,643738995.07,7.5
16769,415,11,277,214725993.13,3.0
16770,4967,11,282,171380261.39,3.0
16771,3312,4,142,403404136.96,5.0
16772,378,1,69,211472091.74,3.0
16773,4097,3,287,224688866.73,3.3
16774,1777,6,197,465572702.41,8.4
16775,4177,13,137,265292149.31,3.5
16776,2784,2,187,524310094.18,7.0
16777,696,8,199,780441336.34,10.5
16778,1900,5,214,776118694.02,12.5
16779,2554,13,132,204469055.89,3.5
16780,2214,1,283,210877327.16,3.0
16781,3074,8,347,531287494.07,7.0
16782,2674,6,133,544728986.19,8.4
16783,3112,9,94,127462471.63,1.8
16784,254,5,310,149260179.56,2.5
16785,4361,9,11,258429036.81,3.6
16786,3733,14,359,1906143994.99,35.0
16787,4517,8,202,570371300.06,7.0
16788,3721,14,294,439433685.98,7.0
16789,825,2,332,2129663776.05,28.0
16790,275,12,360,2528021732.66,45.0
16791,4586,8,333,574627574.52,10.5
16792,462,9,10,378131757.5,5.4
16793,2482,6,236,882743850.3,12.6
16794,4515,12,244,2463991879.15,36.0
16795,2726,15,363,1163751793.63,17.5
16796,4181,4,125,310910602.35,5.0
16797,3166,10,303,758707590.46,12.0
16798,519,1,363,78794776.34,1.5
16799,4396,8,122,441321744.71,7.0
16800,1174,13,300,418893809.29,7.0
16801,3601,9,236,248581442.51,3.6
16802,4360,8,136,688068967.32,10.5
16803,3933,11,360,1967796160.85,30.0
16804,3467,12,362,518942263.94,9.0
16805,4967,6,295,267732323.93,4.2
16806,1460,14,299,331113351.43,7.0
16807,3923,3,223,1197290308.8,16.5
16808,1527,12,68,796785404.91,13.5
16809,15,8,147,2245234653.34,35.0
16810,1219,2,263,327531183.23,7.0
16811,299,15,365,404824150.52,7.0
16812,3020,13,127,1962089444.14,28.0
16813,3549,3,343,642565941.12,9.9
16814,4833,6,43,1445248991.76,21.0
16815,2318,4,180,139235946.03,2.5
16816,1906,15,325,1243784317.64,17.5
16817,4522,1,344,91984857.26,1.5
16818,513,1,217,105296845.75,1.5
16819,1400,6,104,2123796656.62,33.6
16820,4920,14,333,793352800.97,10.5
16821,3913,1,363,193943344.79,3.0
16822,3129,1,214,198036416.71,4.5
16823,440,2,330,238068200.35,3.5
16824,4535,13,137,261687939.96,3.5
16825,2753,1,288,605547590.96,7.5
16826,623,1,154,197471126.98,3.0
16827,1543,13,160,444172608.84,7.0
16828,4527,7,124,883767869.7,15.0
16829,1561,15,170,215641540.57,3.5
16830,555,12,52,537096014.43,9.0
16831,2077,11,363,409245382.51,6.0
16832,3153,12,348,1255428260.67,22.5
16833,4516,14,268,471966230.58,7.0
16834,440,2,246,530682979.63,7.0
16835,1428,9,268,247618653.17,3.6
16836,3207,7,237,285535107.73,4.5
16837,3555,15,85,634320370.48,10.5
16838,2044,2,139,668616930.79,10.5
16839,278,6,283,1519985805.46,21.0
16840,1361,7,87,879563523.29,15.0
16841,1943,6,128,831698525.77,12.6
16842,2523,9,34,352717905.64,5.4
16843,4575,15,194,1223834437.27,17.5
16844,3194,9,263,337558156.77,5.4
16845,2152,15,250,367544856.18,7.0
16846,2791,1,163,344380444.87,4.5
16847,1458,11,40,181531956.13,3.0
16848,2971,7,340,784517204.43,15.0
16849,1900,1,262,103511237.01,1.5
16850,1579,10,334,198122772.35,3.0
16851,4217,10,231,298387474.29,4.5
16852,4084,14,138,1259916009.36,17.5
16853,915,13,128,1465755279.69,17.5
16854,892,5,69,1213505811.24,20.0
16855,2024,7,108,1055855653.36,15.0
16856,4982,1,170,869951175.09,15.0
16857,997,1,315,764303689.84,12.0
16858,2480,12,83,675994757.72,13.5
16859,2718,14,46,207178001.47,3.5
16860,140,4,273,306843108.74,5.0
16861,3277,9,215,423353964.66,5.4
16862,3256,6,13,555949273.88,8.4
16863,3645,12,341,760012737.2,9.0
16864,920,4,75,308231394.53,5.0
16865,2614,14,286,461890983.69,7.0
16866,1617,4,118,1830668256.88,25.0
16867,2511,4,98,1795980578.69,25.0
16868,262,7,297,98197591.93,1.5
16869,3421,5,59,1084275069.71,20.0
16870,2340,12,27,747138886.22,9.0
16871,1647,1,151,151876153.52,3.0
16872,1003,7,137,190431795.61,3.0
16873,803,5,93,321273564.1,5.0
16874,1362,6,96,576797920.3,8.4
16875,2363,7,124,174578365.74,3.0
16876,975,10,207,465116596.67,7.5
16877,3695,2,225,279226971.96,3.5
16878,876,14,34,716824198.93,10.5
16879,4356,9,51,230092160.6,3.6
16880,623,11,249,232219902.89,3.0
16881,532,9,220,246891307.21,3.6
16882,3586,7,271,556005591.19,7.5
16883,3959,9,341,111770830.72,1.8
16884,2683,12,303,538017739.15,9.0
16885,3646,12,75,485299463.64,9.0
16886,3614,1,166,260707432.2,4.5
16887,3295,1,141,535684213.81,7.5
16888,4041,5,304,521483989.55,7.5
16889,2991,8,168,2511145110.24,35.0
16890,1658,1,63,474012910.08,7.5
16891,2890,10,201,279577687.02,4.5
16892,105,7,156,542572859.47,7.5
16893,1910,6,141,961290511.32,12.6
16894,2961,6,23,684116070.17,8.4
16895,625,15,313,1048295210.12,17.5
16896,4960,13,230,269149946.49,3.5
16897,4564,11,313,993939312.2,15.0
16898,1067,15,48,634222297.38,10.5
16899,1436,15,192,233376159.17,3.5
16900,2713,8,59,250374951.09,3.5
16901,3482,11,11,543234227.87,9.0
16902,4792,13,309,182879448.28,3.5
16903,2622,12,260,259029379.74,4.5
16904,427,7,349,485730899.48,7.5
16905,925,6,313,590775446.95,8.4
16906,2220,15,71,221029038.6,3.5
16907,2762,1,336,250715115.57,3.0
16908,4178,6,308,2336899277.07,42.0
16909,4655,12,185,1163720915.78,22.5
16910,2363,10,52,509369744.86,7.5
16911,4143,1,180,482050993.4,7.5
16912,826,3,321,709009829.09,9.9
16913,2524,14,175,240068220.25,3.5
16914,2944,14,190,263798234.76,3.5
16915,2748,7,11,81252085.12,1.5
16916,4685,11,60,174516751.34,3.0
16917,3665,8,277,219128041.92,3.5
16918,2012,11,174,429328582.25,6.0
16919,2838,5,296,158331139.44,2.5
16920,3127,5,31,910298560.91,12.5
16921,1424,11,324,392984785.44,6.0
16922,1610,3,205,629157854.58,9.9
16923,4264,9,231,118677883.48,1.8
16924,4312,15,150,430604815.6,7.0
16925,839,13,208,243448028.33,3.5
16926,3247,3,182,1878263545.16,26.4
16927,2679,8,150,192654165.51,3.5
16928,3643,15,119,398834018.22,7.0
16929,3552,7,192,199280841.81,3.0
16930,4210,3,204,439781820.03,6.6
16931,2246,12,186,1773427634.24,22.5
16932,2668,12,321,223713504.09,4.5
16933,4046,11,60,1189358556.61,15.0
16934,4389,8,290,1155576427.63,17.5
16935,4510,8,230,485170064.95,7.0
16936,3803,1,74,227694665.6,3.0
16937,4391,8,217,1138138888.35,17.5
16938,2055,9,14,190875299.44,3.6
16939,2918,2,276,303022062.83,3.5
16940,3563,8,114,1967493786.2,28.0
16941,3465,14,215,1952303768.01,35.0
16942,3823,4,282,212948814.55,2.5
16943,2758,14,86,433620207.76,7.0
16944,4766,4,363,364402738.22,5.0
16945,3601,3,3,357640154.27,6.6
16946,1052,9,313,1134825852.44,14.4
16947,600,13,140,744700241.88,10.5
16948,1811,10,281,548187424.89,7.5
16949,1018,7,220,192390768.55,3.0
16950,2321,6,145,674231160.78,12.6
16951,2513,9,199,247453295.02,3.6
16952,655,10,150,98246277.68,1.5
16953,2558,9,172,1007784747.79,14.4
16954,4858,4,74,273286403.28,5.0
16955,3705,3,165,163817754.41,3.3
16956,3068,2,304,738184260.61,10.5
16957,1972,12,138,292922092.31,4.5
16958,4787,8,346,981231159.7,17.5
16959,2731,3,196,206835314.95,3.3
16960,1518,11,132,566203635.87,9.0
16961,1354,9,116,258427286.79,3.6
16962,2425,3,175,403297998.26,6.6
16963,955,15,359,174663685.8,3.5
16964,3245,7,93,332642774.4,4.5
16965,588,12,113,551166644.49,9.0
16966,4043,8,245,214481944.56,3.5
16967,1981,10,328,209274121.69,3.0
16968,4487,10,197,514380812.43,7.5
16969,2143,5,43,140461780.04,2.5
16970,4127,2,186,189262396.45,3.5
16971,4052,13,199,1114063739.04,17.5
16972,1294,10,340,890403316.05,15.0
16973,4343,4,339,395715738.84,5.0
16974,4963,7,237,646408325.74,12.0
16975,1067,9,114,937371588.36,14.4
16976,1220,8,324,885151961.43,17.5
16977,2293,15,129,261097357.95,3.5
16978,3851,10,203,329533935.28,4.5
16979,1293,9,16,98420318.34,1.8
16980,1318,7,57,186828277.37,3.0
16981,4100,8,309,762364713.9,10.5
16982,4339,5,342,511692733.28,7.5
16983,2545,12,183,790720820.88,13.5
16984,758,10,352,193938941.42,3.0
16985,2627,9,313,932022394.7,18.0
16986,437,7,129,238531555.32,4.5
16987,2411,3,131,211517024.28,3.3
16988,532,3,148,236569805.96,3.3
16989,226,2,24,2326429039.14,35.0
16990,740,13,299,893126187.39,17.5
16991,3573,7,343,110974926.55,1.5
16992,2563,3,5,191576249.56,3.3
16993,1752,14,205,1857553386.82,28.0
16994,301,1,132,102208008.67,1.5
16995,2682,4,240,302847659.8,5.0
16996,1644,12,354,799980459.77,13.5
16997,4699,5,147,170621944.3,2.5
16998,775,10,357,272401180.41,4.5
16999,4360,9,246,339688763.56,5.4
17000,4640,10,6,222930783.01,3.0
17001,364,14,236,1530242144.45,28.0
17002,4979,8,124,504239341.72,7.0
17003,2744,6,40,1205623697.16,21.0
17004,321,15,304,850456339.32,10.5
17005,1446,12,145,682745043.15,9.0
17006,515,2,353,1112654713.72,17.5
17007,110,2,365,402440760.48,7.0
17008,1595,10,155,191462381.47,3.0
17009,3438,13,25,303609331.87,3.5
17010,611,5,179,596445081.8,7.5
17011,108,7,199,866382924.71,12.0
17012,4280,4,290,134948163.03,2.5
17013,1391,1,330,98951496.81,1.5
17014,3917,2,9,447101365.94,7.0
17015,295,6,14,866246136.83,12.6
17016,837,11,282,152425311.02,3.0
17017,4827,7,200,97987840.84,1.5
17018,2573,2,312,245617560.73,3.5
17019,1851,6,24,751863752.34,12.6
17020,3025,1,230,334606557.76,4.5
17021,1260,11,283,691966773.53,9.0
17022,4194,2,124,247701061.09,3.5
17023,4549,8,253,857144916.34,10.5
17024,4078,5,19,758643840.33,12.5
17025,2938,8,82,1152746613.5,17.5
17026,4859,7,97,160857321.2,3.0
17027,2432,12,224,1528566686.54,22.5
17028,848,14,200,264745336.11,3.5
17029,4375,3,137,680252952.26,9.9
17030,3043,15,78,825712598.5,10.5
17031,3092,2,289,247640597.55,3.5
17032,3633,15,85,225626797.64,3.5
17033,3540,3,267,1052154646.54,16.5
17034,1444,5,290,1661201084.52,25.0
17035,4031,9,219,126712453.06,1.8
17036,478,1,114,90322666.82,1.5
17037,1076,10,16,977949634.96,15.0
17038,4260,5,141,247599108.91,5.0
17039,4560,3,252,167084566.58,3.3
17040,4262,10,148,551410287.31,7.5
17041,4030,5,236,1479956029.82,20.0
17042,2989,12,26,3209954003.77,45.0
17043,613,5,196,1206713885.51,20.0
17044,1480,9,213,198968870.01,3.6
17045,4213,5,294,1304597880.79,20.0
17046,1530,5,44,166036467.82,2.5
17047,3911,11,259,1518209696.61,24.0
17048,1171,12,266,905168097.23,13.5
17049,2824,9,58,601316153.89,9.0
17050,1250,15,360,2493426107.47,35.0
17051,712,14,149,570481048.76,10.5
17052,3017,11,181,420764437.13,6.0
17053,3383,13,179,794619397.93,10.5
17054,1111,10,316,407803558.85,7.5
17055,391,12,48,310218314.6,4.5
17056,2020,14,362,266643310.88,3.5
17057,3016,6,255,577734826.61,8.4
17058,4224,12,4,1395188861.43,22.5
17059,2516,14,184,534561529.43,7.0
17060,2566,7,131,65788929.53,1.5
17061,1963,7,306,385527029.76,7.5
17062,3622,6,12,195373882.3,4.2
17063,3073,6,129,273635777.17,4.2
17064,1199,4,192,325201857.54,5.0
17065,1758,12,289,831653055.83,13.5
17066,784,12,281,618616930.91,9.0
17067,4683,4,308,801408280.48,12.5
17068,531,7,227,96682339.35,1.5
17069,2431,2,162,474080690.96,7.0
17070,3953,3,253,1252111972.2,16.5
17071,3768,14,302,1714487606.62,28.0
17072,3172,13,48,245344019.28,3.5
17073,139,13,245,413684505.22,7.0
17074,2277,10,48,518807395.71,7.5
17075,4344,11,330,366088990.93,6.0
17076,4315,2,47,374523396.49,7.0
17077,4678,1,306,310143767.71,4.5
17078,2074,11,21,178416070.6,3.0
17079,2606,1,221,101223305.12,1.5
17080,4573,4,44,170238174.75,2.5
17081,2705,14,156,1039905588.1,17.5
17082,1888,4,164,339700482.86,5.0
17083,2514,13,295,496866709.49,7.0
17084,4843,4,86,271258440.67,5.0
17085,3917,2,229,797036354.31,10.5
17086,1951,3,329,600591005.86,9.9
17087,2820,3,355,408149248.37,6.6
17088,305,10,190,481812903.67,7.5
17089,3453,9,315,100697325.49,1.8
17090,1814,14,281,1140767304.19,17.5
17091,1626,13,247,261436798.73,3.5
17092,2689,13,116,522839671.85,7.0
17093,491,10,38,202674632.96,3.0
17094,3944,13,343,1107101121.46,17.5
17095,2440,7,348,99604636.72,1.5
17096,967,3,305,1953605463.05,26.4
17097,4312,4,118,150802497.99,2.5
17098,4249,9,340,268742976.57,3.6
17099,2241,8,237,375003714.74,7.0
17100,752,11,233,179093906.75,3.0
17101,4829,4,298,684427994.75,7.5
17102,3000,3,313,621813817.52,9.9
17103,1607,10,316,566411285.3,7.5
17104,4380,10,102,291042518.52,4.5
17105,3282,13,182,244527959.98,3.5
17106,4566,1,242,831996375.54,15.0
17107,83,4,299,281600921.03,5.0
17108,2938,8,294,687505411.18,10.5
17109,4504,5,303,395006631.88,7.5
17110,1692,2,62,844429352.68,10.5
17111,1753,14,273,817819863.33,10.5
17112,3618,11,7,1152094260.67,15.0
17113,2615,14,175,366423378.25,7.0
17114,1231,9,101,112400249.94,1.8
17115,1382,11,181,182700305.89,3.0
17116,558,11,256,709926507.03,9.0
17117,2561,6,45,270613072.76,4.2
17118,3472,5,77,1198662800.76,20.0
17119,2195,10,108,672762235.81,12.0
17120,3897,15,170,1037698211.6,17.5
17121,863,11,350,228083690.88,3.0
17122,4751,7,18,98546390.81,1.5
17123,3030,3,11,422494698.47,6.6
17124,1426,8,213,210129667.17,3.5
17125,4257,11,22,202897409.27,3.0
17126,4989,1,321,869908945.62,15.0
17127,1903,3,346,229760025.77,3.3
17128,371,10,201,337132836.8,4.5
17129,33,6,130,1034966760.43,12.6
17130,613,11,351,401033811.85,6.0
17131,2635,15,242,411086003.7,7.0
17132,1110,8,48,318266445.18,3.5
17133,1653,14,81,231531411.46,3.5
17134,3201,12,322,637135778.58,9.0
17135,473,6,259,301353454.37,4.2
17136,2867,2,179,845104568.41,17.5
17137,2567,12,365,1093023863.31,13.5
17138,709,2,95,1834388370.85,28.0
17139,4126,1,121,321964273.19,4.5
17140,3327,7,338,117288733.66,1.5
17141,4932,1,39,471077427.39,7.5
17142,4280,6,198,1411735847.69,21.0
17143,2528,9,129,354533218.43,5.4
17144,4753,7,96,97098944.31,1.5
17145,3282,2,61,579965517.82,10.5
17146,90,14,275,1466609041.47,17.5
17147,4714,15,297,191567948.83,3.5
17148,3264,14,33,545567810.93,10.5
17149,2891,2,294,203225354.41,3.5
17150,555,9,286,1003020912.35,14.4
17151,1501,11,109,874534633.99,15.0
17152,1077,7,365,544922964.89,7.5
17153,408,12,277,776627508.09,13.5
17154,2446,15,13,483361955.46,7.0
17155,3113,13,279,615964546.52,10.5
17156,2595,5,91,130738890.31,2.5
17157,2567,3,284,1248533974.58,16.5
17158,4624,5,183,363986355.59,5.0
17159,4190,8,107,2409083501.81,35.0
17160,313,15,115,273460853.92,3.5
17161,4804,8,170,687481377.51,10.5
17162,2877,1,139,211486263.96,3.0
17163,3405,10,240,93158863.91,1.5
17164,4743,1,27,188419291.3,3.0
17165,2105,1,272,121394655.65,1.5
17166,4166,10,4,181890285.22,3.0
17167,4840,8,263,599845103.88,10.5
17168,1122,1,167,233257270.28,4.5
17169,2348,12,141,529686229.91,9.0
17170,309,3,100,252015196.05,3.3
17171,27,13,205,721504159.79,10.5
17172,404,10,140,189614016.24,3.0
17173,585,12,119,300834435.58,4.5
17174,1543,6,347,1937252167.92,33.6
17175,19,4,313,148781935.02,2.5
17176,3413,9,178,1378090975.7,18.0
17177,723,5,295,163783423.68,2.5
17178,4711,13,157,526636722.3,7.0
17179,1104,2,86,762387867.95,10.5
17180,1863,9,175,1322651623.81,18.0
17181,1352,13,228,1089292043.4,17.5
17182,2199,7,337,96796210.9,1.5
17183,1326,14,20,198816958.19,3.5
17184,4727,1,131,165846860.86,3.0
17185,2917,5,343,153244388.13,2.5
17186,3763,12,50,672103357.49,9.0
17187,3092,2,183,1802325589.96,28.0
17188,896,9,354,118114299.8,1.8
17189,1549,14,106,2062667155.91,28.0
17190,2208,13,352,455998117.48,7.0
17191,4956,3,311,740837027.53,9.9
17192,3741,11,309,660348614.69,9.0
17193,1873,12,183,310854517.64,4.5
17194,367,13,24,464847739.65,7.0
17195,801,8,74,217675623.0,3.5
17196,4753,4,322,358283637.78,5.0
17197,1534,2,152,284745581.24,3.5
17198,3513,5,195,534106582.79,7.5
17199,2850,11,198,189484973.56,3.0
17200,1435,6,319,467588718.14,8.4
17201,4579,9,50,141415427.99,1.8
17202,4305,9,312,150149856.6,1.8
17203,2751,4,160,1873387250.29,25.0
17204,1752,14,135,261121867.29,3.5
17205,4838,6,264,211657945.89,4.2
17206,3293,8,250,308412705.61,3.5
17207,699,2,117,2306329136.0,35.0
17208,2905,9,251,816265496.14,14.4
17209,3129,5,296,231439381.17,5.0
17210,2030,1,98,371282853.43,7.5
17211,3590,12,108,251988834.62,4.5
17212,745,2,40,491709492.52,7.0
17213,4222,8,87,229853577.23,3.5
17214,3521,10,87,1012165644.27,15.0
17215,3505,4,23,303012573.89,5.0
17216,3338,1,120,250283449.64,4.5
17217,2362,13,254,431676296.07,7.0
17218,116,10,108,470827447.17,7.5
17219,1792,7,22,108321294.63,1.5
17220,126,14,339,640477582.6,10.5
17221,1747,7,173,211252215.5,3.0
17222,594,4,74,532773595.79,7.5
17223,1183,8,89,237711183.14,3.5
17224,2873,2,209,359930972.69,7.0
17225,2759,7,291,760218285.15,12.0
17226,2765,1,239,190830007.31,3.0
17227,2847,9,307,226483849.03,3.6
17228,258,3,195,421359264.98,6.6
17229,3964,15,160,274563525.55,3.5
17230,2327,4,285,174791304.65,2.5
17231,1794,1,140,485063648.02,7.5
17232,3065,2,90,460684980.77,7.0
17233,3010,14,38,667409888.86,10.5
17234,584,5,209,145927374.2,2.5
17235,4098,12,143,559825303.5,9.0
17236,2308,4,17,149494895.62,2.5
17237,4216,9,295,130628556.79,1.8
17238,4962,7,145,184594023.29,3.0
17239,4946,10,326,276013627.49,4.5
17240,4533,7,276,1018977988.52,15.0
17241,2462,11,273,2396028367.18,30.0
17242,687,11,77,201661077.37,3.0
17243,579,6,359,534331220.12,8.4
17244,2889,1,70,104161562.23,1.5
17245,621,10,22,100760105.71,1.5
17246,2579,7,337,203564636.41,3.0
17247,2711,6,59,788921735.42,12.6
17248,1127,14,135,207834354.19,3.5
17249,1413,10,40,86812069.78,1.5
17250,2813,1,135,211418923.76,3.0
17251,2466,3,225,176472534.58,3.3
17252,4147,10,209,263151175.17,4.5
17253,3451,12,305,730647720.63,9.0
17254,1056,13,348,2573396403.61,35.0
17255,1668,13,257,2039046706.17,28.0
17256,1247,1,302,166380234.97,3.0
17257,2291,9,103,115199960.69,1.8
17258,4849,12,93,306372408.94,4.5
17259,921,5,244,129243306.18,2.5
17260,4040,8,227,181468098.61,3.5
17261,4184,8,365,590553321.95,10.5
17262,2979,6,166,989124166.49,12.6
17263,2509,6,281,2557701745.02,42.0
17264,2788,4,343,136165765.23,2.5
17265,652,11,314,203056823.55,3.0
17266,3259,12,158,933022011.56,13.5
17267,3663,11,263,374283322.0,6.0
17268,3899,13,104,704755704.54,10.5
17269,1668,13,47,461351458.34,7.0
17270,66,10,132,236129853.32,3.0
17271,394,4,119,781860051.07,12.5
17272,4416,3,244,456468180.99,6.6
17273,1937,14,237,539240040.59,7.0
17274,728,12,261,991847500.97,13.5
17275,902,12,286,271526109.99,4.5
17276,1214,5,116,494930575.13,7.5
17277,17,14,220,871822913.85,17.5
17278,4364,6,332,1247499071.46,21.0
17279,2306,6,78,2381709244.11,33.6
17280,4016,10,267,169622361.15,3.0
17281,1528,15,217,676547011.84,10.5
17282,996,11,166,217223224.4,3.0
17283,2221,15,205,2022311312.44,28.0
17284,1281,12,60,2907913956.47,45.0
17285,3263,11,159,179484061.92,3.0
17286,4282,3,36,220651998.41,3.3
17287,1191,12,144,1754465648.39,22.5
17288,2634,10,80,161236935.51,3.0
17289,4899,15,228,684344379.34,10.5
17290,3209,6,360,431920790.27,8.4
17291,4698,10,186,96557234.71,1.5
17292,1406,13,365,217455576.06,3.5
17293,153,6,336,2488590125.58,33.6
17294,3647,12,250,938314745.3,13.5
17295,724,15,86,208452207.03,3.5
17296,4804,14,9,454652511.37,7.0
17297,4869,9,229,123442895.35,1.8
17298,2793,10,91,452003085.15,7.5
17299,626,2,317,703339994.2,10.5
17300,2344,6,107,523041179.34,8.4
17301,4776,15,277,1127045707.81,17.5
17302,105,11,232,204888392.56,3.0
17303,1490,13,35,1926867952.47,28.0
17304,1032,8,131,442680029.23,7.0
17305,194,8,143,612987986.89,10.5
17306,662,1,314,652207426.32,12.0
17307,4828,8,160,339667536.63,7.0
17308,3195,10,7,163629940.69,3.0
17309,1315,11,27,206583212.79,3.0
17310,1767,9,76,115020866.92,1.8
17311,2599,9,72,416167660.17,5.4
17312,3804,2,140,386945881.09,7.0
17313,3775,1,165,543871100.44,7.5
17314,327,9,241,263679622.89,3.6
17315,1132,9,115,1112871806.68,14.4
17316,4722,9,148,123612153.76,1.8
17317,3057,3,96,173383916.82,3.3
17318,2945,5,274,561102074.85,7.5
17319,2966,9,77,277640766.71,3.6
17320,2911,14,133,676205607.85,10.5
17321,4602,9,195,537901749.11,9.0
17322,3158,3,351,605593424.25,9.9
17323,1354,13,52,222625210.35,3.5
17324,401,11,194,193109615.03,3.0
17325,2106,10,227,114902598.62,1.5
17326,3322,12,363,251958840.41,4.5
17327,4323,8,283,880248042.31,10.5
17328,1075,15,353,654080088.76,10.5
17329,2552,4,47,445302003.06,7.5
17330,3815,1,262,701440361.58,12.0
17331,810,9,9,303118485.98,5.4
17332,1601,8,55,2252413000.25,35.0
17333,721,14,268,1187214516.19,17.5
17334,4974,2,358,418643207.36,7.0
17335,1922,9,333,219321963.05,3.6
17336,4409,7,115,103546322.41,1.5
17337,1921,2,233,201071363.44,3.5
17338,697,11,254,480363089.12,9.0
17339,448,15,24,198434492.81,3.5
17340,2935,8,213,739246436.81,10.5
17341,3604,2,158,449751756.95,7.0
17342,4660,2,316,726390215.37,10.5
17343,2891,5,159,1514922885.3,25.0
17344,4747,12,136,1640357040.02,22.5
17345,2541,2,360,499846546.38,7.0
17346,4856,11,352,350708951.14,6.0
17347,3303,9,248,594922763.77,9.0
17348,4486,11,193,1273737908.44,24.0
17349,4554,1,359,496868437.08,7.5
17350,2568,10,286,196065153.72,3.0
17351,1944,3,347,639298799.02,9.9
17352,3693,12,44,763195725.46,13.5
17353,3472,13,226,1169155118.83,17.5
17354,4759,9,153,357334669.14,5.4
17355,1045,1,296,175355200.57,3.0
17356,3741,14,302,779431888.29,10.5
17357,4085,5,238,511884293.85,7.5
17358,1172,15,197,1794886667.07,28.0
17359,486,4,230,1659345286.9,20.0
17360,1183,6,98,580968924.75,8.4
17361,907,2,60,159546863.46,3.5
17362,1416,5,34,491059124.86,7.5
17363,3056,15,340,1179489107.43,17.5
17364,389,2,61,1099123536.76,17.5
17365,107,12,219,2969619568.99,45.0
17366,1352,15,103,2336567043.73,35.0
17367,3655,11,172,181025958.13,3.0
17368,383,6,281,1656340384.2,21.0
17369,485,2,199,2259957274.07,35.0
17370,139,1,70,269826338.22,4.5
17371,279,6,3,514477986.98,8.4
17372,1720,13,131,435683676.86,7.0
17373,1866,3,121,418013384.63,6.6
17374,2493,15,347,637203554.58,10.5
17375,1048,12,169,1399716086.67,22.5
17376,2507,2,250,183766761.31,3.5
17377,3195,5,209,150758719.78,2.5
17378,4218,9,206,277311543.53,3.6
17379,4659,13,252,688252515.49,10.5
17380,398,8,309,423501446.27,7.0
17381,1994,12,143,558165213.96,9.0
17382,908,1,102,441894844.35,7.5
17383,1059,9,271,268164774.26,3.6
17384,4791,2,171,212451663.98,3.5
17385,461,8,154,240013255.4,3.5
17386,1977,14,144,505794088.63,7.0
17387,2757,15,5,205239330.9,3.5
17388,796,7,164,228875556.95,3.0
17389,4612,1,118,97676632.43,1.5
17390,163,12,145,304518799.19,4.5
17391,3675,2,144,228766227.23,3.5
17392,3639,14,328,671084220.14,10.5
17393,1789,3,360,161341644.83,3.3
17394,344,11,114,855033958.27,15.0
17395,376,10,280,100845750.09,1.5
17396,2325,2,321,207483888.61,3.5
17397,521,3,61,437628510.59,6.6
17398,1480,5,292,508261172.69,7.5
17399,823,14,267,429712761.47,7.0
17400,434,8,294,561508403.89,10.5
17401,4257,9,26,356173947.83,5.4
17402,4894,4,263,196837398.8,2.5
17403,3955,9,260,358034211.68,5.4
17404,2236,1,243,716418398.7,12.0
17405,1805,8,70,1822212920.38,28.0
17406,2574,4,274,329489985.78,5.0
17407,680,8,249,1316101173.93,28.0
17408,3086,15,74,2138502295.17,35.0
17409,804,5,297,1777407765.94,20.0
17410,4704,10,2,180528519.15,3.0
17411,1731,2,219,855281706.64,10.5
17412,806,4,73,1207555449.02,20.0
17413,1811,13,168,290990725.33,3.5
17414,4966,4,55,347562226.85,5.0
17415,4521,13,82,206784115.87,3.5
17416,4273,9,251,273068970.34,3.6
17417,3440,7,56,972059011.41,15.0
17418,1332,5,220,333748450.68,5.0
17419,2737,11,105,539140834.36,9.0
17420,4153,15,270,637636995.69,10.5
17421,454,2,144,402729874.22,7.0
17422,1855,8,52,1234209732.4,17.5
17423,1220,3,35,209653890.56,3.3
17424,132,11,365,195114426.18,3.0
17425,3008,12,8,286748088.22,4.5
17426,2761,11,95,222511970.25,3.0
17427,3762,4,72,435197187.26,7.5
17428,3637,12,281,1513466912.5,22.5
17429,3384,9,202,268602547.28,3.6
17430,3879,2,225,235762722.59,3.5
17431,980,15,294,2702217691.0,35.0
17432,2153,13,70,828266333.74,17.5
17433,1728,13,203,440806959.44,7.0
17434,2784,9,19,127045603.19,1.8
17435,3890,7,115,94130354.89,1.5
17436,3947,1,277,86124113.5,1.5
17437,3284,11,332,554473113.32,9.0
17438,752,7,81,174421902.93,3.0
17439,443,15,141,741418120.04,10.5
17440,1126,14,167,1168997390.83,17.5
17441,3787,5,176,1168121864.82,20.0
17442,2365,5,143,817348383.57,12.5
17443,3956,2,232,2135995460.46,28.0
17444,867,12,170,3168714726.85,45.0
17445,1744,10,236,481515165.65,7.5
17446,1753,14,14,260008511.67,3.5
17447,2025,12,2,2907850671.66,45.0
17448,3964,14,108,2653280785.48,35.0
17449,3339,6,119,261496437.01,4.2
17450,2923,14,155,228335645.89,3.5
17451,4917,12,75,469278679.96,9.0
17452,3211,15,24,642109073.6,10.5
17453,1770,8,6,1193412218.88,17.5
17454,3477,14,102,738379136.3,10.5
17455,4820,15,361,1175217804.17,17.5
17456,349,3,254,2090804761.51,26.4
17457,1857,7,324,311831837.83,4.5
17458,2677,7,58,973519631.68,15.0
17459,1534,10,251,597208096.97,12.0
17460,1423,2,217,752480092.26,10.5
17461,1242,6,185,877605149.39,12.6
17462,1023,1,165,818483040.54,12.0
17463,2378,5,247,492268659.55,7.5
17464,1443,14,53,1121293299.48,17.5
17465,4442,11,65,980311866.52,15.0
17466,514,3,39,942893319.49,16.5
17467,3705,2,313,1641955046.06,28.0
17468,454,3,211,1388806608.46,26.4
17469,464,10,196,101794422.03,1.5
17470,3278,7,337,284189168.8,4.5
17471,1166,2,179,2257334158.48,35.0
17472,1528,15,317,246916468.19,3.5
17473,4194,11,115,1086278471.96,15.0
17474,2616,5,225,776979079.4,12.5
17475,3681,4,182,637605605.84,12.5
17476,3212,13,111,662309026.76,10.5
17477,3536,14,107,695857401.01,10.5
17478,319,15,345,556320817.01,7.0
17479,604,1,282,248869380.04,4.5
17480,704,2,266,515520149.17,7.0
17481,3106,15,298,1248000421.63,17.5
17482,2748,13,153,1048095341.33,17.5
17483,4903,14,109,255234789.89,3.5
17484,4952,7,166,362175367.39,7.5
17485,4513,12,95,492804216.71,9.0
17486,3295,9,253,393770555.19,5.4
17487,149,5,83,279256999.02,5.0
17488,2510,11,222,287154514.64,6.0
17489,68,7,87,441413735.58,7.5
17490,3925,5,19,791350059.57,12.5
17491,795,8,176,240729035.99,3.5
17492,1157,14,276,930135118.34,17.5
17493,3945,15,197,2000951221.36,28.0
17494,4248,8,360,654790305.91,10.5
17495,884,4,262,163107839.51,2.5
17496,681,5,68,175976061.92,2.5
17497,2711,11,360,792389427.61,15.0
17498,4632,2,144,387572319.68,7.0
17499,753,5,9,897106647.27,12.5
17500,588,13,173,433247703.12,7.0
17501,4705,12,235,2799253158.18,45.0
17502,2361,3,92,691822610.53,9.9
17503,4118,10,67,257335420.42,4.5
17504,4081,6,262,303924019.14,4.2
17505,4765,13,186,237105786.46,3.5
17506,1558,7,84,171446163.29,3.0
17507,2056,13,101,462768227.68,7.0
17508,1806,14,109,232186272.93,3.5
17509,1357,4,135,288423770.83,5.0
17510,1180,7,177,105494062.84,1.5
17511,1270,1,270,834947395.48,12.0
17512,3809,13,10,1054963488.24,17.5
17513,4518,15,127,2270189277.64,35.0
17514,2465,12,109,558772173.61,9.0
17515,1545,2,55,421874559.15,7.0
17516,53,13,228,243899999.41,3.5
17517,4074,7,118,989137609.97,15.0
17518,2400,14,64,1120532535.63,17.5
17519,901,3,178,1110878166.99,16.5
17520,3668,3,145,553703876.17,9.9
17521,259,5,339,1056100324.58,12.5
17522,4614,8,289,406114362.54,7.0
17523,2284,3,131,375275517.95,6.6
17524,4588,14,72,835370135.79,10.5
17525,3683,12,280,1457450811.92,22.5
17526,2947,6,357,775353172.81,12.6
17527,593,2,233,253484875.17,3.5
17528,4715,7,85,258976237.69,4.5
17529,4979,2,82,232152489.9,3.5
17530,1731,14,1,2557916001.43,35.0
17531,642,1,110,91199141.11,1.5
17532,1220,2,76,1078696557.42,17.5
17533,3554,15,302,621551053.91,10.5
17534,493,7,117,1065463120.2,15.0
17535,3262,1,62,247467223.19,4.5
17536,2366,8,257,2342571558.28,35.0
17537,1981,2,121,469262926.76,7.0
17538,3990,1,60,342374353.42,4.5
17539,2013,5,113,151614974.72,2.5
17540,525,6,76,541015647.94,8.4
17541,2465,10,207,81180119.03,1.5
17542,1025,2,52,2274982400.95,28.0
17543,3961,10,327,286062043.46,4.5
17544,3680,2,154,1095035288.73,17.5
17545,396,5,82,144264584.82,2.5
17546,750,15,157,1221715658.15,17.5
17547,1256,5,293,440508780.55,7.5
17548,1077,4,177,467332579.87,7.5
17549,4669,13,194,461860699.92,7.0
17550,3135,13,231,242889813.54,3.5
17551,1169,3,330,558411980.63,9.9
17552,1246,1,168,107180247.56,1.5
17553,1994,5,125,1637482676.5,25.0
17554,2987,3,303,232758805.62,3.3
17555,911,5,105,161275536.34,2.5
17556,4029,8,13,473740021.25,7.0
17557,2409,10,95,209604468.53,3.0
17558,3268,10,2,215645484.29,3.0
17559,770,4,216,1522793151.71,20.0
17560,3366,1,96,103684800.95,1.5
17561,2532,3,7,605483164.35,9.9
17562,3930,5,98,850136624.58,12.5
17563,1908,14,187,1902084760.98,35.0
17564,567,10,226,216570267.13,3.0
17565,3415,10,246,419553796.99,7.5
17566,2137,9,106,124291183.08,1.8
17567,837,8,37,185309500.36,3.5
17568,4485,14,259,195617688.72,3.5
17569,930,1,42,171425793.41,3.0
17570,3495,4,41,1210162465.65,20.0
17571,3894,11,198,170584680.16,3.0
17572,1596,1,43,176114115.64,3.0
17573,2487,2,67,264221720.36,3.5
17574,247,3,41,2742785827.64,33.0
17575,2932,14,238,724291303.99,10.5
17576,4866,15,22,235894766.7,3.5
17577,4960,11,213,423231989.75,6.0
17578,69,7,6,559973374.19,7.5
17579,4654,1,16,193420300.92,3.0
17580,2616,2,294,1202897212.84,17.5
17581,1308,12,199,821767601.75,9.0
17582,2806,13,83,464656970.28,7.0
17583,908,2,175,1090239604.38,17.5
17584,3202,6,38,323139781.25,4.2
17585,3502,1,139,281517684.25,4.5
17586,2623,9,186,208629773.39,3.6
17587,1033,4,263,471119615.62,7.5
17588,2988,3,309,988534199.69,16.5
17589,305,6,285,569049462.43,8.4
17590,2343,10,344,91587180.68,1.5
17591,2471,9,106,107119463.27,1.8
17592,262,7,56,337898024.39,4.5
17593,1719,3,46,1791478020.53,26.4
17594,2476,2,172,279262804.67,3.5
17595,4496,1,8,714881607.79,12.0
17596,2986,5,329,159620906.37,2.5
17597,311,9,235,1190137067.0,18.0
17598,2274,13,160,210509048.01,3.5
17599,4743,14,103,703361292.89,10.5
17600,800,15,179,281721648.51,3.5
17601,3924,9,309,130728290.62,1.8
17602,1461,4,83,710313822.23,12.5
17603,2623,11,259,380388671.82,6.0
17604,1569,10,352,104759087.79,1.5
17605,379,1,56,237919515.27,3.0
17606,1101,3,131,906004870.62,16.5
17607,3725,5,62,379402250.02,5.0
17608,1076,2,19,2089658761.31,35.0
17609,1737,8,64,817649944.07,10.5
17610,3255,14,310,186095115.12,3.5
17611,4753,11,284,202106720.07,3.0
17612,1221,3,165,915840359.11,16.5
17613,49,2,337,624323915.27,7.0
17614,3385,12,92,218271257.74,4.5
17615,4223,12,325,495303383.91,9.0
17616,4290,2,124,204798786.33,3.5
17617,3339,13,271,632131589.47,10.5
17618,4027,4,256,311997102.72,5.0
17619,211,12,170,2822603114.8,45.0
17620,2305,6,253,658797192.05,8.4
17621,4229,3,24,896604851.84,16.5
17622,2016,4,314,642336015.84,12.5
17623,1732,9,202,854057677.47,14.4
17624,314,10,232,190069369.65,3.0
17625,4647,15,11,1811910014.89,28.0
17626,3685,7,224,187786579.53,3.0
17627,3971,9,306,976501504.29,14.4
17628,2255,4,79,173727257.03,2.5
17629,4548,3,194,2371988286.21,33.0
17630,2488,13,60,177588654.18,3.5
17631,2049,11,198,207181643.41,3.0
17632,754,14,136,839536888.75,10.5
17633,3329,14,198,211314496.89,3.5
17634,181,15,296,488416922.09,7.0
17635,1048,8,239,181307733.02,3.5
17636,3662,7,21,476010063.13,7.5
17637,2378,10,280,229560058.22,3.0
17638,723,7,11,502794427.93,7.5
17639,3838,15,131,904312990.64,17.5
17640,813,10,101,103606806.45,1.5
17641,4793,10,72,105426992.75,1.5
17642,1637,2,222,214871141.64,3.5
17643,746,4,351,566137906.23,7.5
17644,3872,6,280,1552847283.02,21.0
17645,447,8,270,400791833.53,7.0
17646,2264,8,202,789574029.08,10.5
17647,1229,5,54,371687742.35,5.0
17648,4459,7,57,95345679.72,1.5
17649,4818,9,328,100897925.75,1.8
17650,2259,12,73,695605469.33,13.5
17651,904,15,320,867101204.1,10.5
17652,3924,6,290,263648526.35,4.2
17653,1563,10,112,90150168.97,1.5
17654,1153,4,66,160767610.96,2.5
17655,1358,1,324,81114042.72,1.5
17656,176,12,137,538003718.95,9.0
17657,2258,3,204,366949823.72,6.6
17658,2523,13,139,170301035.25,3.5
17659,1827,2,58,431141207.4,7.0
17660,4238,6,114,445606792.38,8.4
17661,898,7,224,438509703.47,7.5
17662,1277,3,269,433657074.36,6.6
17663,2185,5,110,149379005.22,2.5
17664,2654,8,267,728980122.82,10.5
17665,3440,4,278,154325150.87,2.5
17666,4284,10,339,104592892.05,1.5
17667,1178,6,227,433356369.77,8.4
17668,959,10,346,215998013.14,3.0
17669,50,15,229,2296259542.51,28.0
17670,1453,4,292,1127021652.77,20.0
17671,894,12,260,288728895.67,4.5
17672,2055,1,248,82752986.27,1.5
17673,850,11,165,694891298.45,9.0
17674,950,13,151,1107931291.29,17.5
17675,621,5,163,545403987.25,7.5
17676,4258,9,246,218245772.95,3.6
17677,2001,8,60,1001898573.59,17.5
17678,2642,6,174,1327719706.42,21.0
17679,3962,5,358,183923169.95,2.5
17680,312,1,11,462404096.38,7.5
17681,750,9,70,377267895.29,5.4
17682,178,7,257,201373530.43,3.0
17683,4991,11,3,396483011.71,6.0
17684,1591,13,184,404965942.94,7.0
17685,853,6,174,271985461.41,4.2
17686,2874,7,316,216715299.85,3.0
17687,2365,5,54,761473373.38,12.5
17688,547,6,117,303829689.06,4.2
17689,3371,2,305,929466618.43,17.5
17690,1870,15,62,1881192560.26,28.0
17691,1010,12,159,813380708.24,13.5
17692,2955,8,332,755626019.79,10.5
17693,2123,14,348,702293633.68,10.5
17694,1961,15,356,400846214.8,7.0
17695,3252,5,331,153178241.14,2.5
17696,1945,15,268,2515461683.09,35.0
17697,3589,13,361,2488868738.44,35.0
17698,2270,10,322,552861078.23,7.5
17699,4485,10,261,101516953.25,1.5
17700,118,7,257,184730742.28,3.0
17701,449,14,364,719021475.64,10.5
17702,1538,2,57,1387646798.76,28.0
17703,2040,15,360,258867610.83,3.5
17704,3661,15,236,411559585.03,7.0
17705,2417,3,293,2640300224.26,33.0
17706,4423,14,240,731717113.56,10.5
17707,699,2,39,729237307.33,10.5
17708,2986,9,228,221597645.46,3.6
17709,3688,13,271,1124883071.68,17.5
17710,4365,10,21,272283145.09,4.5
17711,2543,8,298,658455542.97,10.5
17712,1986,15,161,2109066820.19,35.0
17713,2523,6,333,834890370.68,12.6
17714,2027,14,195,248024356.43,3.5
17715,4773,4,284,321160796.72,5.0
17716,4429,4,20,797747987.54,12.5
17717,1743,15,185,206472903.96,3.5
17718,4230,15,236,1541316347.3,28.0
17719,1785,13,128,226080219.03,3.5
17720,1055,14,208,429455829.93,7.0
17721,2128,2,84,1637984374.72,28.0
17722,2245,5,245,505678684.97,7.5
17723,3501,14,261,2058720806.76,28.0
17724,2345,9,53,727929128.17,9.0
17725,3177,5,21,771706622.23,12.5
17726,4350,13,341,430598015.59,7.0
17727,501,15,341,2114390824.25,35.0
17728,2369,8,217,730679513.48,10.5
17729,2702,15,109,770349812.07,10.5
17730,2364,10,361,494591792.89,7.5
17731,4504,6,102,487466228.15,8.4
17732,2682,3,150,1636416137.1,26.4
17733,4993,15,230,444966821.83,7.0
17734,4505,4,361,753920918.44,12.5
17735,4752,6,133,269587502.07,4.2
17736,4771,4,292,1272915863.07,20.0
17737,769,14,205,441267468.9,7.0
17738,3958,3,126,445536975.46,6.6
17739,3966,11,116,1926924594.75,24.0
17740,1835,13,298,2189545116.57,28.0
17741,3718,15,211,1233079493.16,17.5
17742,1355,14,345,1108429738.61,17.5
17743,3085,1,17,110956834.08,1.5
17744,3137,13,302,785213038.86,10.5
17745,1212,11,241,178561274.62,3.0
17746,2183,12,331,741338555.64,13.5
17747,243,3,38,165397582.66,3.3
17748,4119,15,314,476220468.33,7.0
17749,2282,6,99,796051816.3,12.6
17750,17,13,307,648492393.52,10.5
17751,612,3,182,445318720.84,6.6
17752,1110,11,98,222499601.48,3.0
17753,3458,14,105,253201414.4,3.5
17754,1035,7,251,457369097.21,7.5
17755,1750,4,291,780237299.44,12.5
17756,375,15,316,1162945416.58,17.5
17757,3253,15,298,540862288.25,10.5
17758,1152,9,119,115814877.23,1.8
17759,4373,9,104,292437591.6,3.6
17760,665,12,146,594007171.35,9.0
17761,43,5,269,210244792.07,2.5
17762,2636,3,57,188690843.83,3.3
17763,2516,11,323,209177056.82,3.0
17764,4279,14,3,1029456982.85,17.5
17765,4263,14,160,1901053062.42,35.0
17766,4311,3,220,206084618.34,3.3
17767,2066,8,226,497801687.48,7.0
17768,4719,7,129,485536667.81,7.5
17769,3954,4,17,1410168397.0,20.0
17770,608,7,157,188940896.37,3.0
17771,563,10,20,160851665.0,3.0
17772,3997,5,79,189395704.38,2.5
17773,4107,5,311,187747321.44,2.5
17774,3565,10,213,82131617.54,1.5
17775,1573,3,231,1013306066.69,16.5
17776,3696,9,286,1101248470.07,18.0
17777,4590,6,197,1336987779.14,21.0
17778,3448,4,188,190819571.88,2.5
17779,1864,8,299,259470158.51,3.5
17780,897,11,354,1385620612.69,24.0
17781,4314,15,107,469876793.41,7.0
17782,4285,10,254,342207876.27,4.5
17783,2441,1,119,502866679.65,7.5
17784,3043,12,83,310984139.8,4.5
17785,796,5,82,483642965.27,7.5
17786,1541,4,306,468165512.84,7.5
17787,66,7,120,314196786.81,4.5
17788,70,9,46,283154899.36,5.4
17789,2801,3,165,1915794613.87,26.4
17790,2749,6,306,1359539429.7,21.0
17791,2084,6,33,231018476.17,4.2
17792,3420,10,287,104086904.05,1.5
17793,2651,4,308,175715923.37,2.5
17794,3878,4,303,311171268.34,5.0
17795,798,15,325,503488407.94,7.0
17796,1361,8,296,2166875435.94,35.0
17797,4353,9,356,248586806.0,3.6
17798,2152,12,132,545447134.63,9.0
17799,4533,6,251,683504744.14,8.4
17800,4049,14,145,949261903.72,17.5
17801,2835,15,253,205656232.42,3.5
17802,1949,7,149,108482140.4,1.5
17803,3947,13,80,1845807510.81,28.0
17804,1715,5,180,419678375.81,7.5
17805,3410,14,137,229466105.03,3.5
17806,362,4,181,1783477933.59,25.0
17807,382,7,53,91365665.71,1.5
17808,4463,5,154,194028266.94,2.5
17809,323,4,246,916371268.07,12.5
17810,2378,4,312,381031904.6,5.0
17811,679,2,86,1784297642.97,28.0
17812,51,13,335,1226971303.13,17.5
17813,2718,12,90,760361853.04,13.5
17814,726,13,195,2408254053.95,35.0
17815,1216,11,154,426381836.27,6.0
17816,2990,9,133,874568229.84,14.4
17817,4126,9,68,134087313.93,1.8
17818,3374,3,68,186362988.97,3.3
17819,3086,5,31,731804187.34,12.5
17820,487,6,129,232997014.56,4.2
17821,1984,1,112,82303933.56,1.5
17822,2744,4,264,1383521222.2,20.0
17823,2038,11,89,372978062.09,6.0
17824,3717,3,28,420312450.9,6.6
17825,1426,15,100,363688672.96,7.0
17826,1858,11,51,290896199.36,6.0
17827,335,6,1,834861044.24,12.6
17828,2821,10,244,94627973.7,1.5
17829,1304,15,216,1524739130.01,17.5
17830,1034,15,101,2457532707.73,35.0
17831,1847,10,348,984198920.35,15.0
17832,888,4,302,160113899.03,2.5
17833,3015,11,359,1011792502.1,15.0
17834,1481,14,338,1167198940.88,17.5
17835,3447,1,143,105376319.28,1.5
17836,2931,12,156,316995323.56,4.5
17837,1173,12,51,778707637.31,13.5
17838,3156,9,218,122409948.18,1.8
17839,3401,4,174,572091110.6,7.5
17840,3335,14,331,2040571838.88,28.0
17841,4303,5,288,734828379.7,12.5
17842,4421,13,276,231644306.05,3.5
17843,598,14,259,1225691792.68,17.5
17844,4738,7,92,298286180.63,4.5
17845,2118,7,294,327917165.65,4.5
17846,1930,4,94,143355369.3,2.5
17847,3222,7,56,84642301.33,1.5
17848,4039,8,95,720600380.26,10.5
17849,4769,13,303,251513060.24,3.5
17850,2642,4,152,423080672.5,7.5
17851,2665,3,221,220525605.07,3.3
17852,4349,1,84,160252630.56,3.0
17853,3527,7,273,98372404.84,1.5
17854,3033,15,220,1866468466.51,28.0
17855,69,7,332,114204174.82,1.5
17856,4785,8,352,465303169.48,7.0
17857,1243,10,161,98138084.4,1.5
17858,3570,1,144,311386046.46,4.5
17859,1057,4,320,730847165.3,12.5
17860,1525,4,93,479112031.03,7.5
17861,2074,12,325,810007512.0,13.5
17862,4059,10,126,186689367.15,3.0
17863,1814,11,21,188351273.85,3.0
17864,403,5,25,313922056.57,5.0
17865,2004,5,188,1537009730.14,25.0
17866,193,13,247,353379332.73,7.0
17867,3898,2,12,235017791.29,3.5
17868,2576,14,71,1220544726.94,17.5
17869,528,10,236,95405350.16,1.5
17870,4885,2,282,235133278.49,3.5
17871,2616,13,215,762562033.94,10.5
17872,4741,8,362,499050169.01,7.0
17873,104,6,326,263356756.15,4.2
17874,4979,1,98,134173491.54,1.5
17875,3715,8,107,765826377.33,10.5
17876,4954,12,142,1889652442.7,36.0
17877,1749,3,232,960569380.21,16.5
17878,929,13,234,1925879468.75,28.0
17879,2363,2,327,694286501.75,10.5
17880,4784,4,113,371982612.16,5.0
17881,516,11,219,872673478.3,15.0
17882,3528,15,207,704900213.95,10.5
17883,1244,12,153,518950809.78,9.0
17884,2578,7,167,177471074.13,3.0
17885,4686,13,256,1846595642.92,28.0
17886,2287,11,341,314090652.22,6.0
17887,498,4,60,2060432010.17,25.0
17888,3790,7,34,805812600.08,12.0
17889,4430,15,245,647029321.07,10.5
17890,3218,12,280,509205648.4,9.0
17891,3108,3,178,1149897962.74,16.5
17892,11,1,292,243678349.29,4.5
17893,2284,2,249,353236333.57,7.0
17894,4190,3,124,190930898.26,3.3
17895,2651,12,149,210395245.66,4.5
17896,3841,11,204,853638968.61,15.0
17897,4779,2,224,218916205.99,3.5
17898,3635,8,354,976104583.85,17.5
17899,1016,5,32,415572384.63,7.5
17900,121,4,30,548175894.62,7.5
17901,644,11,70,944528841.21,15.0
17902,2154,12,191,2613393844.7,45.0
17903,320,2,95,1721820645.47,28.0
17904,4110,3,350,1097521808.57,16.5
17905,4263,2,199,436960612.79,7.0
17906,768,8,167,237009022.27,3.5
17907,1179,6,82,1062499407.53,21.0
17908,4131,3,279,649033839.12,9.9
17909,848,2,228,194441825.91,3.5
17910,1817,15,333,1099593816.11,17.5
17911,3933,10,149,105110969.99,1.5
17912,2675,12,8,1383846246.29,22.5
17913,616,7,358,1031104544.96,15.0
17914,4086,13,236,648815873.32,10.5
17915,803,10,100,459323878.14,7.5
17916,2219,10,219,194762331.17,3.0
17917,3456,15,95,250595348.54,3.5
17918,1069,4,179,288821178.92,5.0
17919,1827,10,309,87482801.41,1.5
17920,4180,4,160,464590719.52,7.5
17921,4881,4,34,1209426849.68,20.0
17922,4317,14,206,663452908.32,10.5
17923,3317,14,267,580826382.19,10.5
17924,656,13,348,1798492927.95,28.0
17925,4157,5,355,345428900.26,5.0
17926,3909,11,312,193959328.74,3.0
17927,3873,10,171,453597216.05,7.5
17928,4072,12,345,3418601157.45,45.0
17929,4657,11,226,274082034.64,6.0
17930,2434,9,240,673126883.26,9.0
17931,4524,4,365,1644005613.54,25.0
17932,3204,10,295,557272205.39,7.5
17933,4680,6,226,292451469.95,4.2
17934,2314,5,112,1142409716.2,20.0
17935,3082,7,229,228806745.76,4.5
17936,475,5,292,666919724.13,12.5
17937,1866,1,174,980759936.97,15.0
17938,2873,11,310,327473394.2,6.0
17939,554,8,175,688486380.73,10.5
17940,1183,4,332,391421705.07,7.5
17941,4356,15,347,630527100.12,10.5
17942,3945,10,96,100582416.91,1.5
17943,2526,1,246,338724332.51,4.5
17944,2698,10,232,113575303.62,1.5
17945,125,15,179,674822997.34,10.5
17946,1571,9,57,118568589.61,1.8
17947,190,11,105,946133650.29,15.0
17948,2016,2,168,228143467.56,3.5
17949,314,6,122,3479406349.3,42.0
17950,176,6,182,572362650.88,12.6
17951,70,7,249,339141402.6,7.5
17952,1247,4,67,287472919.94,5.0
17953,3283,3,313,1947378949.83,26.4
17954,575,9,50,226288968.47,3.6
17955,3701,4,298,347475865.98,5.0
17956,2461,1,41,188252317.06,3.0
17957,4290,8,49,161751922.94,3.5
17958,2997,4,133,173693808.43,2.5
17959,172,9,92,987222314.48,18.0
17960,4424,6,67,273816013.52,4.2
17961,3957,12,157,2141186577.45,36.0
17962,2727,3,47,768721050.53,9.9
17963,3494,14,271,685050712.1,10.5
17964,2827,4,132,469212128.43,7.5
17965,3312,4,94,198773424.85,2.5
17966,1976,8,337,301180636.92,3.5
17967,2535,10,352,658434916.59,12.0
17968,1944,14,346,644384674.76,10.5
17969,2109,1,249,228672110.3,4.5
17970,4509,14,117,1219317654.52,17.5
17971,1254,8,108,2120590287.0,35.0
17972,4975,12,314,564617446.4,9.0
17973,530,13,327,429167190.35,7.0
17974,252,7,269,322183340.8,4.5
17975,4819,14,279,493312794.56,7.0
17976,2580,10,78,92805562.17,1.5
17977,1322,11,279,326558652.74,6.0
17978,903,9,215,103430785.49,1.8
17979,4254,3,357,415109124.25,6.6
17980,3866,11,277,879657444.71,15.0
17981,1705,13,141,831184515.18,10.5
17982,972,14,88,2066328245.06,28.0
17983,334,15,245,2168541799.85,35.0
17984,909,13,275,566734206.72,10.5
17985,3819,15,161,484134442.46,10.5
17986,4918,10,128,459103005.8,7.5
17987,2815,3,316,373736729.53,6.6
17988,4720,10,5,353468313.84,4.5
17989,1740,15,284,1727819236.34,28.0
17990,1783,9,130,372073313.64,5.4
17991,4306,5,254,362002050.99,5.0
17992,2159,15,60,2251133109.15,28.0
17993,1898,10,154,760277763.92,12.0
17994,3200,15,237,809011339.53,10.5
17995,3533,14,340,1022622668.63,17.5
17996,1789,13,19,949011886.88,17.5
17997,2794,11,72,174761249.54,3.0
17998,563,5,77,476687765.85,7.5
17999,4467,3,280,1194057493.13,16.5
18000,860,14,221,1091685624.89,17.5
18001,3731,1,279,156359975.95,3.0
18002,4768,10,306,117286505.24,1.5
18003,3785,13,5,454893625.77,7.0
18004,2397,1,162,208238943.74,3.0
18005,1773,2,160,217192882.82,3.5
18006,2629,10,73,966722981.67,12.0
18007,4582,5,232,1513162259.31,25.0
18008,2448,14,11,1467172019.56,28.0
18009,4233,7,61,267496351.48,4.5
18010,4804,5,62,1263329276.28,20.0
18011,3972,1,273,118162333.32,1.5
18012,4340,1,352,101869036.45,1.5
18013,3894,2,129,448727999.08,7.0
18014,551,6,357,306072941.79,4.2
18015,1505,4,27,305087053.31,5.0
18016,731,15,290,214885903.01,3.5
18017,3032,12,323,819340709.94,13.5
18018,2631,5,223,199167198.5,2.5
18019,3096,4,336,731377842.16,12.5
18020,3933,11,359,654598745.56,9.0
18021,4499,15,181,542113602.8,10.5
18022,147,5,29,540817484.13,7.5
18023,3862,13,88,1976691915.07,28.0
18024,940,7,221,301319042.02,4.5
18025,1664,10,162,160210620.18,3.0
18026,491,4,281,286636882.9,5.0
18027,1941,9,257,119630557.82,1.8
18028,1905,4,270,182563453.57,2.5
18029,615,7,299,844933557.4,12.0
18030,4413,4,89,511799010.83,7.5
18031,2869,7,303,240339863.36,3.0
18032,744,9,328,235886345.23,3.6
18033,3300,9,353,411137366.15,5.4
18034,4131,5,356,321603532.1,5.0
18035,4608,6,132,505609264.54,8.4
18036,4171,7,121,179146930.53,3.0
18037,1304,12,123,330472477.08,4.5
18038,4194,2,154,1235409209.49,17.5
18039,1754,6,236,270276256.67,4.2
18040,3435,7,28,213963901.7,3.0
18041,3724,9,193,107469036.39,1.8
18042,4243,5,189,301293910.83,5.0
18043,4411,9,234,669626569.68,9.0
18044,988,12,84,998567552.03,13.5
18045,3808,5,237,309623434.56,5.0
18046,4708,1,265,583746220.93,7.5
18047,2482,6,14,282536147.01,4.2
18048,2425,8,29,209208105.51,3.5
18049,4144,15,261,428675219.04,7.0
18050,4326,2,158,450473659.72,7.0
18051,791,5,128,414953769.12,7.5
18052,4972,2,255,158104676.24,3.5
18053,4473,12,268,875701863.92,13.5
18054,2402,11,15,374058607.89,6.0
18055,81,4,339,1544453621.87,25.0
18056,1507,11,58,1024927706.12,15.0
18057,1186,2,267,248997655.33,3.5
18058,2054,7,168,113407623.72,1.5
18059,3694,6,243,672428327.86,8.4
18060,1367,5,248,161919223.96,2.5
18061,2944,13,288,250814136.8,3.5
18062,4500,15,181,682239940.53,10.5
18063,3170,7,91,497112219.41,7.5
18064,3295,4,97,1394458259.53,20.0
18065,2968,14,260,225725166.04,3.5
18066,316,13,343,1929840698.33,28.0
18067,3999,12,134,1046620884.36,13.5
18068,3702,5,83,1612835790.25,25.0
18069,2731,5,190,175855055.72,2.5
18070,2019,8,236,463859426.74,7.0
18071,910,14,161,196924837.63,3.5
18072,1583,4,8,150741986.38,2.5
18073,4434,15,51,541467867.32,10.5
18074,1698,2,309,521960881.03,10.5
18075,3003,5,353,1125423767.45,12.5
18076,3459,15,4,446148774.22,7.0
18077,3735,11,235,219405743.94,3.0
18078,361,2,275,259269682.14,3.5
18079,1778,7,160,242328446.26,3.0
18080,1211,7,245,208859953.15,3.0
18081,4942,13,312,441238944.72,7.0
18082,4370,13,268,190827437.55,3.5
18083,1062,10,241,93942372.81,1.5
18084,853,12,333,1065699920.75,22.5
18085,618,9,306,400736340.69,5.4
18086,228,13,156,477338331.58,7.0
18087,1719,5,56,342292468.12,5.0
18088,974,6,166,283758550.9,4.2
18089,471,9,319,281227181.29,5.4
18090,1149,3,156,174523174.72,3.3
18091,3092,6,13,786657510.51,12.6
18092,2989,8,200,238633453.53,3.5
18093,1396,4,112,451466535.89,7.5
18094,2533,4,351,517803876.88,7.5
18095,1797,13,43,232418089.21,3.5
18096,2376,10,131,526009031.57,7.5
18097,2943,5,165,340179002.43,5.0
18098,329,11,341,531111346.26,9.0
18099,1562,15,88,232369546.36,3.5
18100,932,4,179,453287147.8,7.5
18101,3371,15,49,1778576800.77,28.0
18102,3508,10,102,168837635.15,3.0
18103,4896,1,119,476971748.18,7.5
18104,3549,3,82,1935940835.84,26.4
18105,2493,11,255,202820627.92,3.0
18106,4918,10,246,269971945.52,4.5
18107,2210,5,340,161145684.87,2.5
18108,3921,7,217,738534627.39,12.0
18109,4634,3,305,725258531.71,9.9
18110,550,2,258,614333833.63,10.5
18111,834,2,49,1956519368.32,28.0
18112,972,15,195,207627927.71,3.5
18113,1377,10,275,89134236.4,1.5
18114,2985,5,40,142643356.95,2.5
18115,3526,1,299,117163825.91,1.5
18116,4777,5,350,150937960.96,2.5
18117,2117,11,183,329973871.18,6.0
18118,1863,1,111,199006738.22,3.0
18119,4641,11,317,202995634.8,3.0
18120,4310,9,6,130838034.31,1.8
18121,1388,12,258,846951709.76,13.5
18122,2335,2,203,333546321.69,7.0
18123,928,3,269,237177651.67,3.3
18124,1999,14,267,1022971693.06,17.5
18125,1691,11,236,542363369.04,9.0
18126,1542,3,197,186039714.15,3.3
18127,257,14,365,254547110.91,3.5
18128,4520,6,262,783242057.19,12.6
18129,1803,15,229,180777302.82,3.5
18130,4868,12,127,924745641.6,13.5
18131,4751,1,213,111647860.55,1.5
18132,886,14,277,2221190894.08,35.0
18133,4421,15,82,1069501910.93,17.5
18134,3408,2,17,630901595.08,10.5
18135,294,10,113,1161537774.13,15.0
18136,1282,3,343,504083232.66,6.6
18137,1848,2,253,214054413.42,3.5
18138,847,8,17,1093139009.21,17.5
18139,4526,13,320,252077268.93,3.5
18140,1154,14,156,1690218842.52,28.0
18141,4126,15,154,290370496.8,3.5
18142,3956,9,93,668961958.48,9.0
18143,4929,8,306,622499541.9,10.5
18144,357,10,318,230761209.96,3.0
18145,388,11,360,195272803.4,3.0
18146,1112,5,200,1204382220.16,20.0
18147,2403,11,247,1334302711.36,24.0
18148,1742,5,338,266048217.54,5.0
18149,3039,10,261,858057568.19,12.0
18150,2341,4,219,464053778.0,7.5
18151,3660,12,344,253826216.2,4.5
18152,540,5,304,839983606.59,12.5
18153,1229,6,5,489787129.95,8.4
18154,608,1,239,181745093.53,3.0
18155,1748,11,180,157979622.54,3.0
18156,1538,14,200,230877194.68,3.5
18157,3974,2,69,432510908.75,7.0
18158,3458,2,119,426256103.42,7.0
18159,4705,11,181,558757260.18,9.0
18160,1664,2,235,976219307.78,17.5
18161,1002,8,203,2359864641.56,35.0
18162,1613,14,234,1385971462.16,28.0
18163,2167,11,282,2077715138.41,30.0
18164,892,2,63,366194877.16,7.0
18165,3925,3,260,443533674.02,6.6
18166,695,12,133,527434921.93,9.0
18167,4114,13,151,719485225.01,10.5
18168,1498,5,65,490617091.86,7.5
18169,1429,4,18,186171299.24,2.5
18170,2448,6,241,1474548116.37,21.0
18171,3122,12,213,529806229.83,9.0
18172,827,15,76,414508757.73,7.0
18173,3379,13,123,407711324.86,7.0
18174,30,10,99,98550319.75,1.5
18175,2005,2,32,193954239.08,3.5
18176,2484,10,115,115602173.06,1.5
18177,4467,7,191,296900555.07,4.5
18178,637,10,252,77248641.93,1.5
18179,4153,1,309,93711220.79,1.5
18180,3563,7,283,186462720.87,3.0
18181,1768,9,302,319794692.17,5.4
18182,797,12,124,979884563.17,13.5
18183,3544,1,310,91545037.72,1.5
18184,3616,9,196,1235356769.63,18.0
18185,4725,4,123,536301743.42,7.5
18186,2255,9,154,1177555562.94,18.0
18187,1707,12,41,444388968.1,9.0
18188,3101,13,198,813742898.78,10.5
18189,87,12,341,2409456013.56,36.0
18190,208,7,209,100786535.48,1.5
18191,2132,11,357,175022227.77,3.0
18192,4609,9,48,251018776.08,3.6
18193,2699,6,289,589361960.06,8.4
18194,2025,5,263,482992442.11,7.5
18195,598,10,55,231080657.99,3.0
18196,3305,14,132,207437394.38,3.5
18197,2934,2,19,1600232120.26,28.0
18198,3194,4,207,881317471.21,12.5
18199,477,4,171,149351945.27,2.5
18200,4327,12,225,899565085.37,13.5
18201,791,8,32,372807214.94,7.0
18202,999,15,169,642480395.69,10.5
18203,1136,2,8,238767270.69,3.5
18204,3660,9,63,208109735.63,3.6
18205,4074,11,78,441440407.72,6.0
18206,4877,3,349,357219217.68,6.6
18207,2892,4,56,435946807.07,7.5
18208,930,9,1,193765306.55,3.6
18209,892,11,240,1599521074.53,30.0
18210,3338,15,313,495899982.1,7.0
18211,4294,2,97,550499135.71,7.0
18212,2516,1,292,307171829.17,4.5
18213,4458,8,174,226792617.23,3.5
18214,2,8,130,712204974.56,10.5
18215,2136,1,261,294033456.21,4.5
18216,1372,8,357,1316809186.38,17.5
18217,185,3,224,456479129.7,6.6
18218,2769,14,127,284905233.93,3.5
18219,421,11,62,556430247.67,9.0
18220,2435,4,19,719100611.39,12.5
18221,4681,10,195,116475497.63,1.5
18222,1007,1,269,248495280.88,4.5
18223,2056,12,72,294656935.59,4.5
18224,4437,13,127,240810330.37,3.5
18225,1809,2,37,751424552.19,10.5
18226,2443,7,350,109379170.57,1.5
18227,3396,9,162,272395624.06,3.6
18228,590,10,240,76861411.1,1.5
18229,2828,9,167,383320876.95,5.4
18230,4050,13,196,1467430086.23,28.0
18231,2227,6,243,611223411.99,8.4
18232,4467,7,197,981504360.26,15.0
18233,1050,10,332,497224664.06,7.5
18234,1928,5,205,183476153.81,2.5
18235,348,10,104,93396443.01,1.5
18236,4507,8,88,796240736.3,10.5
18237,2725,4,39,358295107.0,5.0
18238,441,3,309,1048945252.19,16.5
18239,1355,8,327,1199161796.51,17.5
18240,4352,6,93,264077263.87,4.2
18241,1217,2,291,242717081.69,3.5
18242,3097,7,95,199554584.68,3.0
18243,447,15,313,217179564.29,3.5
18244,2979,7,180,117320080.43,1.5
18245,693,4,317,150889654.52,2.5
18246,2546,14,308,469748506.47,7.0
18247,1755,14,200,225689627.45,3.5
18248,1160,14,218,1303404061.87,17.5
18249,2387,15,135,2279164544.98,35.0
18250,3703,5,252,1439847825.51,25.0
18251,4944,6,167,254868334.48,4.2
18252,2801,3,354,2018105267.55,26.4
18253,1343,15,262,2212881867.67,35.0
18254,521,13,301,223461597.26,3.5
18255,2079,2,235,696698843.79,10.5
18256,4388,8,104,1737814505.47,28.0
18257,1950,9,42,333077027.63,5.4
18258,2948,11,289,364210169.04,6.0
18259,1279,13,299,412243490.93,7.0
18260,4583,2,209,246986481.62,3.5
18261,1175,8,219,522760663.53,7.0
18262,4060,15,330,469788588.93,7.0
18263,4126,2,48,470474455.29,7.0
18264,12,15,221,711113635.18,10.5
18265,4303,1,52,230911692.24,3.0
18266,4472,9,155,396471668.89,5.4
18267,1362,9,275,229953397.33,3.6
18268,242,15,95,1049587708.69,17.5
18269,4882,6,165,621842113.86,8.4
18270,565,11,304,409440077.59,6.0
18271,1391,10,28,105968856.03,1.5
18272,3628,14,44,1842294257.92,28.0
18273,895,11,54,174746630.12,3.0
18274,3808,12,230,1401375651.03,22.5
18275,2457,1,91,460769081.47,7.5
18276,39,7,202,114312550.64,1.5
18277,4179,15,330,1561273770.06,28.0
18278,72,7,268,94593569.17,1.5
18279,382,4,195,1495338944.8,25.0
18280,1542,15,275,178073835.67,3.5
18281,2036,2,166,227724142.93,3.5
18282,2653,4,146,166871576.26,2.5
18283,3875,6,191,1654235067.28,21.0
18284,4941,8,61,1978250811.28,28.0
18285,4528,2,87,1274554986.18,17.5
18286,4809,13,85,220183901.84,3.5
18287,3160,11,177,592604018.49,9.0
18288,1850,13,30,1149357228.59,17.5
18289,4262,3,279,1416185447.82,26.4
18290,2653,10,320,167502440.88,3.0
18291,1174,8,330,688305594.49,10.5
18292,3251,12,97,494235434.1,9.0
18293,2405,15,292,2197913267.6,28.0
18294,3105,4,51,1013862776.88,12.5
18295,2683,8,178,203032000.59,3.5
18296,2359,4,188,403782400.55,5.0
18297,1862,3,249,223858022.59,3.3
18298,2797,5,191,148472535.68,2.5
18299,3751,4,253,156079491.17,2.5
18300,4134,2,328,199978083.83,3.5
18301,685,7,335,202670482.19,3.0
18302,4609,9,345,884718156.13,18.0
18303,3717,9,44,120694657.76,1.8
18304,2314,12,196,1375361677.22,22.5
18305,740,10,137,79604114.11,1.5
18306,4929,6,333,1554286225.73,21.0
18307,624,5,227,1256336981.64,20.0
18308,3536,9,247,901561942.87,14.4
18309,830,8,178,1116011677.85,17.5
18310,3126,6,230,615328532.94,8.4
18311,425,1,144,173133957.69,3.0
18312,3645,7,158,111066484.53,1.5
18313,3691,4,119,515089031.44,7.5
18314,138,4,173,156099207.37,2.5
18315,2969,7,152,741352977.27,12.0
18316,3156,10,360,193188933.65,3.0
18317,562,5,197,133315245.28,2.5
18318,908,6,136,550966045.4,8.4
18319,3721,6,198,633345014.93,8.4
18320,2909,3,269,1183976193.86,16.5
18321,3415,3,310,247808125.68,6.6
18322,3827,14,152,188699425.61,3.5
18323,3525,9,331,343792879.15,5.4
18324,3843,13,301,220402879.37,3.5
18325,240,11,223,998380175.24,15.0
18326,1527,4,135,128698397.78,2.5
18327,500,5,339,1248283509.13,20.0
18328,595,1,1,101438371.57,1.5
18329,2608,14,8,1244340937.57,17.5
18330,297,9,348,232525488.5,3.6
18331,3873,1,345,238247217.85,4.5
18332,4803,11,23,854701872.63,15.0
18333,2142,12,96,1242911445.68,22.5
18334,4058,11,124,209883851.49,3.0
18335,1977,12,290,593755029.87,9.0
18336,4718,13,22,2086698810.4,35.0
18337,4752,2,191,221631463.06,3.5
18338,3317,4,7,309421100.03,5.0
18339,1183,4,358,336069276.72,5.0
18340,420,13,92,262872945.85,3.5
18341,3535,1,217,512528218.34,7.5
18342,776,15,81,243664906.43,3.5
18343,996,3,364,253317675.97,3.3
18344,2776,10,134,157111706.19,3.0
18345,3737,4,182,337091551.27,5.0
18346,4292,8,345,1065843741.4,17.5
18347,239,7,360,825666196.46,12.0
18348,4093,5,320,840870243.63,12.5
18349,2220,14,352,720215360.02,10.5
18350,1159,11,64,1168552729.48,15.0
18351,4605,3,259,2376838933.28,33.0
18352,112,14,53,609658548.21,10.5
18353,3751,9,70,226042161.85,3.6
18354,345,3,223,458995828.41,6.6
18355,789,9,314,984174246.77,14.4
18356,3800,8,260,418376995.73,7.0
18357,4769,13,292,1187803779.62,17.5
18358,1730,4,146,201800374.11,2.5
18359,4009,3,4,347498043.31,6.6
18360,3825,11,99,2107968938.5,30.0
18361,2491,5,27,168098174.48,2.5
18362,2876,15,136,971739433.14,17.5
18363,3346,3,234,1744062238.29,26.4
18364,2569,11,47,469532139.37,6.0
18365,3369,7,117,944109422.09,15.0
18366,2904,4,340,385282846.97,5.0
18367,3864,9,266,373256077.27,5.4
18368,3292,11,148,540204499.85,9.0
18369,52,15,308,1182239953.57,17.5
18370,3358,12,140,602112727.29,9.0
18371,850,2,282,283494087.11,3.5
18372,1822,5,166,397375183.03,5.0
18373,993,15,160,783046717.9,10.5
18374,958,15,280,469384607.05,7.0
18375,3371,2,116,597635346.28,10.5
18376,322,14,346,232541696.45,3.5
18377,2193,6,116,633908042.98,8.4
18378,1557,11,296,185209272.87,3.0
18379,542,14,165,551070548.24,10.5
18380,319,13,269,1147910333.62,17.5
18381,2540,4,240,546203832.36,7.5
18382,2863,8,123,668604806.45,10.5
18383,4588,12,178,296723247.17,4.5
18384,1084,3,181,1887159411.83,26.4
18385,4813,7,316,745651031.74,12.0
18386,3859,14,193,445733264.31,7.0
18387,3349,15,336,631990278.16,10.5
18388,2064,11,163,291472742.46,6.0
18389,3735,7,215,1030316025.39,15.0
18390,1506,3,217,673973219.17,9.9
18391,346,13,317,1741825922.94,28.0
18392,4199,15,290,248002951.19,3.5
18393,4243,9,238,114446985.93,1.8
18394,2379,9,53,865158639.92,14.4
18395,4791,11,290,205693961.53,3.0
18396,551,10,333,844224924.53,15.0
18397,723,12,73,374215240.02,4.5
18398,2058,3,52,565233373.05,9.9
18399,4960,12,109,286446438.07,4.5
18400,4384,12,185,583161059.38,9.0
18401,3150,10,182,259918320.49,4.5
18402,1744,10,48,101177437.66,1.5
18403,4806,3,163,819555487.56,16.5
18404,179,3,111,607617738.56,9.9
18405,3639,9,96,1203780870.21,18.0
18406,1894,15,135,222108696.48,3.5
18407,442,7,301,318687476.47,4.5
18408,4540,15,115,503103300.43,7.0
18409,891,8,154,277495586.31,3.5
18410,2028,3,342,420283247.99,6.6
18411,2828,7,245,80584318.47,1.5
18412,43,9,77,700201756.98,9.0
18413,4888,8,239,342348965.69,7.0
18414,4683,12,61,2915904047.7,45.0
18415,897,9,210,200257900.74,3.6
18416,1769,15,65,232107979.43,3.5
18417,1261,4,128,289254620.08,5.0
18418,904,10,209,193675369.17,3.0
18419,955,5,83,149619267.67,2.5
18420,228,1,170,270496597.92,4.5
18421,176,12,121,1378254416.09,22.5
18422,4316,10,337,991928913.01,15.0
18423,2385,8,205,366813959.44,7.0
18424,252,15,228,254253205.13,3.5
18425,1372,15,259,273020120.98,3.5
18426,4817,12,251,268750322.45,4.5
18427,4571,9,340,888398149.07,18.0
18428,2231,7,131,234336778.42,4.5
18429,2799,9,245,323461495.86,5.4
18430,3550,3,268,1860593394.49,33.0
18431,3768,1,137,164174839.25,3.0
18432,1744,9,261,340383719.29,5.4
18433,3143,5,67,168376425.64,2.5
18434,2047,15,173,241444643.21,3.5
18435,4081,10,192,305117603.98,4.5
18436,3521,1,151,302775847.67,4.5
18437,3215,7,117,173719264.33,3.0
18438,3212,4,221,401356819.68,5.0
18439,158,12,72,617227273.76,9.0
18440,2415,13,83,418614256.56,7.0
18441,4883,14,229,1823188834.51,35.0
18442,4813,2,91,211463575.73,3.5
18443,2102,13,249,837474383.87,17.5
18444,3757,7,206,994702245.76,15.0
18445,1815,5,79,1748276749.67,25.0
18446,2967,2,144,649279213.73,10.5
18447,3993,8,220,2302173012.63,28.0
18448,2960,11,163,220883957.6,3.0
18449,4283,7,16,119553376.43,1.5
18450,3347,1,62,887072157.25,15.0
18451,3339,12,200,2317127432.23,45.0
18452,1591,6,132,259086300.47,4.2
18453,4936,4,149,274812495.99,5.0
18454,1256,15,140,387194254.77,7.0
18455,134,7,169,121755186.58,1.5
18456,3108,10,6,963047973.51,15.0
18457,4014,7,356,191045880.14,3.0
18458,1646,12,176,2896631520.51,45.0
18459,2061,11,287,609865358.96,9.0
18460,367,5,254,185456469.0,2.5
18461,2243,5,57,478173974.37,7.5
18462,4841,9,118,210070910.2,3.6
18463,692,1,77,87654334.86,1.5
18464,133,14,262,1870863306.71,28.0
18465,2787,4,64,160781499.77,2.5
18466,372,11,60,413462087.68,6.0
18467,4058,15,27,1300859566.97,17.5
18468,1548,1,231,335643187.5,4.5
18469,3476,5,314,308525522.38,5.0
18470,452,5,182,1673364147.35,25.0
18471,2787,4,206,490532675.84,7.5
18472,3159,13,211,829214555.0,17.5
18473,3975,2,89,446337713.23,7.0
18474,3146,13,246,399096881.03,7.0
18475,2620,14,27,657324797.61,10.5
18476,3801,9,166,351581368.47,5.4
18477,4323,8,249,2108074477.33,35.0
18478,106,3,355,210863562.84,3.3
18479,2169,14,300,442163914.69,7.0
18480,3984,8,210,238141256.71,3.5
18481,1025,15,81,284716247.05,3.5
18482,1717,15,26,443433742.08,7.0
18483,582,11,16,401251308.08,6.0
18484,650,5,103,574273580.94,7.5
18485,479,2,127,453843147.74,7.0
18486,4930,15,23,979110283.95,17.5
18487,4830,8,110,262376476.47,3.5
18488,1783,7,59,922483869.25,15.0
18489,2088,10,29,102996292.12,1.5
18490,1861,13,214,1806712536.95,28.0
18491,197,7,272,349992112.1,4.5
18492,4967,5,340,155358996.52,2.5
18493,2599,10,35,360563296.97,4.5
18494,2657,5,213,497637059.12,7.5
18495,507,7,134,194589177.08,3.0
18496,684,14,356,832013961.27,10.5
18497,1733,14,46,744655918.37,10.5
18498,2164,15,172,370434323.62,7.0
18499,1694,3,362,434908950.73,6.6
18500,3672,14,162,225335580.5,3.5
18501,4276,1,139,177217405.37,3.0
18502,4568,15,242,1778900946.83,28.0
18503,1328,7,290,494488492.71,7.5
18504,2824,9,359,159012513.16,1.8
18505,1489,7,265,515862300.06,7.5
18506,2294,11,284,1815422877.72,30.0
18507,1913,14,165,2314120323.75,35.0
18508,3114,12,260,270325458.66,4.5
18509,4038,8,45,255314192.02,3.5
18510,4853,4,31,349873709.64,5.0
18511,1890,3,315,1203235155.62,16.5
18512,3377,9,232,379843067.02,5.4
18513,2993,4,62,150033739.54,2.5
18514,1490,8,90,664504091.57,10.5
18515,3064,14,258,187075522.46,3.5
18516,1968,5,255,777558663.41,12.5
18517,139,9,275,225780089.38,3.6
18518,3494,5,82,328506783.26,5.0
18519,1491,6,91,264299201.1,4.2
18520,2963,7,26,467277536.52,7.5
18521,1595,11,240,412980097.48,6.0
18522,1657,4,223,1341417876.83,20.0
18523,993,13,297,454300244.5,7.0
18524,3378,1,360,975363522.1,12.0
18525,1839,15,249,395763360.94,7.0
18526,9,10,242,103166649.32,1.5
18527,2898,1,231,209622898.28,3.0
18528,2016,12,25,566723701.99,9.0
18529,1855,1,360,92360469.77,1.5
18530,196,1,256,210938176.26,3.0
18531,2429,7,335,84980264.66,1.5
18532,371,4,184,1591446826.91,20.0
18533,1540,13,7,248439403.63,3.5
18534,676,14,234,242074408.66,3.5
18535,444,1,151,662839163.1,12.0
18536,250,8,162,1863439996.39,35.0
18537,4735,2,248,429944283.71,7.0
18538,572,1,117,91136677.85,1.5
18539,2539,4,92,275422990.29,5.0
18540,2867,8,33,686244313.88,10.5
18541,1887,14,180,2092099930.1,35.0
18542,2786,6,93,2126768158.58,33.6
18543,4564,14,341,469730559.38,7.0
18544,1689,9,332,136735615.53,1.8
18545,484,1,281,192346695.75,3.0
18546,561,10,88,83355271.61,1.5
18547,3029,7,272,92315423.86,1.5
18548,4924,15,316,1696061246.84,28.0
18549,1451,4,352,329338914.56,5.0
18550,977,1,29,510831272.92,7.5
18551,2244,6,305,255406202.29,4.2
18552,1405,4,156,332065823.71,5.0
18553,1144,7,86,96927875.36,1.5
18554,2428,11,35,194975776.16,3.0
18555,4542,14,193,1697731267.3,28.0
18556,1900,3,12,705685136.48,9.9
18557,1332,14,29,681846622.99,10.5
18558,3739,15,271,1808413936.73,28.0
18559,4819,1,351,202598470.97,3.0
18560,1897,3,294,237605293.56,3.3
18561,2281,5,28,1224723316.2,20.0
18562,1873,15,307,1135425842.48,17.5
18563,137,15,72,905835487.82,17.5
18564,517,14,88,713994169.98,10.5
18565,4377,15,325,1302517559.51,17.5
18566,1369,7,51,663675144.17,12.0
18567,2149,11,199,254941567.73,3.0
18568,3623,7,289,1184044476.36,15.0
18569,2115,12,150,3110328803.03,45.0
18570,2927,8,52,202954274.68,3.5
18571,3729,1,249,225397180.38,3.0
18572,2355,8,217,662149206.3,10.5
18573,2927,11,162,380220209.13,6.0
18574,4106,1,233,819476224.58,12.0
18575,2670,9,196,387104098.29,5.4
18576,1547,15,263,219332908.37,3.5
18577,4975,15,272,236760135.3,3.5
18578,1828,3,203,526851420.9,6.6
18579,1924,10,182,99595384.51,1.5
18580,2160,3,126,425438935.52,6.6
18581,2563,15,143,2050756044.7,35.0
18582,4098,1,218,205150421.62,4.5
18583,4176,10,173,114819539.15,1.5
18584,2093,6,353,881023851.78,12.6
18585,335,9,280,969016628.71,14.4
18586,3244,5,93,290886121.74,5.0
18587,233,5,41,182346501.62,2.5
18588,3511,10,81,87600100.89,1.5
18589,997,4,7,288656802.48,5.0
18590,3770,5,161,161025703.75,2.5
18591,4370,15,140,422982551.71,7.0
18592,1145,9,324,600660383.26,9.0
18593,184,13,284,219382580.97,3.5
18594,3469,14,188,490277254.13,7.0
18595,2150,13,193,1242601579.71,17.5
18596,560,14,321,519452846.07,7.0
18597,269,9,241,278784193.03,3.6
18598,2718,2,118,1840526984.36,28.0
18599,2112,12,135,3178985929.02,45.0
18600,2813,15,252,296588391.6,3.5
18601,2919,12,301,795507461.38,13.5
18602,2323,14,214,166882367.21,3.5
18603,3187,3,359,698365553.3,9.9
18604,4907,10,169,257452810.58,4.5
18605,2594,9,124,1063827735.99,14.4
18606,1519,7,288,919264411.41,15.0
18607,517,7,213,247270435.07,3.0
18608,1791,3,171,360335280.84,6.6
18609,4981,1,71,268210389.25,4.5
18610,2668,10,232,280935600.79,4.5
18611,2516,11,246,195646176.18,3.0
18612,3842,12,147,794089435.21,13.5
18613,620,12,89,263983515.87,4.5
18614,1958,3,100,1485828982.36,26.4
18615,3888,3,365,220656074.66,3.3
18616,4169,5,226,1227346918.06,20.0
18617,4510,15,8,463992017.86,7.0
18618,2038,15,132,701426779.1,10.5
18619,3449,10,145,299519508.37,4.5
18620,255,12,6,1513310068.81,22.5
18621,3260,12,202,306067193.46,4.5
18622,961,12,212,315579932.85,4.5
18623,2087,1,40,161080959.02,3.0
18624,3898,6,365,273555920.46,4.2
18625,26,2,60,221195846.56,3.5
18626,2475,2,192,776856269.51,10.5
18627,1666,7,192,155991308.34,3.0
18628,3605,2,100,249861191.97,3.5
18629,293,11,39,519136124.32,9.0
18630,340,9,175,260345089.72,3.6
18631,1793,12,312,472680978.66,9.0
18632,3536,15,124,1758016339.9,28.0
18633,1279,15,224,1111177169.92,17.5
18634,3621,10,238,861421987.35,15.0
18635,2029,5,87,483074976.16,7.5
18636,2623,13,223,1112565039.93,17.5
18637,64,15,266,426338584.4,7.0
18638,4585,1,9,255989781.36,4.5
18639,1602,4,337,308894291.75,5.0
18640,2159,14,199,275248591.31,3.5
18641,904,2,193,560277827.09,7.0
18642,3092,9,20,314529966.43,5.4
18643,1391,10,315,93829497.49,1.5
18644,109,8,275,414230634.68,7.0
18645,3842,7,63,204037271.89,3.0
18646,4259,7,332,89277083.15,1.5
18647,3632,14,20,623327709.73,10.5
18648,4555,10,314,100886613.45,1.5
18649,1254,2,199,2065150002.11,28.0
18650,3089,5,71,532626174.67,7.5
18651,633,14,61,657110023.59,10.5
18652,4911,5,137,174144749.76,2.5
18653,3609,4,39,435941379.84,7.5
18654,98,3,321,1167254757.56,16.5
18655,106,12,136,690679665.23,13.5
18656,1439,2,186,488977860.0,7.0
18657,2530,2,92,1368551733.87,28.0
18658,105,10,29,228366737.11,3.0
18659,3237,1,273,182910561.87,3.0
18660,788,2,82,709157087.85,10.5
18661,3975,13,50,1425989582.46,17.5
18662,3513,12,254,2752445863.81,45.0
18663,3497,13,235,1149314653.16,17.5
18664,154,12,262,976691886.7,13.5
18665,1489,3,327,2242691495.09,33.0
18666,3926,11,70,739043542.49,9.0
18667,2895,5,298,295887286.28,5.0
18668,1106,3,300,959137269.45,16.5
18669,516,14,174,439745868.41,7.0
18670,1835,9,135,356029785.42,5.4
18671,426,3,231,248858623.47,3.3
18672,477,6,186,1678943189.56,33.6
18673,2890,11,295,967487363.31,15.0
18674,3681,8,111,539043438.68,10.5
18675,3676,1,190,387752976.81,4.5
18676,1527,2,60,227829256.73,3.5
18677,295,2,66,243577072.81,3.5
18678,367,8,282,2039890725.17,28.0
18679,959,5,237,379040145.15,5.0
18680,4435,8,354,635308457.77,7.0
18681,4730,6,33,255186425.65,4.2
18682,4219,4,293,157965152.72,2.5
18683,295,7,228,111086967.19,1.5
18684,2652,5,102,275492014.95,5.0
18685,4818,7,248,170501030.97,3.0
18686,4894,4,146,1658654828.44,20.0
18687,4423,14,150,477598398.27,7.0
18688,595,2,356,1144654686.87,17.5
18689,3200,4,184,177503002.7,2.5
18690,3605,5,208,173797139.2,2.5
18691,739,6,245,269949137.8,4.2
18692,4380,10,244,178308467.42,3.0
18693,2968,2,218,1154831666.49,17.5
18694,1329,11,74,564957305.69,9.0
18695,1462,6,67,301689814.36,4.2
18696,2799,7,359,1009032197.46,15.0
18697,2973,5,85,653843813.22,12.5
18698,412,7,362,460534463.25,7.5
18699,4401,11,3,609802350.51,9.0
18700,3199,3,55,224135011.36,3.3
18701,4576,9,202,125053296.22,1.8
18702,967,3,61,226556810.74,3.3
18703,1953,7,179,172006557.02,3.0
18704,3232,10,207,288289918.29,4.5
18705,4460,5,11,740363654.05,12.5
18706,3590,1,11,101180134.57,1.5
18707,3637,4,238,171627714.94,2.5
18708,3145,11,185,158941758.65,3.0
18709,1577,9,198,1090362845.37,18.0
18710,3859,15,240,1822078038.03,28.0
18711,4533,11,207,633340758.04,9.0
18712,2709,1,8,201703812.03,3.0
18713,4798,7,45,87291907.43,1.5
18714,4403,12,26,1347782824.06,22.5
18715,1294,6,38,457656765.72,8.4
18716,1350,13,316,690515432.51,10.5
18717,3990,2,343,495869502.47,7.0
18718,2284,3,53,183218388.81,3.3
18719,1875,14,198,914868842.49,17.5
18720,4968,12,65,283200242.5,4.5
18721,1272,4,302,1535174895.32,25.0
18722,3186,9,65,609407143.85,9.0
18723,980,4,50,1906344949.16,25.0
18724,4727,9,171,102744886.09,1.8
18725,2227,11,330,626957841.14,9.0
18726,3441,13,297,1266030925.96,17.5
18727,1474,4,311,848423705.29,12.5
18728,3934,14,227,478049840.48,7.0
18729,4669,1,365,101620577.4,1.5
18730,4747,11,303,226290987.46,3.0
18731,1784,8,15,2123566799.09,35.0
18732,1491,5,252,156164814.69,2.5
18733,925,3,90,201530156.77,3.3
18734,2016,9,39,628132310.02,9.0
18735,512,5,117,272313610.92,5.0
18736,768,2,345,534378424.1,7.0
18737,2893,6,176,525418395.07,8.4
18738,1471,11,150,965330043.67,15.0
18739,1480,9,36,125567072.95,1.8
18740,2725,3,248,177852700.75,3.3
18741,4166,2,204,1799471163.26,35.0
18742,4067,10,299,206280259.25,3.0
18743,2489,12,3,1389076757.7,22.5
18744,4237,2,183,390242814.74,7.0
18745,2734,6,168,228374072.12,4.2
18746,165,3,102,417814447.42,6.6
18747,1765,15,226,481944847.28,7.0
18748,2559,13,53,484406219.34,7.0
18749,1620,6,130,769943738.05,12.6
18750,1288,4,234,157335113.91,2.5
18751,2666,6,292,2015821323.45,33.6
18752,645,10,320,301654851.05,4.5
18753,374,9,331,525377039.38,9.0
18754,1484,8,319,599711729.04,10.5
18755,2195,3,151,621308334.33,9.9
18756,842,4,243,204979190.33,2.5
18757,678,12,318,1538415561.28,22.5
18758,867,9,285,243087312.71,3.6
18759,232,13,290,687125331.3,10.5
18760,1671,6,291,624137383.11,8.4
18761,440,13,326,1626503766.06,28.0
18762,2699,15,104,435064592.89,7.0
18763,2797,2,203,649415405.23,10.5
18764,2070,15,94,1132476875.12,17.5
18765,4713,10,97,1003913202.68,15.0
18766,3192,4,232,164017894.52,2.5
18767,2861,7,181,218370132.78,3.0
18768,2197,1,306,459716967.39,7.5
18769,4721,4,9,368806849.32,7.5
18770,307,8,8,1707462351.99,35.0
18771,3331,7,297,186777582.37,3.0
18772,4210,13,136,221601901.55,3.5
18773,4747,8,259,1934970700.76,28.0
18774,956,13,212,426781028.04,7.0
18775,3670,4,327,1816711624.96,25.0
18776,3331,11,302,626288822.61,9.0
18777,490,14,357,988013274.71,17.5
18778,3231,4,6,453926245.52,7.5
18779,1192,15,116,1185060905.8,28.0
18780,645,6,359,858531062.47,12.6
18781,4288,9,282,101297485.51,1.8
18782,1862,5,364,1333764885.67,20.0
18783,1581,9,20,969180281.27,14.4
18784,1162,3,312,439680294.99,6.6
18785,2370,11,140,227003260.13,3.0
18786,4580,6,3,501384749.46,8.4
18787,2310,12,68,356488258.52,4.5
18788,3917,5,258,285955412.23,5.0
18789,323,14,226,1377628139.96,17.5
18790,1903,11,205,1580267971.45,24.0
18791,2202,3,93,235968981.07,3.3
18792,997,12,273,605844142.46,9.0
18793,540,8,340,438936513.84,7.0
18794,3639,11,345,377410490.08,6.0
18795,828,4,1,358068527.35,5.0
18796,553,6,27,508293137.31,8.4
18797,2766,13,224,2025704638.46,35.0
18798,1551,13,283,204759182.21,3.5
18799,1676,7,214,463007558.64,7.5
18800,1977,13,115,508684733.36,10.5
18801,1055,14,116,510268705.03,7.0
18802,2581,14,275,594229428.08,10.5
18803,3003,9,271,124026404.18,1.8
18804,4559,2,36,1935433886.02,35.0
18805,671,5,303,416745100.28,7.5
18806,456,9,22,1275402008.92,18.0
18807,3791,1,117,704867825.61,12.0
18808,3249,3,251,473165787.99,6.6
18809,4526,11,234,2284187919.71,30.0
18810,3284,4,6,161642861.68,2.5
18811,3564,15,52,403385886.44,7.0
18812,4281,7,136,213297638.3,3.0
18813,3710,10,239,183100626.91,3.0
18814,3296,3,105,1892102788.12,26.4
18815,2431,5,207,170815100.18,2.5
18816,3490,12,219,600561993.69,9.0
18817,1888,9,336,324596017.92,5.4
18818,486,12,303,285776307.59,4.5
18819,3893,3,162,326833146.78,6.6
18820,804,11,279,418682422.32,6.0
18821,4419,3,87,252502677.74,3.3
18822,3449,8,279,735079765.71,10.5
18823,218,12,71,534670547.09,9.0
18824,1694,3,152,590621423.8,9.9
18825,1954,3,28,232984153.94,3.3
18826,227,1,122,97493729.92,1.5
18827,3263,13,245,2226406341.7,35.0
18828,3076,15,42,559809710.58,10.5
18829,384,14,46,204477174.59,3.5
18830,2849,13,86,1134572449.16,17.5
18831,4081,12,280,364821023.23,4.5
18832,1717,8,156,2016972237.18,35.0
18833,3585,7,111,148341829.88,3.0
18834,2014,11,336,1416368930.94,24.0
18835,4981,13,77,238017886.56,3.5
18836,3941,10,111,446814206.29,7.5
18837,3661,12,222,276730173.68,4.5
18838,1649,12,104,971619933.53,13.5
18839,4472,7,120,1282682118.69,15.0
18840,1389,13,211,451137114.05,7.0
18841,2389,14,308,2414832688.31,35.0
18842,4666,15,54,1343823653.66,17.5
18843,3919,2,52,229686001.34,3.5
18844,3555,9,338,113023630.3,1.8
18845,4295,7,229,303505553.92,4.5
18846,2564,4,247,157700063.94,2.5
18847,114,10,179,283766582.59,4.5
18848,2339,11,183,652115389.38,9.0
18849,413,14,236,1150634014.41,17.5
18850,2745,6,247,687777924.4,12.6
18851,1933,15,240,206318392.9,3.5
18852,2986,1,313,190995309.52,3.0
18853,1867,15,232,649524108.73,10.5
18854,4022,1,37,1299451845.36,15.0
18855,2560,6,287,1212028253.94,21.0
18856,4427,5,286,144040379.64,2.5
18857,4262,8,176,639762670.15,10.5
18858,4580,15,303,590173311.83,10.5
18859,3267,5,365,725732154.65,12.5
18860,4616,6,328,1561874136.11,21.0
18861,633,13,318,243634491.89,3.5
18862,3526,3,34,1951672824.73,33.0
18863,2395,12,97,878633023.51,13.5
18864,1163,7,130,216029264.59,4.5
18865,327,4,34,171756676.76,2.5
18866,2491,9,268,723716368.68,9.0
18867,957,1,83,456173111.76,7.5
18868,97,5,309,287667458.49,5.0
18869,4143,2,6,1117449416.16,17.5
18870,519,5,161,163151457.16,2.5
18871,4178,15,121,463814423.16,7.0
18872,4918,6,89,242171871.26,4.2
18873,1355,8,355,207334182.62,3.5
18874,3543,9,40,670101346.9,9.0
18875,3374,13,356,1138533096.47,17.5
18876,976,7,332,286456491.53,4.5
18877,2986,1,71,589215816.86,7.5
18878,1876,3,245,197298831.73,3.3
18879,4288,12,276,1470115178.55,22.5
18880,4887,8,76,2524737307.61,35.0
18881,600,5,209,152023314.76,2.5
18882,2027,14,258,484260963.58,7.0
18883,2182,13,351,744112281.46,10.5
18884,2304,15,320,2100045375.33,35.0
18885,2877,12,150,911862751.81,13.5
18886,4556,10,359,96369228.99,1.5
18887,3686,10,339,315141496.57,4.5
18888,694,12,208,1480920326.5,22.5
18889,1102,4,348,161033703.34,2.5
18890,288,1,7,205061580.58,3.0
18891,1981,3,90,774926082.81,9.9
18892,2556,2,39,292211025.14,3.5
18893,1074,8,213,501081777.66,7.0
18894,4683,13,225,455408798.61,7.0
18895,3763,3,350,1186876481.1,16.5
18896,3922,8,67,710014926.16,10.5
18897,214,15,8,497459432.92,7.0
18898,3609,4,118,152075915.71,2.5
18899,606,4,114,1736994065.82,25.0
18900,4855,10,289,90155887.97,1.5
18901,273,8,244,220744478.26,3.5
18902,3719,11,265,1579074670.9,24.0
18903,1011,7,332,777983181.91,12.0
18904,3206,9,172,217932915.2,3.6
18905,508,13,188,1096493941.42,17.5
18906,955,8,42,381280249.82,7.0
18907,4270,15,205,254888263.93,3.5
18908,2253,8,37,263575274.74,3.5
18909,1104,14,327,233690133.35,3.5
18910,626,15,258,1680752827.64,28.0
18911,2876,9,13,131536396.39,1.8
18912,2089,13,123,391562433.09,7.0
18913,4916,5,98,692994327.41,12.5
18914,2461,10,302,500326213.35,7.5
18915,4498,5,143,452561887.05,7.5
18916,1508,5,184,316980336.07,5.0
18917,566,14,23,1924974119.43,28.0
18918,4213,15,110,1264084034.92,17.5
18919,3734,3,227,225866141.03,3.3
18920,1963,10,240,306357886.19,4.5
18921,2446,10,152,217226156.2,3.0
18922,33,14,258,1100068295.58,17.5
18923,4835,15,307,1149960277.5,17.5
18924,626,4,290,1177391791.98,20.0
18925,4358,10,100,972225503.31,15.0
18926,536,12,209,522580122.72,9.0
18927,205,8,97,479212259.13,7.0
18928,1497,1,158,185703430.32,3.0
18929,3490,10,327,532392913.97,7.5
18930,2634,7,129,635965452.81,15.0
18931,4572,10,155,1114586079.65,15.0
18932,2041,13,44,507911541.42,7.0
18933,1484,13,171,194303823.0,3.5
18934,898,9,110,101661691.55,1.8
18935,4861,12,88,507903400.42,9.0
18936,2225,3,156,226279048.77,3.3
18937,3261,9,20,585541367.79,9.0
18938,1368,11,77,646720718.63,9.0
18939,725,5,117,708366730.84,12.5
18940,642,5,33,303470348.84,5.0
18941,2288,9,205,1099310837.27,18.0
18942,2643,6,341,1419898461.72,21.0
18943,2475,10,164,105650464.7,1.5
18944,2314,15,160,399463654.56,7.0
18945,1165,9,142,216813904.84,3.6
18946,2823,9,46,120962046.93,1.8
18947,2506,2,315,1127711217.12,17.5
18948,502,14,322,1081051774.67,17.5
18949,4896,7,81,628119595.67,12.0
18950,2539,4,50,1122035402.21,20.0
18951,2880,6,296,507894871.61,8.4
18952,2064,14,327,518639268.24,10.5
18953,4190,2,308,499493608.4,7.0
18954,1237,7,276,86935375.01,1.5
18955,4247,10,314,285645248.24,4.5
18956,3760,11,261,571895959.43,9.0
18957,3071,10,337,90491042.51,1.5
18958,235,11,183,242812808.91,3.0
18959,651,13,30,2669631059.99,35.0
18960,4046,15,109,239596734.7,3.5
18961,4958,2,167,219575543.0,3.5
18962,1792,2,223,1256720763.81,17.5
18963,4933,15,29,202304802.06,3.5
18964,4833,13,54,753168229.2,10.5
18965,2900,10,169,135940247.25,3.0
18966,1637,12,287,567289470.98,9.0
18967,671,15,287,348908234.14,7.0
18968,4480,8,293,1180542734.39,17.5
18969,168,1,102,264943843.48,4.5
18970,2684,7,195,1145560212.16,15.0
18971,4588,12,266,326247120.58,4.5
18972,1772,13,340,583542975.9,7.0
18973,1118,12,153,289534040.01,4.5
18974,86,7,146,185566258.12,3.0
18975,3894,9,285,233414542.15,3.6
18976,3597,13,291,1664853306.53,35.0
18977,4833,5,97,1475337148.66,20.0
18978,2619,12,276,2370166578.64,36.0
18979,4362,2,350,206469273.43,3.5
18980,1270,12,282,208488943.17,4.5
18981,4989,10,150,741773339.72,12.0
18982,384,6,338,251934184.88,4.2
18983,2938,7,107,183144350.2,3.0
18984,847,13,34,1104272713.88,17.5
18985,202,12,269,307614369.53,4.5
18986,1056,13,130,1779851920.78,28.0
18987,899,11,346,370523189.95,6.0
18988,1075,11,105,1004218471.93,15.0
18989,2837,5,21,136724138.9,2.5
18990,4872,1,361,166532854.51,3.0
18991,3296,5,292,498597027.95,7.5
18992,2216,11,340,150886451.47,3.0
18993,2965,13,92,1297053153.07,17.5
18994,1045,9,58,113810976.51,1.8
18995,2672,9,290,287903305.77,3.6
18996,3265,15,343,232275086.07,3.5
18997,4007,7,312,436810053.66,7.5
18998,2275,8,121,634090480.56,10.5
18999,937,10,97,95536979.17,1.5
19000,796,3,100,235922327.83,3.3
19001,2609,10,2,89092287.87,1.5
19002,472,8,112,2349349349.06,35.0
19003,1274,4,295,388422773.1,5.0
19004,4740,3,255,803515369.4,9.9
19005,877,6,361,2538681998.43,33.6
19006,3823,5,134,1736885769.58,25.0
19007,4859,5,306,1108645402.76,20.0
19008,1863,11,221,363083596.81,6.0
19009,2092,1,95,307556842.22,4.5
19010,2803,9,320,1076955616.17,18.0
19011,4180,2,279,604410621.5,10.5
19012,1212,10,2,504812317.88,7.5
19013,3275,11,297,229871292.9,3.0
19014,2215,10,359,84566347.08,1.5
19015,2993,13,117,2116570929.98,35.0
19016,1006,6,58,830294359.7,12.6
19017,3931,3,286,2528134121.2,33.0
19018,1621,3,201,814186971.32,9.9
19019,4751,12,4,788313903.37,13.5
19020,347,4,280,135153206.26,2.5
19021,3213,12,114,2109265419.22,36.0
19022,4268,5,43,207858989.64,2.5
19023,3772,1,18,116493345.08,1.5
19024,1674,15,125,394769594.16,7.0
19025,814,2,326,608342237.39,7.0
19026,2566,5,159,137355173.83,2.5
19027,1887,3,269,399311176.5,6.6
19028,4563,10,281,174410534.37,3.0
19029,18,11,51,1716165252.44,30.0
19030,1026,14,253,959213192.74,17.5
19031,2987,10,312,762430890.83,12.0
19032,1051,10,149,274532000.86,4.5
19033,475,7,66,195777689.63,3.0
19034,2347,10,295,828425851.23,15.0
19035,593,8,68,2213932666.92,35.0
19036,3363,8,158,1859213197.91,28.0
19037,3769,7,130,204901046.82,3.0
19038,3048,9,165,132532432.73,1.8
19039,1506,2,298,266586943.16,3.5
19040,191,10,271,88772743.8,1.5
19041,4760,10,243,810990753.55,15.0
19042,2388,14,202,1824051888.41,28.0
19043,4038,10,103,182733312.32,3.0
19044,1212,1,154,550301115.45,7.5
19045,4736,5,166,293868362.7,5.0
19046,4297,14,9,469081751.83,7.0
19047,4962,2,61,1210427189.02,17.5
19048,4130,6,17,230271833.87,4.2
19049,2844,4,117,293417434.42,5.0
19050,3004,5,161,155856638.35,2.5
19051,847,6,81,995006308.37,12.6
19052,558,3,109,229228623.17,3.3
19053,1839,5,280,110053022.65,2.5
19054,44,5,307,174285724.13,2.5
19055,1632,1,209,324577320.2,4.5
19056,416,4,133,135771759.96,2.5
19057,1717,15,301,634957961.58,10.5
19058,3955,5,230,1234214956.24,20.0
19059,2358,6,28,466056721.43,8.4
19060,2825,15,274,209148511.62,3.5
19061,2706,14,76,1290940650.32,17.5
19062,3904,13,176,697960128.98,10.5
19063,878,6,16,606636322.53,8.4
19064,4607,10,147,98586207.92,1.5
19065,532,10,88,273964950.69,4.5
19066,4805,5,257,939003271.84,12.5
19067,1166,7,264,489855503.62,7.5
19068,4501,2,78,1247798065.13,17.5
19069,3695,15,325,847508303.73,10.5
19070,2575,9,209,254604294.9,3.6
19071,1918,8,122,734079254.32,10.5
19072,3160,4,122,367837039.26,5.0
19073,3152,13,116,471771990.38,7.0
19074,139,6,287,2280418405.58,33.6
19075,3597,6,201,773221971.98,12.6
19076,3795,9,124,189151840.8,3.6
19077,268,1,360,429439957.36,7.5
19078,4379,6,171,1325131366.01,21.0
19079,4809,4,174,169906039.44,2.5
19080,3705,9,289,216205829.25,3.6
19081,408,14,188,222746520.11,3.5
19082,3329,4,209,689448601.45,12.5
19083,4915,13,134,199568813.81,3.5
19084,2216,12,64,489555061.15,9.0
19085,4435,13,347,743872725.88,10.5
19086,4306,13,132,1975514407.76,28.0
19087,1095,11,130,209795030.8,3.0
19088,3577,8,137,704186807.1,10.5
19089,1942,11,208,566977436.96,9.0
19090,2677,14,354,514543183.06,7.0
19091,1324,4,82,328318700.91,5.0
19092,59,12,323,611024681.05,9.0
19093,4484,12,282,307429286.34,4.5
19094,3868,11,134,175659819.24,3.0
19095,1631,5,177,291589749.92,5.0
19096,2768,10,152,833652415.25,12.0
19097,3225,2,343,598884507.84,10.5
19098,4063,12,49,881533206.46,13.5
19099,1067,5,49,308666372.58,5.0
19100,2079,15,361,448528254.19,7.0
19101,2760,12,73,263404757.8,4.5
19102,231,2,92,231808703.0,3.5
19103,2098,15,71,230819926.18,3.5
19104,1716,1,225,249207025.56,4.5
19105,3086,12,186,518778886.7,9.0
19106,2336,5,352,262278697.1,5.0
19107,573,5,178,175768758.83,2.5
19108,454,1,257,176341275.03,3.0
19109,4624,5,345,340501712.75,5.0
19110,3410,5,16,169359860.77,2.5
19111,3191,11,108,288270383.84,6.0
19112,1101,8,58,1119590648.26,17.5
19113,458,14,269,253509055.18,3.5
19114,1402,3,104,414386221.61,6.6
19115,2899,13,34,1660385402.86,28.0
19116,1439,11,197,998055309.56,15.0
19117,1284,4,350,846978726.38,12.5
19118,3250,3,308,1113330515.3,16.5
19119,1330,10,103,113982970.46,1.5
19120,3368,9,27,252655913.5,3.6
19121,3480,9,304,84894432.75,1.8
19122,3504,9,238,904259101.33,14.4
19123,2300,10,293,184212597.3,3.0
19124,3802,7,49,371716986.43,4.5
19125,909,3,40,1880212005.97,26.4
19126,727,13,316,230095321.86,3.5
19127,4124,13,210,1003837918.01,17.5
19128,993,15,54,665054901.49,10.5
19129,214,5,211,155533913.19,2.5
19130,79,3,219,441669754.75,6.6
19131,2721,4,24,373755390.4,5.0
19132,2917,10,22,395402995.3,7.5
19133,881,14,191,818918378.04,10.5
19134,2784,10,193,350054785.59,4.5
19135,3421,10,88,104764797.24,1.5
19136,3495,4,307,146711332.72,2.5
19137,1813,14,31,1257868474.04,17.5
19138,3992,10,71,949718897.52,12.0
19139,1585,14,97,2473320598.62,35.0
19140,1049,4,327,132741719.14,2.5
19141,1484,2,117,235428497.44,3.5
19142,1676,9,3,360125083.8,5.4
19143,3434,8,237,1778614515.63,28.0
19144,3650,14,286,1822756477.3,35.0
19145,686,7,11,225910606.72,3.0
19146,1121,11,140,1126403760.04,15.0
19147,4920,4,62,881440354.31,12.5
19148,353,5,326,1527940074.49,20.0
19149,2166,9,326,283258765.14,3.6
19150,2688,11,234,1685955468.69,30.0
19151,3357,3,37,401267000.59,6.6
19152,1294,9,92,187544485.23,3.6
19153,2843,12,64,322236054.81,4.5
19154,1401,9,205,371177130.52,5.4
19155,2680,1,345,106379244.35,1.5
19156,1554,8,280,506433045.06,7.0
19157,1241,14,20,466940674.22,7.0
19158,658,8,288,2202705097.9,35.0
19159,2414,14,257,2744532254.59,35.0
19160,1871,5,56,538416505.77,7.5
19161,2322,10,239,85702980.48,1.5
19162,2786,5,176,339587631.16,5.0
19163,2173,8,244,395483311.49,7.0
19164,2548,6,17,686418438.48,12.6
19165,173,9,248,122511453.12,1.8
19166,3818,12,151,3144293930.83,45.0
19167,367,7,69,292971263.95,4.5
19168,3111,10,316,384087505.11,7.5
19169,2266,15,282,686738580.09,10.5
19170,1181,10,339,460716762.44,7.5
19171,3970,11,256,193064412.17,3.0
19172,4527,12,107,306150221.48,4.5
19173,4789,4,23,958422454.87,12.5
19174,4218,2,28,1084211234.95,17.5
19175,483,9,164,112607336.32,1.8
19176,3380,3,102,1841501283.4,26.4
19177,1166,14,13,1103751020.99,17.5
19178,3485,4,232,335316984.47,5.0
19179,39,8,305,222231516.1,3.5
19180,3860,1,334,102787363.41,1.5
19181,1103,4,104,173259952.83,2.5
19182,3252,4,72,277971842.92,5.0
19183,3098,14,329,215408076.0,3.5
19184,2019,9,292,203369097.58,3.6
19185,4138,12,27,653812918.97,9.0
19186,3271,12,88,734311342.3,13.5
19187,392,12,47,280308149.3,4.5
19188,3434,7,19,913533051.84,12.0
19189,2127,9,269,549164750.47,9.0
19190,4847,11,313,217702159.09,3.0
19191,2935,6,22,1247771856.46,21.0
19192,1938,5,19,380907881.64,5.0
19193,2048,4,221,1510808959.4,20.0
19194,1307,10,45,428966431.07,7.5
19195,446,10,216,937316066.3,15.0
19196,4410,7,208,92316568.83,1.5
19197,2258,12,202,826432733.57,13.5
19198,843,11,213,358460059.11,6.0
19199,1493,15,262,230732286.92,3.5
19200,3365,13,190,679922550.84,10.5
19201,2950,3,365,204480981.91,3.3
19202,2147,6,279,504303094.9,8.4
19203,349,15,311,1222504275.94,17.5
19204,4285,6,133,771667075.72,12.6
19205,4744,6,126,511864105.58,8.4
19206,3404,13,354,431596413.71,7.0
19207,1451,15,121,427774026.91,7.0
19208,3854,6,159,305885902.43,4.2
19209,2736,7,242,1037813022.73,15.0
19210,4980,12,71,661935307.94,9.0
19211,676,2,205,2324010482.37,35.0
19212,1460,6,236,804980746.92,12.6
19213,1430,4,215,886294140.59,12.5
19214,4195,6,105,260362588.71,4.2
19215,1186,2,266,238792941.56,3.5
19216,4117,10,22,87349464.24,1.5
19217,4325,4,95,167976052.29,2.5
19218,620,14,143,577575645.37,10.5
19219,4967,13,192,740730780.68,10.5
19220,3852,14,90,1127439491.43,17.5
19221,1631,15,45,339327423.35,7.0
19222,2423,4,161,510924607.14,7.5
19223,4354,15,290,750343940.16,10.5
19224,1312,5,341,291591211.6,5.0
19225,1569,10,140,97346288.48,1.5
19226,4199,4,151,316507412.77,5.0
19227,2885,4,338,301720978.5,5.0
19228,4234,11,190,120247524.17,3.0
19229,3189,14,330,1990143078.91,28.0
19230,3227,5,312,1290003721.58,20.0
19231,1376,6,161,841118707.41,12.6
19232,2589,10,207,90347701.27,1.5
19233,240,6,313,251723389.13,4.2
19234,3834,10,51,104692027.46,1.5
19235,1533,10,45,205111458.47,3.0
19236,2498,9,329,134849853.5,1.8
19237,3660,7,62,654877633.29,12.0
19238,4188,11,16,378685593.12,6.0
19239,1102,7,127,93829705.39,1.5
19240,2081,3,126,238886460.18,3.3
19241,3385,15,202,432042688.75,7.0
19242,1950,7,314,191124168.67,3.0
19243,1051,9,152,220431096.83,3.6
19244,2884,10,88,94771269.5,1.5
19245,3930,2,334,1715925725.8,28.0
19246,914,4,249,420879174.16,7.5
19247,1096,8,89,741520917.08,10.5
19248,1840,3,233,219703350.87,3.3
19249,447,15,94,531074952.26,7.0
19250,2360,5,269,928574161.9,12.5
19251,1645,4,236,911775918.56,12.5
19252,1190,3,49,2258778525.6,33.0
19253,4988,12,294,574903824.3,9.0
19254,4431,11,233,191503042.49,3.0
19255,2693,7,214,199791867.79,3.0
19256,4077,15,279,1676253605.11,28.0
19257,4640,5,331,1340207620.68,20.0
19258,2982,8,165,450995222.27,7.0
19259,3089,14,340,516323779.97,7.0
19260,3907,15,122,638943701.84,10.5
19261,4042,7,300,86820757.25,1.5
19262,2168,2,13,209215731.99,3.5
19263,3873,3,304,172659730.54,3.3
19264,879,2,357,209022587.66,3.5
19265,127,3,176,413222492.98,6.6
19266,2739,8,293,230461738.73,3.5
19267,4785,1,288,625796231.28,12.0
19268,2346,5,288,192094338.23,2.5
19269,4203,9,287,263920446.99,3.6
19270,684,10,162,105268472.73,1.5
19271,4309,3,242,411825291.56,6.6
19272,4619,14,240,230978177.39,3.5
19273,1108,15,322,2116873916.33,35.0
19274,4346,12,260,742327983.16,13.5
19275,544,11,181,1031709534.29,15.0
19276,4896,15,101,207110148.71,3.5
19277,102,15,115,1086957146.06,17.5
19278,148,8,261,188115059.31,3.5
19279,3674,9,91,174450743.9,3.6
19280,104,12,284,269689258.73,4.5
19281,764,15,254,1683323342.13,28.0
19282,396,14,114,482460610.23,7.0
19283,1688,11,314,370141561.72,6.0
19284,1661,10,94,939677223.93,15.0
19285,2768,5,231,1402044862.91,20.0
19286,3007,1,149,277783488.1,4.5
19287,3747,10,86,186717414.01,3.0
19288,3070,11,82,562827491.63,9.0
19289,955,2,150,167292154.19,3.5
19290,1785,8,67,564318409.01,10.5
19291,1212,14,340,1817995547.97,28.0
19292,2623,13,169,494731804.41,7.0
19293,3566,10,277,272877175.91,4.5
19294,3270,15,199,2123248497.21,28.0
19295,1968,3,94,440503929.32,6.6
19296,80,15,110,739269623.81,10.5
19297,2555,4,326,1232471886.75,20.0
19298,2396,2,358,1593058395.37,28.0
19299,367,10,63,333713156.24,4.5
19300,537,9,34,310730562.87,5.4
19301,2993,14,338,2015209435.14,28.0
19302,641,11,364,394216725.57,6.0
19303,2701,6,197,1283801364.21,21.0
19304,4750,7,131,127401373.05,1.5
19305,3106,7,252,301601588.92,4.5
19306,2324,2,292,230392543.61,3.5
19307,4513,9,62,586766465.49,9.0
19308,2606,7,300,988449858.52,15.0
19309,4995,7,328,98269594.19,1.5
19310,4362,13,326,541086133.77,10.5
19311,1609,1,168,689599356.22,12.0
19312,2611,12,96,284879370.67,4.5
19313,381,7,301,563820740.39,7.5
19314,2655,13,144,555974057.73,10.5
19315,4433,6,222,671983684.9,8.4
19316,1649,14,27,662615193.89,10.5
19317,4927,12,103,304550503.34,4.5
19318,2082,2,354,185488346.14,3.5
19319,3383,7,362,430475966.95,7.5
19320,3307,9,208,304591994.26,5.4
19321,4787,1,216,134264598.24,3.0
19322,212,12,8,333631352.95,4.5
19323,4092,6,190,1530715314.24,21.0
19324,782,7,344,97314496.27,1.5
19325,1370,3,29,212539078.83,3.3
19326,4435,4,107,371674329.73,5.0
19327,2749,11,262,207341020.06,3.0
19328,1073,3,248,224756424.81,3.3
19329,1014,7,207,114560065.27,1.5
19330,2581,13,43,2315226380.67,35.0
19331,2397,10,225,246333676.28,3.0
19332,3252,8,340,1917153756.65,28.0
19333,2812,11,241,219175647.94,3.0
19334,3867,9,28,1105153763.97,14.4
19335,3544,14,252,499823247.16,7.0
19336,755,11,239,1753551408.99,24.0
19337,1869,4,15,274687318.04,5.0
19338,812,4,271,751540820.27,12.5
19339,2054,10,348,323326939.79,4.5
19340,1810,3,248,418015597.7,6.6
19341,751,13,306,237015426.14,3.5
19342,1857,8,250,2440433274.46,35.0
19343,1624,9,158,119241257.73,1.8
19344,1321,9,14,310579145.63,5.4
19345,3778,9,283,565005070.2,9.0
19346,130,13,11,188627892.56,3.5
19347,1687,9,109,124586296.97,1.8
19348,2923,9,63,281760607.58,5.4
19349,377,8,49,2331014028.23,35.0
19350,4471,7,204,1080014331.04,15.0
19351,716,7,4,160662819.96,3.0
19352,1139,3,304,432574537.12,6.6
19353,1439,9,155,627505042.01,9.0
19354,4027,13,283,788143534.43,17.5
19355,4266,4,63,154979108.71,2.5
19356,515,7,220,501530217.26,7.5
19357,2513,1,316,277649671.14,4.5
19358,2724,5,81,455598841.91,7.5
19359,825,14,276,1265581885.8,17.5
19360,2204,10,222,110585268.17,1.5
19361,2827,2,1,1117354194.5,17.5
19362,115,14,227,764283467.31,10.5
19363,1620,4,234,175816561.09,2.5
19364,2881,8,62,1160519795.62,17.5
19365,4048,13,57,637822552.68,10.5
19366,4772,3,349,160912814.11,3.3
19367,4288,1,353,882292183.07,15.0
19368,3265,13,121,210097128.31,3.5
19369,1717,5,293,175864132.9,2.5
19370,16,10,127,88870601.93,1.5
19371,4078,6,74,1018257699.95,12.6
19372,171,6,208,476744032.25,8.4
19373,2587,1,33,204841272.46,3.0
19374,132,7,115,480877216.4,7.5
19375,2610,1,20,190291151.22,3.0
19376,1212,14,16,244386427.23,3.5
19377,4899,8,28,206502835.44,3.5
19378,3828,1,223,195491245.35,3.0
19379,3267,11,354,1531653732.86,24.0
19380,4640,7,231,1160195503.36,15.0
19381,4678,2,93,527195799.31,7.0
19382,235,4,20,472913859.82,7.5
19383,1294,15,208,1916315107.7,35.0
19384,2075,7,97,100742692.67,1.5
19385,4117,12,20,2460297380.24,36.0
19386,4743,2,165,1920763005.83,35.0
19387,3864,8,119,2179175538.63,35.0
19388,4741,4,48,167235801.23,2.5
19389,1004,14,269,731773237.03,10.5
19390,3913,10,54,232235459.89,3.0
19391,4356,1,330,92836093.42,1.5
19392,4505,5,145,162483964.89,2.5
19393,3320,5,158,378400702.89,5.0
19394,2174,8,27,421108697.96,7.0
19395,4442,9,207,115167643.97,1.8
19396,1023,5,104,679939275.21,12.5
19397,258,5,125,170649844.18,2.5
19398,4211,8,82,2081910930.06,35.0
19399,2214,8,347,622445337.74,10.5
19400,2401,13,70,647910562.43,10.5
19401,1491,7,208,184797164.4,3.0
19402,3202,5,182,1353453435.89,20.0
19403,4079,10,349,90868047.75,1.5
19404,4568,3,324,1148138912.14,16.5
19405,2433,10,354,284889351.82,4.5
19406,4204,6,322,233589908.38,4.2
19407,2734,11,49,217106200.49,3.0
19408,4494,5,257,530188660.32,7.5
19409,2365,2,329,1760253845.19,28.0
19410,2759,7,121,1006970400.59,15.0
19411,1002,4,295,808350600.91,12.5
19412,4729,10,301,250894374.73,4.5
19413,2580,7,65,450390758.27,7.5
19414,3769,14,149,493943818.99,7.0
19415,1339,5,29,820227081.35,12.5
19416,3950,9,76,236040310.38,3.6
19417,494,3,194,2401103219.53,33.0
19418,3720,8,228,1085023831.19,17.5
19419,3268,4,54,882732454.28,12.5
19420,1923,1,268,274974638.08,4.5
19421,3569,13,138,260156485.16,3.5
19422,3866,8,83,485010554.5,7.0
19423,1493,12,76,1263542278.66,22.5
19424,1939,1,133,95372369.12,1.5
19425,2503,8,165,227165243.8,3.5
19426,769,4,323,154247867.48,2.5
19427,4797,10,363,1007738019.58,15.0
19428,2802,6,89,234769134.76,4.2
19429,4704,10,191,489037012.04,7.5
19430,4941,13,283,2535309832.08,35.0
19431,1722,1,14,469990884.76,7.5
19432,1829,2,216,1104685431.71,17.5
19433,3426,1,90,99739189.13,1.5
19434,4424,11,128,1702201202.77,24.0
19435,297,7,324,188036788.09,3.0
19436,2698,8,38,2282752641.08,28.0
19437,2986,6,114,272658600.77,4.2
19438,1376,1,311,502524554.98,7.5
19439,3388,2,95,878584342.7,17.5
19440,1680,7,364,170804171.87,3.0
19441,3496,8,120,1974705464.85,28.0
19442,1411,1,318,546105104.9,7.5
19443,1270,7,320,289428792.66,4.5
19444,1102,12,2,334914584.38,4.5
19445,3766,13,248,613219299.06,10.5
19446,3381,8,187,501756751.45,7.0
19447,2853,15,340,628178063.94,10.5
19448,1099,8,266,236160926.64,3.5
19449,4729,7,304,184907465.26,3.0
19450,788,12,173,452735159.92,9.0
19451,4743,5,129,278062845.54,5.0
19452,1621,9,237,1123550700.73,14.4
19453,19,10,228,877506235.01,15.0
19454,1252,2,295,2261968290.24,35.0
19455,1877,7,250,263887623.16,4.5
19456,2704,8,287,466737840.52,7.0
19457,2766,9,332,851523892.84,14.4
19458,2983,4,124,156238442.8,2.5
19459,4879,11,19,164990785.96,3.0
19460,4419,1,249,180914723.73,3.0
19461,2871,8,279,483741044.32,7.0
19462,2070,11,317,370695919.39,6.0
19463,3486,12,347,687346334.34,9.0
19464,3922,3,7,627753625.58,9.9
19465,3185,10,229,90231524.82,1.5
19466,687,5,128,187427076.62,2.5
19467,4481,7,358,537563478.55,7.5
19468,2659,12,308,285790071.69,4.5
19469,76,8,350,825899116.44,10.5
19470,3427,9,288,377400028.35,5.4
19471,4512,6,356,2763386995.21,42.0
19472,1549,13,230,279116944.4,3.5
19473,1535,12,325,1734841211.72,22.5
19474,2659,12,198,1323804002.94,22.5
19475,3930,7,261,105190719.49,1.5
19476,2932,8,311,2312050565.02,35.0
19477,3769,9,341,339013576.65,5.4
19478,2609,12,170,245014351.95,4.5
19479,1096,4,129,297816062.14,5.0
19480,3077,10,269,227254560.06,3.0
19481,426,15,222,1543799129.76,28.0
19482,272,1,119,184218606.03,3.0
19483,3636,6,342,308309515.32,4.2
19484,4878,7,108,185486031.73,3.0
19485,1902,12,40,974689446.28,13.5
19486,62,6,206,508945546.42,8.4
19487,2667,13,57,964279652.75,17.5
19488,3143,3,78,676927771.21,9.9
19489,611,6,214,339028862.04,4.2
19490,3926,4,217,150494413.07,2.5
19491,2563,6,183,689503848.37,12.6
19492,3888,6,269,1479726521.18,21.0
19493,2689,4,289,1825141858.88,25.0
19494,1078,12,62,2693353143.4,36.0
19495,4010,4,116,299270379.68,5.0
19496,403,4,164,990338746.83,12.5
19497,4573,2,88,641813558.27,10.5
19498,547,5,71,1845523909.4,25.0
19499,4175,2,236,367211848.65,7.0
19500,426,7,209,189255824.63,3.0
19501,1038,13,186,215131790.73,3.5
19502,4391,12,223,313308099.12,4.5
19503,1316,2,188,249033131.36,3.5
19504,1226,10,138,958782282.53,15.0
19505,4896,10,244,449312879.71,7.5
19506,2489,2,211,447691847.72,7.0
19507,648,3,286,1356591381.25,16.5
19508,2479,8,155,218045635.66,3.5
19509,2594,13,34,219491184.13,3.5
19510,2355,9,110,504216705.3,9.0
19511,2177,4,96,550942885.54,7.5
19512,3970,2,51,1192687376.8,17.5
19513,4777,1,35,175953623.46,3.0
19514,3379,5,348,314880718.4,5.0
19515,964,1,116,775329715.66,12.0
19516,2026,5,140,137631708.69,2.5
19517,4323,3,174,217556924.3,3.3
19518,3762,6,15,494878928.63,8.4
19519,3785,11,9,427815998.52,6.0
19520,446,13,320,446186745.48,7.0
19521,4292,3,161,944946224.06,16.5
19522,4539,15,254,365486566.77,7.0
19523,3189,8,327,443928475.22,7.0
19524,3056,11,314,341085843.34,6.0
19525,275,5,275,1016104436.89,20.0
19526,3681,2,233,1602658258.01,35.0
19527,712,11,101,505222211.13,9.0
19528,4633,11,154,473899587.7,9.0
19529,1836,9,334,646142427.66,9.0
19530,490,4,292,464933507.57,7.5
19531,1188,7,73,588167415.4,7.5
19532,1961,1,159,83588261.8,1.5
19533,4144,12,204,948491367.3,13.5
19534,3738,7,141,531858189.54,7.5
19535,4570,15,15,186107038.12,3.5
19536,1167,8,259,1715840542.37,28.0
19537,2435,4,163,158791763.55,2.5
19538,1500,7,151,91616493.97,1.5
19539,4705,3,2,571044787.86,9.9
19540,1370,5,35,314402835.44,5.0
19541,1655,12,112,590503460.05,9.0
19542,4221,8,303,628281915.89,10.5
19543,3884,11,354,154401597.45,3.0
19544,222,15,267,176662656.51,3.5
19545,922,10,222,219698943.16,3.0
19546,2142,15,170,260379718.83,3.5
19547,2217,10,154,186302063.69,3.0
19548,609,12,41,360447550.91,4.5
19549,2405,11,164,624992524.56,9.0
19550,720,1,352,300889581.76,4.5
19551,657,3,46,427657510.28,6.6
19552,4876,7,269,999550003.93,15.0
19553,3494,6,290,296885525.56,4.2
19554,3735,14,142,405203318.28,7.0
19555,4390,14,173,724281815.2,10.5
19556,2895,9,125,631015249.44,9.0
19557,339,10,40,161525885.89,3.0
19558,2134,1,276,190101502.81,3.0
19559,1872,8,142,1411247920.29,17.5
19560,2253,1,184,361669244.54,4.5
19561,4261,1,102,485498572.4,7.5
19562,3822,11,92,180906892.85,3.0
19563,1041,9,197,373256331.27,5.4
19564,1119,11,358,195502135.59,3.0
19565,2840,11,176,207274319.82,3.0
19566,4149,4,150,157735493.89,2.5
19567,2416,3,70,644367630.34,9.9
19568,36,9,82,261466508.42,3.6
19569,4989,1,302,166129059.65,3.0
19570,2282,9,276,813770042.6,14.4
19571,677,11,339,373512860.73,6.0
19572,4198,3,2,213324154.55,3.3
19573,3325,15,6,2270977143.5,35.0
19574,308,11,18,771131621.87,15.0
19575,3784,13,171,471428690.15,7.0
19576,1092,10,98,247386748.06,4.5
19577,650,14,37,202492915.17,3.5
19578,3733,11,335,207621347.74,3.0
19579,3917,3,51,438146733.87,6.6
19580,2057,5,109,518855897.09,7.5
19581,4839,1,281,178377630.93,3.0
19582,4651,3,72,234968333.05,3.3
19583,2106,1,256,935661655.97,12.0
19584,3445,1,143,253772110.4,4.5
19585,3140,2,207,202751152.42,3.5
19586,139,13,307,1030327643.59,17.5
19587,3509,5,39,1147642484.09,20.0
19588,658,9,109,116150017.48,1.8
19589,709,10,57,531286193.49,7.5
19590,1048,5,210,142362263.74,2.5
19591,1679,5,164,1143873545.4,20.0
19592,848,13,154,2562957035.18,35.0
19593,1565,5,339,1618087717.69,20.0
19594,1631,7,93,182371259.79,3.0
19595,872,3,128,179634514.92,3.3
19596,3303,13,329,1955495691.15,28.0
19597,3970,7,348,98853469.45,1.5
19598,2343,2,276,192531477.9,3.5
19599,683,10,263,274516719.9,4.5
19600,3693,9,122,831823606.14,14.4
19601,2350,4,70,126799200.36,2.5
19602,650,9,40,223609944.58,3.6
19603,3615,6,93,1700998895.47,21.0
19604,3570,1,84,99352439.08,1.5
19605,1492,12,183,557470818.57,9.0
19606,4381,2,262,391653494.35,7.0
19607,603,8,7,229026254.67,3.5
19608,4506,8,32,469634424.0,7.0
19609,1665,8,251,488436633.67,7.0
19610,3299,12,235,949832935.54,13.5
19611,4826,15,293,415681796.31,7.0
19612,402,9,135,290064852.91,3.6
19613,2504,10,141,89094514.15,1.5
19614,3746,2,94,1439240364.34,17.5
19615,3578,7,301,214658536.29,3.0
19616,4630,8,146,378575088.11,7.0
19617,299,9,160,115867805.84,1.8
19618,4076,6,49,758350686.02,12.6
19619,2548,9,344,106393808.11,1.8
19620,2831,6,37,878593902.5,12.6
19621,821,12,117,698294279.0,13.5
19622,3313,7,134,525265160.55,7.5
19623,1388,12,230,2664647433.75,36.0
19624,1067,1,338,350981546.88,7.5
19625,1273,5,11,338869998.25,5.0
19626,4230,7,124,73547940.12,1.5
19627,1070,13,129,702431408.96,10.5
19628,3362,1,35,275305145.11,4.5
19629,1623,6,111,602763960.72,8.4
19630,180,2,188,561254106.82,10.5
19631,4306,15,160,2422857332.63,35.0
19632,3237,4,282,700911120.33,12.5
19633,479,15,340,213809394.66,3.5
19634,3147,8,54,1114968514.49,17.5
19635,2041,14,50,194894001.47,3.5
19636,632,13,117,595615714.2,10.5
19637,4582,2,212,417309494.28,7.0
19638,933,12,246,536836310.2,9.0
19639,994,15,193,294856134.58,3.5
19640,4474,8,140,1203434417.05,17.5
19641,2804,4,288,1721269128.45,25.0
19642,3085,2,244,1268387229.39,17.5
19643,923,3,221,599595537.75,9.9
19644,1183,5,157,1884907030.56,25.0
19645,927,1,125,418032887.2,7.5
19646,4137,8,281,2034941547.22,35.0
19647,2590,8,329,2158043878.03,35.0
19648,2807,10,204,186821204.95,3.0
19649,4817,8,137,1146704401.31,17.5
19650,4873,7,14,307397913.54,4.5
19651,2925,6,3,227350060.34,4.2
19652,3071,11,14,1001613641.92,15.0
19653,4611,12,197,701430621.12,9.0
19654,1102,4,252,166613453.27,2.5
19655,4212,15,101,443983134.63,7.0
19656,2291,6,78,544772942.62,8.4
19657,4150,9,351,352996237.2,5.4
19658,4748,15,28,2186443349.24,35.0
19659,467,8,13,450757073.6,7.0
19660,2541,5,13,174665400.98,2.5
19661,454,2,360,579112023.69,10.5
19662,2038,4,235,160431955.54,2.5
19663,4752,3,109,403813204.63,6.6
19664,315,11,224,591208326.72,9.0
19665,1978,7,69,183808070.71,3.0
19666,2707,13,113,2230974114.31,28.0
19667,4438,12,130,590592294.52,9.0
19668,758,11,10,202847644.75,3.0
19669,4165,10,298,217187912.04,4.5
19670,3478,6,176,1927198390.69,33.6
19671,330,2,330,257811250.21,3.5
19672,335,9,242,294918013.48,5.4
19673,464,2,62,394910628.43,7.0
19674,3251,10,310,531946042.78,7.5
19675,3109,11,213,417303552.52,6.0
19676,3416,12,31,269493470.45,4.5
19677,1215,14,243,690282318.48,10.5
19678,1796,6,266,553392469.39,8.4
19679,4423,3,124,2484866438.28,33.0
19680,1755,1,187,144320992.27,3.0
19681,4489,10,97,119494811.93,1.5
19682,4405,5,291,1474286013.3,25.0
19683,4166,13,236,2075140863.73,35.0
19684,1676,14,157,406561318.99,7.0
19685,2333,11,38,458740751.65,6.0
19686,4591,7,4,286636469.67,4.5
19687,2636,3,294,1603405138.34,26.4
19688,664,9,98,704080704.45,14.4
19689,3372,7,258,216216881.4,4.5
19690,3929,3,310,1890136028.48,26.4
19691,1488,10,338,469240185.16,7.5
19692,4614,11,279,182567955.98,3.0
19693,4498,10,351,78586577.67,1.5
19694,589,2,71,207861274.05,3.5
19695,3638,4,20,1468525019.18,25.0
19696,1133,13,246,952871675.48,17.5
19697,4627,14,365,397299668.17,7.0
19698,3830,12,211,837263887.11,13.5
19699,3177,3,210,244581720.76,3.3
19700,4258,4,27,731931244.56,12.5
19701,4245,5,211,313419704.65,5.0
19702,1195,6,312,270115754.78,4.2
19703,3775,13,282,1185134231.46,17.5
19704,1757,11,332,232943568.86,3.0
19705,2549,3,147,240238193.95,3.3
19706,1714,10,361,214953936.28,3.0
19707,3706,6,81,730047065.14,12.6
19708,2018,11,114,1242279776.08,24.0
19709,1983,5,94,661380324.33,12.5
19710,1246,4,130,332752188.6,5.0
19711,1897,4,97,531101548.12,7.5
19712,1496,10,191,1023921585.96,15.0
19713,3275,2,217,1308263776.62,17.5
19714,2405,8,231,715385919.23,10.5
19715,3972,10,105,489670350.82,7.5
19716,4171,13,23,438862320.95,7.0
19717,786,4,332,1392948373.57,20.0
19718,417,12,182,373733801.76,4.5
19719,2055,8,349,375383641.97,7.0
19720,4835,15,76,197764798.84,3.5
19721,507,2,128,630429252.37,10.5
19722,3710,8,254,487968765.5,7.0
19723,4829,7,364,216075637.34,3.0
19724,2507,11,82,436530801.96,6.0
19725,3210,3,280,214958212.44,3.3
19726,258,11,278,253823113.01,3.0
19727,2133,9,3,116226419.0,1.8
19728,1601,15,228,377173699.24,7.0
19729,3978,1,216,86073255.77,1.5
19730,3801,8,303,2297301164.78,35.0
19731,1359,12,254,480860631.21,9.0
19732,4518,11,236,166675031.26,3.0
19733,3808,7,233,93695980.66,1.5
19734,4946,10,320,103608472.16,1.5
19735,3201,4,208,347517885.09,5.0
19736,716,1,327,81189023.51,1.5
19737,2533,8,326,557568664.6,7.0
19738,3315,12,228,1545705556.47,36.0
19739,4734,4,121,735068880.87,12.5
19740,3887,13,210,255270345.71,3.5
19741,2346,6,255,899151535.44,12.6
19742,3673,15,35,602366558.09,10.5
19743,3833,13,262,423386554.92,7.0
19744,3904,10,323,104860207.88,1.5
19745,3794,11,88,758438798.92,15.0
19746,4850,9,278,528359652.02,9.0
19747,2661,5,358,463995579.73,7.5
19748,2092,1,1,201884941.53,3.0
19749,2118,10,128,241042936.02,3.0
19750,2269,13,191,505036107.92,7.0
19751,4048,3,271,399071642.09,6.6
19752,439,8,83,406091829.87,7.0
19753,2655,6,160,2285366304.13,42.0
19754,4884,13,242,250795262.27,3.5
19755,1851,11,314,169416381.17,3.0
19756,2606,10,293,246909163.81,4.5
19757,3044,4,57,1280037149.64,20.0
19758,857,9,176,427964886.45,5.4
19759,2769,7,42,493459134.48,7.5
19760,3734,4,267,409709498.26,5.0
19761,397,3,191,171018149.5,3.3
19762,4531,1,129,194825996.69,3.0
19763,4909,4,252,261045066.96,5.0
19764,3399,12,10,315680625.93,4.5
19765,2901,14,289,1180715154.76,17.5
19766,437,6,211,453247840.7,8.4
19767,1794,3,256,624498230.45,9.9
19768,1515,8,69,1995430246.67,28.0
19769,2672,4,110,358415834.39,5.0
19770,1128,4,37,134368108.78,2.5
19771,3042,1,234,106349471.0,1.5
19772,542,9,246,294293317.69,5.4
19773,3832,5,94,303526490.18,5.0
19774,1516,6,159,231377056.97,4.2
19775,1311,15,167,1035571093.93,17.5
19776,1874,6,247,287235476.09,4.2
19777,3685,9,121,124155706.98,1.8
19778,563,7,327,481144924.28,7.5
19779,1528,2,323,667242261.35,10.5
19780,3795,11,64,448390071.21,6.0
19781,3904,2,177,748031960.89,10.5
19782,4188,4,90,390274125.75,5.0
19783,1848,9,107,102710046.5,1.8
19784,1380,4,297,240892720.44,5.0
19785,3092,11,132,561195941.42,9.0
19786,4804,9,216,607907473.34,9.0
19787,251,12,194,306477745.75,4.5
19788,3480,2,91,692098827.06,10.5
19789,356,2,228,191342189.71,3.5
19790,4428,5,96,142132649.55,2.5
19791,2045,13,10,509865908.19,7.0
19792,1685,15,116,626320764.37,10.5
19793,1624,14,84,702511315.03,10.5
19794,2235,14,36,859220587.83,10.5
19795,4427,12,85,1373445760.35,22.5
19796,1998,7,218,106380546.64,1.5
19797,4286,2,229,233239217.39,3.5
19798,301,11,118,338795139.27,6.0
19799,3621,1,64,811295833.78,15.0
19800,2840,7,340,236272921.74,3.0
19801,842,2,183,783650981.44,10.5
19802,2426,14,337,1588382199.23,28.0
19803,4403,2,317,819716785.65,17.5
19804,929,14,74,181292409.1,3.5
19805,2690,6,196,3064733022.92,42.0
19806,1706,10,188,109398550.26,1.5
19807,4396,9,320,212586586.26,3.6
19808,2935,9,344,282307095.55,3.6
19809,2342,3,265,2723274826.48,33.0
19810,4493,1,348,112156637.87,1.5
19811,4331,15,190,468247072.87,7.0
19812,1319,14,311,162457290.66,3.5
19813,4956,13,79,217466126.6,3.5
19814,4734,12,274,1417412726.64,22.5
19815,612,8,269,217905265.1,3.5
19816,572,12,257,2885487055.28,45.0
19817,3018,14,3,225062423.93,3.5
19818,2185,3,185,168998650.29,3.3
19819,2753,1,46,199783203.01,3.0
19820,4210,3,270,182852520.1,3.3
19821,4828,12,141,1395452109.99,22.5
19822,580,6,322,2357767278.65,33.6
19823,2372,3,86,198097945.75,3.3
19824,3476,4,203,457684794.99,7.5
19825,2671,7,8,1012722200.37,15.0
19826,600,15,269,255762245.66,3.5
19827,2833,15,279,566565326.76,10.5
19828,324,9,158,229287623.02,3.6
19829,1117,4,278,398173813.44,7.5
19830,3773,15,15,1076033456.93,17.5
19831,1050,10,144,87875946.77,1.5
19832,1930,8,244,213490803.65,3.5
19833,1953,14,96,402975807.86,7.0
19834,3367,4,325,315790745.89,5.0
19835,3042,12,29,304219474.85,4.5
19836,3939,1,185,218485695.43,3.0
19837,484,4,173,1263476193.06,20.0
19838,914,3,40,473805846.13,9.9
19839,4336,14,289,423642607.35,7.0
19840,3890,12,356,714717484.91,9.0
19841,4116,7,245,471493760.54,7.5
19842,4559,6,89,531183449.66,8.4
19843,912,1,116,282202204.99,4.5
19844,3729,13,5,270145254.08,3.5
19845,1966,12,128,575059669.69,9.0
19846,3789,4,292,834189114.84,12.5
19847,3771,6,106,768777068.48,12.6
19848,1731,9,174,242235169.77,3.6
19849,3771,8,188,435829027.62,7.0
19850,1563,3,74,183404101.16,3.3
19851,2455,7,132,84239010.22,1.5
19852,273,13,328,629602874.59,10.5
19853,1257,14,181,689083788.3,10.5
19854,2467,8,89,1057965805.65,17.5
19855,2284,4,337,385842104.24,7.5
19856,430,10,93,810213463.83,12.0
19857,286,6,27,219771315.84,4.2
19858,1112,5,269,154209370.49,2.5
19859,2045,4,364,302177448.27,5.0
19860,3710,4,272,134201588.11,2.5
19861,3244,13,158,1219802439.91,17.5
19862,3215,12,354,636938112.16,13.5
19863,1890,3,73,194966418.13,3.3
19864,4083,4,19,1754993963.29,25.0
19865,3134,6,321,577337593.61,8.4
19866,192,5,147,922628830.24,12.5
19867,4629,7,313,95065044.68,1.5
19868,4554,2,115,1857300231.8,28.0
19869,4410,14,244,1143375632.69,17.5
19870,2023,4,113,139631159.93,2.5
19871,4838,14,215,505932128.68,7.0
19872,548,13,74,1193765332.02,17.5
19873,3599,2,97,217078438.96,3.5
19874,2888,3,327,999117995.09,16.5
19875,4827,7,90,265364358.5,4.5
19876,370,7,240,100977095.95,1.5
19877,2423,10,271,1018191044.07,15.0
19878,3648,12,314,331214444.77,4.5
19879,1043,10,47,291454768.79,4.5
19880,220,14,162,639267773.84,10.5
19881,2581,8,129,1927450418.2,35.0
19882,92,2,72,590527401.36,7.0
19883,3335,4,277,1027198833.72,12.5
19884,3428,3,261,640580541.02,9.9
19885,4056,2,284,2269566917.36,35.0
19886,1038,7,85,176205499.66,3.0
19887,1986,6,123,226787020.77,4.2
19888,3950,12,88,265403077.74,4.5
19889,4616,1,193,536342149.64,7.5
19890,835,15,248,400667328.32,7.0
19891,2924,13,109,250919410.89,3.5
19892,624,5,104,351849867.5,5.0
19893,2398,6,362,2485386299.33,42.0
19894,3611,11,309,443762408.81,6.0
19895,259,4,334,180980081.96,2.5
19896,4173,7,358,988580576.06,15.0
19897,755,14,53,264290206.93,3.5
19898,1732,4,312,805982729.69,12.5
19899,3395,10,350,89539992.62,1.5
19900,66,11,337,562716128.64,9.0
19901,2685,6,318,491198564.18,8.4
19902,1831,11,103,472419799.72,9.0
19903,2556,9,289,132423433.31,1.8
19904,3226,1,65,490912877.87,7.5
19905,3449,11,66,225357039.25,3.0
19906,4345,6,300,1470748846.26,21.0
19907,2371,5,294,321044630.84,5.0
19908,2640,15,220,507239549.53,7.0
19909,3401,12,34,492413276.94,9.0
19910,4454,5,270,165909578.97,2.5
19911,575,4,353,1446108647.06,25.0
19912,1249,12,259,1045808990.02,13.5
19913,1050,2,236,222473568.33,3.5
19914,3541,9,264,117902282.66,1.8
19915,2745,7,19,162443764.35,3.0
19916,523,12,164,339836606.33,4.5
19917,675,11,214,638007753.92,9.0
19918,3372,10,134,182848879.19,3.0
19919,3228,10,100,277762246.31,4.5
19920,3395,6,96,817971525.52,12.6
19921,1326,4,314,158386365.13,2.5
19922,3276,8,167,191662229.53,3.5
19923,2677,11,228,1240998941.89,24.0
19924,4326,11,66,201220682.99,3.0
19925,1724,9,221,204016028.16,3.6
19926,1597,4,174,179451585.82,2.5
19927,3531,8,139,1181227033.0,17.5
19928,2623,6,49,1095104767.48,21.0
19929,1460,5,168,328576526.86,5.0
19930,4582,11,263,193930244.66,3.0
19931,4434,4,53,137596866.17,2.5
19932,752,14,361,406117968.8,7.0
19933,4232,1,55,470157184.74,7.5
19934,278,7,327,98552618.5,1.5
19935,1833,7,77,298032121.68,4.5
19936,3691,11,323,408460329.04,6.0
19937,3839,12,298,333284159.3,4.5
19938,3184,13,218,418743421.09,7.0
19939,1734,8,98,2064569897.31,35.0
19940,4138,11,51,221572827.96,3.0
19941,92,9,85,418631608.26,5.4
19942,832,15,78,398023006.03,7.0
19943,574,1,141,202706265.66,3.0
19944,375,13,44,1182596951.69,17.5
19945,4052,1,289,98646688.32,1.5
19946,472,13,287,216625870.25,3.5
19947,3307,9,324,1099248155.13,14.4
19948,2234,5,279,199613993.57,2.5
19949,1253,2,145,209213908.62,3.5
19950,636,4,115,290247600.23,5.0
19951,445,9,68,313079481.95,5.4
19952,3859,5,234,189554921.78,2.5
19953,4175,1,6,318630105.64,4.5
19954,2697,4,48,1999923208.25,25.0
19955,2522,15,202,478266636.84,7.0
19956,1896,14,26,1625042438.83,28.0
19957,2112,12,319,367566229.46,4.5
19958,499,6,162,453819186.53,8.4
19959,947,9,236,229619319.18,3.6
19960,1484,5,88,1306497603.36,20.0
19961,4093,14,75,278152834.8,3.5
19962,389,12,139,584847558.91,9.0
19963,4110,10,196,95213384.61,1.5
19964,4524,11,55,366037909.96,6.0
19965,715,8,333,236397373.36,3.5
19966,4971,2,347,598059168.38,10.5
19967,1173,11,13,1473731161.74,24.0
19968,829,5,266,744259593.71,12.5
19969,1804,13,282,416327046.87,7.0
19970,4161,7,340,1053133291.53,15.0
19971,4902,10,322,294700826.7,4.5
19972,3079,12,254,895257067.72,13.5
19973,1755,6,337,531217891.19,8.4
19974,2325,1,33,405833757.26,7.5
19975,2910,12,321,497512111.71,9.0
19976,4572,5,38,538350034.0,7.5
19977,4768,5,326,441354814.65,7.5
19978,2808,2,98,571919249.66,10.5
19979,105,5,252,585322808.48,7.5
19980,2334,7,320,307036453.31,4.5
19981,4147,9,184,233423426.43,3.6
19982,2184,6,235,281577335.98,4.2
19983,611,2,364,791539438.77,10.5
19984,164,3,297,199415707.19,3.3
19985,1908,11,193,1529389977.65,30.0
19986,3814,2,15,609777485.41,10.5
19987,4264,15,57,445744504.15,7.0
19988,428,5,93,794352311.94,12.5
19989,3365,12,127,263562513.51,4.5
19990,200,6,170,271854925.21,4.2
19991,2052,1,71,73707713.4,1.5
19992,4999,10,45,109031928.48,1.5
19993,328,13,208,734694188.28,10.5
19994,2396,9,279,119647712.12,1.8
19995,3027,3,345,450107905.12,6.6
19996,1228,6,269,281723924.15,4.2
19997,4195,14,266,174851227.27,3.5
19998,3005,13,256,202314398.87,3.5
19999,4148,11,297,521831204.6,6.0
20000,418,10,7,427401885.16,7.5
